"geno","env","loc","year","rep","block","row","col","variety","design_class","target_n","plot_id","yield","disease","height","heading","yld","family","sire","dam"
"G37","Y1_L1","L1","Y1","1","B1",3,2,"G37","fullrep_MET",1000,1,6.6598792652289,22.7125174537453,26.9405151342965,112.924828038862,6.6598792652289,"F004","P1","P71"
"G50","Y1_L1","L1","Y1","1","B3",7,1,"G50","fullrep_MET",1000,2,6.54420390811794,36.1965023930131,25.1613836730554,110.670288291421,6.54420390811794,"F005","P1","P46"
"G30","Y1_L1","L1","Y1","1","B3",6,7,"G30","fullrep_MET",1000,3,7.18911121989488,24.5145005282464,26.5673093347511,107.277962404294,7.18911121989488,"F003","P1","P24"
"G25","Y1_L1","L1","Y1","1","B2",5,5,"G25","fullrep_MET",1000,4,9.5,34.6910810138682,32.1110406385128,90.3392017399911,9.5,"F003","P1","P24"
"G36","Y1_L1","L1","Y1","1","B2",5,1,"G36","fullrep_MET",1000,5,7.69391488955924,39.4615001141286,27.2518918421296,95.5821516259688,7.69391488955924,"F004","P1","P71"
"G4","Y1_L1","L1","Y1","1","B1",1,8,"G4","fullrep_MET",1000,6,6.29034126295104,25.5686347292212,27.9988077093488,99.7654645109272,6.29034126295104,"F001","P1","P32"
"G13","Y1_L1","L1","Y1","1","B1",1,5,"G13","fullrep_MET",1000,7,8.79084289534957,22.8415766397153,32.2736706320817,113.535441571961,8.79084289534957,"F002","P1","P36"
"G45","Y1_L1","L1","Y1","1","B1",2,5,"G45","fullrep_MET",1000,8,6.14954988082793,19.6905882423988,27.525206693146,93.9969143876182,6.14954988082793,"F005","P1","P46"
"G3","Y1_L1","L1","Y1","1","B1",3,1,"G3","fullrep_MET",1000,9,6.28422621065505,26.0102228872257,25.1388561763111,98.6920928914324,6.28422621065505,"F001","P1","P32"
"G33","Y1_L1","L1","Y1","1","B1",3,3,"G33","fullrep_MET",1000,10,7.43541462976149,28.1600251844535,29.1180418295185,115.820469664731,7.43541462976149,"F004","P1","P71"
"G34","Y1_L1","L1","Y1","1","B2",4,8,"G34","fullrep_MET",1000,11,5.85024717396545,34.0255798187062,31.9083739557063,112.88490550331,5.85024717396545,"F004","P1","P71"
"G29","Y1_L1","L1","Y1","1","B1",1,2,"G29","fullrep_MET",1000,12,8.40434323909369,16.1157899189956,29.2052998258523,105.199563341424,8.40434323909369,"F003","P1","P24"
"G7","Y1_L1","L1","Y1","1","B2",5,4,"G7","fullrep_MET",1000,13,6.07474028892526,23.6394938221513,32.1300920562094,105.622933928932,6.07474028892526,"F001","P1","P32"
"G5","Y1_L1","L1","Y1","1","B2",3,6,"G5","fullrep_MET",1000,14,8.50160281445027,26.2818301652514,29.4950782465008,91.2085800363461,8.50160281445027,"F001","P1","P32"
"G12","Y1_L1","L1","Y1","1","B1",2,7,"G12","fullrep_MET",1000,15,6.96652553430658,37.444219053744,33.6661238584932,96.3801185396265,6.96652553430658,"F002","P1","P36"
"G42","Y1_L1","L1","Y1","1","B2",5,2,"G42","fullrep_MET",1000,16,5.68586992690501,30.1359892482826,29.3535703235824,92.8974371038984,5.68586992690501,"F005","P1","P46"
"G17","Y1_L1","L1","Y1","1","B1",3,4,"G17","fullrep_MET",1000,17,6.49116350264701,33.9144781380453,27.3931654173523,95.5526936857131,6.49116350264701,"F002","P1","P36"
"G14","Y1_L1","L1","Y1","1","B1",1,1,"G14","fullrep_MET",1000,18,7.71761799048139,25.3727529853447,26.3087178953094,101.278202372958,7.71761799048139,"F002","P1","P36"
"G8","Y1_L1","L1","Y1","1","B2",4,5,"G8","fullrep_MET",1000,19,6.95251710391085,22.4665012589824,28.3605138621168,104.734494301485,6.95251710391085,"F001","P1","P32"
"G21","Y1_L1","L1","Y1","1","B3",6,2,"G21","fullrep_MET",1000,20,8.12262246007826,23.8190064283462,26.6561902544882,101.483988397922,8.12262246007826,"F003","P1","P24"
"G16","Y1_L1","L1","Y1","1","B1",2,2,"G16","fullrep_MET",1000,21,9.5,24.3497800069828,33.3738659837402,116.445760264334,9.5,"F002","P1","P36"
"G6","Y1_L1","L1","Y1","1","B2",4,4,"G6","fullrep_MET",1000,22,5.60731051120127,40.1108372173968,25.4354134055304,105.058935724878,5.60731051120127,"F001","P1","P32"
"G38","Y1_L1","L1","Y1","1","B1",1,4,"G38","fullrep_MET",1000,23,7.511492821886,21.3243598904413,27.0780914350435,106.267493695372,7.511492821886,"F004","P1","P71"
"G9","Y1_L1","L1","Y1","1","B1",2,8,"G9","fullrep_MET",1000,24,7.27875793628836,26.0889769326537,25.9141014670844,101.071885473832,7.27875793628836,"F001","P1","P32"
"G40","Y1_L1","L1","Y1","1","B1",1,3,"G40","fullrep_MET",1000,25,7.40891962206876,30.1339759944276,28.0847705460121,106.497010126654,7.40891962206876,"F004","P1","P71"
"G27","Y1_L1","L1","Y1","1","B2",5,7,"G27","fullrep_MET",1000,26,6.24329254194278,31.5001776712284,27.2773084226447,92.6416531763167,6.24329254194278,"F003","P1","P24"
"G2","Y1_L1","L1","Y1","1","B1",2,4,"G2","fullrep_MET",1000,27,6.21814833987319,35.347268761171,25.5305888312157,85.5698550109561,6.21814833987319,"F001","P1","P32"
"G26","Y1_L1","L1","Y1","1","B2",4,3,"G26","fullrep_MET",1000,28,6.53546118165979,23.4424443279654,25,91.736006937351,6.53546118165979,"F003","P1","P24"
"G46","Y1_L1","L1","Y1","1","B3",6,6,"G46","fullrep_MET",1000,29,6.82685631478555,21.9584260655606,29.6006265657833,100.611988810225,6.82685631478555,"F005","P1","P46"
"G35","Y1_L1","L1","Y1","1","B1",2,3,"G35","fullrep_MET",1000,30,6.74558346114756,33.8740013304058,25.1523688478337,100.599687920062,6.74558346114756,"F004","P1","P71"
"G19","Y1_L1","L1","Y1","1","B2",4,6,"G19","fullrep_MET",1000,31,7.0068178760531,42.8330121543451,32.1867146641999,98.2626360156934,7.0068178760531,"F002","P1","P36"
"G15","Y1_L1","L1","Y1","1","B2",3,5,"G15","fullrep_MET",1000,32,9.33160948817191,36.2684048930256,29.702019011063,104.505343174813,9.33160948817191,"F002","P1","P36"
"G11","Y1_L1","L1","Y1","1","B3",7,2,"G11","fullrep_MET",1000,33,9.08199002423898,35.0701519371579,30.5032088668779,95.1227186317757,9.08199002423898,"F002","P1","P36"
"G48","Y1_L1","L1","Y1","1","B2",4,2,"G48","fullrep_MET",1000,34,7.09686755024639,31.1566336434571,29.5054750469609,100.350709141467,7.09686755024639,"F005","P1","P46"
"G28","Y1_L1","L1","Y1","1","B2",5,6,"G28","fullrep_MET",1000,35,8.23544380889871,38.5456723509995,32.3625184372785,83.1338200272224,8.23544380889871,"F003","P1","P24"
"G32","Y1_L1","L1","Y1","1","B3",6,5,"G32","fullrep_MET",1000,36,6.55194110032256,37.5909027694402,30.1543948482383,109.959567431075,6.55194110032256,"F004","P1","P71"
"G44","Y1_L1","L1","Y1","1","B3",6,3,"G44","fullrep_MET",1000,37,7.40793524677708,25.5826995354148,25,103.63684895265,7.40793524677708,"F005","P1","P46"
"G20","Y1_L1","L1","Y1","1","B2",5,8,"G20","fullrep_MET",1000,38,8.27558374185055,31.3312225199658,34.1522172866823,111.390900350365,8.27558374185055,"F002","P1","P36"
"G39","Y1_L1","L1","Y1","1","B3",6,4,"G39","fullrep_MET",1000,39,7.28176368658283,28.8927084404676,30.4028603222066,101.936369202877,7.28176368658283,"F004","P1","P71"
"G41","Y1_L1","L1","Y1","1","B3",6,1,"G41","fullrep_MET",1000,40,6.86856897191178,28.7075392791573,27.3947531585346,101.374685947071,6.86856897191178,"F005","P1","P46"
"G31","Y1_L1","L1","Y1","1","B2",3,7,"G31","fullrep_MET",1000,41,7.64600222914888,23.9740244247882,29.6760733894282,94.3690776104246,7.64600222914888,"F004","P1","P71"
"G1","Y1_L1","L1","Y1","1","B1",1,6,"G1","fullrep_MET",1000,42,4.66384072001487,19.6093608706084,26.3757549617245,98.1216809914595,4.66384072001487,"F001","P1","P32"
"G49","Y1_L1","L1","Y1","1","B1",2,1,"G49","fullrep_MET",1000,43,7.17391335974789,28.129987689411,26.9350702537809,107.20848425631,7.17391335974789,"F005","P1","P46"
"G23","Y1_L1","L1","Y1","1","B3",6,8,"G23","fullrep_MET",1000,44,7.14925257439711,34.6582032421385,26.7209624779221,89.5100918528776,7.14925257439711,"F003","P1","P24"
"G24","Y1_L1","L1","Y1","1","B2",3,8,"G24","fullrep_MET",1000,45,5.03902719753674,36.3330237916297,25,93.0575666973501,5.03902719753674,"F003","P1","P24"
"G10","Y1_L1","L1","Y1","1","B1",2,6,"G10","fullrep_MET",1000,46,6.8275648072094,29.7780386297485,31.9210846981239,97.8843004826149,6.8275648072094,"F001","P1","P32"
"G43","Y1_L1","L1","Y1","1","B1",1,7,"G43","fullrep_MET",1000,47,6.93130963418906,33.5515961994198,31.5561527539294,90.7697509518624,6.93130963418906,"F005","P1","P46"
"G22","Y1_L1","L1","Y1","1","B2",5,3,"G22","fullrep_MET",1000,48,7.33688329678255,32.9010339478771,25,95.7132944355624,7.33688329678255,"F003","P1","P24"
"G18","Y1_L1","L1","Y1","1","B2",4,1,"G18","fullrep_MET",1000,49,7.17039713953465,42.1128130352716,31.9106427906331,101.314166258386,7.17039713953465,"F002","P1","P36"
"G47","Y1_L1","L1","Y1","1","B2",4,7,"G47","fullrep_MET",1000,50,6.94343238533006,31.7263634351902,25,95.5452663006719,6.94343238533006,"F005","P1","P46"
"G37","Y1_L1","L1","Y1","2","B1",1,8,"G37","fullrep_MET",1000,51,6.48434812850335,23.7761995652813,29.8784065876042,113.48248072287,6.48434812850335,"F004","P1","P71"
"G9","Y1_L1","L1","Y1","2","B2",5,4,"G9","fullrep_MET",1000,52,5.68814572013259,35.78820128642,29.2609453148913,102.552294981235,5.68814572013259,"F001","P1","P32"
"G4","Y1_L1","L1","Y1","2","B3",7,1,"G4","fullrep_MET",1000,53,8.59526096683924,31.7333019529372,29.7127191406092,97.4265113598506,8.59526096683924,"F001","P1","P32"
"G28","Y1_L1","L1","Y1","2","B1",2,1,"G28","fullrep_MET",1000,54,7.60794130067866,29.4058888105698,30.4218119560205,92.5776011331956,7.60794130067866,"F003","P1","P24"
"G29","Y1_L1","L1","Y1","2","B1",1,5,"G29","fullrep_MET",1000,55,8.86022150442804,15.8077612699516,28.4508432207623,98.0581615723329,8.86022150442804,"F003","P1","P24"
"G22","Y1_L1","L1","Y1","2","B2",3,7,"G22","fullrep_MET",1000,56,6.0851391760417,39.1017738717544,25.6140387804974,96.3144342539475,6.0851391760417,"F003","P1","P24"
"G5","Y1_L1","L1","Y1","2","B1",3,2,"G5","fullrep_MET",1000,57,6.59921967877699,23.5888168084812,30.898071115971,95.0364013635068,6.59921967877699,"F001","P1","P32"
"G2","Y1_L1","L1","Y1","2","B3",6,2,"G2","fullrep_MET",1000,58,6.90292588338972,40.508320857319,29.0417918864944,84.6730765554361,6.90292588338972,"F001","P1","P32"
"G18","Y1_L1","L1","Y1","2","B3",6,7,"G18","fullrep_MET",1000,59,7.4196730095356,41.45637359286,32.1394019309217,96.0183302416625,7.4196730095356,"F002","P1","P36"
"G40","Y1_L1","L1","Y1","2","B3",7,2,"G40","fullrep_MET",1000,60,7.67080096463154,41.2991037160225,32.3922874787738,111.396778388425,7.67080096463154,"F004","P1","P71"
"G12","Y1_L1","L1","Y1","2","B2",5,6,"G12","fullrep_MET",1000,61,7.09283474221161,47.1442226604723,31.8768022659123,101.763141204197,7.09283474221161,"F002","P1","P36"
"G45","Y1_L1","L1","Y1","2","B2",4,8,"G45","fullrep_MET",1000,62,4.13117464477009,26.2982577349556,31.0480769916705,80.0719850037223,4.13117464477009,"F005","P1","P46"
"G50","Y1_L1","L1","Y1","2","B1",2,2,"G50","fullrep_MET",1000,63,6.62502608652162,26.802684448587,29.6386757718171,113.899577591264,6.62502608652162,"F005","P1","P46"
"G27","Y1_L1","L1","Y1","2","B2",5,3,"G27","fullrep_MET",1000,64,7.25188661143765,37.2907112894639,28.1715050852287,80.3309864106671,7.25188661143765,"F003","P1","P24"
"G20","Y1_L1","L1","Y1","2","B2",5,2,"G20","fullrep_MET",1000,65,6.88261240684414,36.5393072716659,36.2965214770956,100.285006595505,6.88261240684414,"F002","P1","P36"
"G47","Y1_L1","L1","Y1","2","B3",6,1,"G47","fullrep_MET",1000,66,6.50476648236411,31.1649187759523,25.1688570571578,99.224771057475,6.50476648236411,"F005","P1","P46"
"G33","Y1_L1","L1","Y1","2","B1",1,1,"G33","fullrep_MET",1000,67,7.83607742018176,33.6376203799991,29.3706899046821,100.130348023652,7.83607742018176,"F004","P1","P71"
"G26","Y1_L1","L1","Y1","2","B3",6,6,"G26","fullrep_MET",1000,68,5.98934876227992,22.3785736607759,26.5505639953996,92.2739994804326,5.98934876227992,"F003","P1","P24"
"G1","Y1_L1","L1","Y1","2","B2",5,5,"G1","fullrep_MET",1000,69,5.9573408311867,30.0534934701193,28.1973711844889,87.1717342086785,5.9573408311867,"F001","P1","P32"
"G13","Y1_L1","L1","Y1","2","B2",3,8,"G13","fullrep_MET",1000,70,8.74054389356267,27.5476513224117,34.7231258231229,117.230664593895,8.74054389356267,"F002","P1","P36"
"G3","Y1_L1","L1","Y1","2","B3",6,3,"G3","fullrep_MET",1000,71,7.33571288448655,31.5949058940518,30.2890464704893,109.256087303885,7.33571288448655,"F001","P1","P32"
"G11","Y1_L1","L1","Y1","2","B1",2,5,"G11","fullrep_MET",1000,72,8.65832265857686,31.9975316849004,34.6256590612538,99.5821708658754,8.65832265857686,"F002","P1","P36"
"G32","Y1_L1","L1","Y1","2","B1",2,6,"G32","fullrep_MET",1000,73,6.91018152879489,39.0055239529967,31.4490330801227,107.994371650243,6.91018152879489,"F004","P1","P71"
"G25","Y1_L1","L1","Y1","2","B1",3,3,"G25","fullrep_MET",1000,74,8.4766347498581,27.8635815435781,27.6367483301277,103.844559307501,8.4766347498581,"F003","P1","P24"
"G14","Y1_L1","L1","Y1","2","B2",5,8,"G14","fullrep_MET",1000,75,7.14628516628477,33.4819696097417,27.4043087912603,101.424119895894,7.14628516628477,"F002","P1","P36"
"G41","Y1_L1","L1","Y1","2","B2",4,5,"G41","fullrep_MET",1000,76,6.11201695348129,35.8057258186684,26.4421886151879,97.5040060838674,6.11201695348129,"F005","P1","P46"
"G10","Y1_L1","L1","Y1","2","B1",3,4,"G10","fullrep_MET",1000,77,5.8119423939837,32.3412073208826,31.4926670595923,108.085321676968,5.8119423939837,"F001","P1","P32"
"G46","Y1_L1","L1","Y1","2","B2",4,6,"G46","fullrep_MET",1000,78,6.87076824330583,29.3408746449278,31.9769541021716,95.7163215563758,6.87076824330583,"F005","P1","P46"
"G19","Y1_L1","L1","Y1","2","B3",6,5,"G19","fullrep_MET",1000,79,6.68584261936006,38.7730152993819,33.7634423721507,95.071051708787,6.68584261936006,"F002","P1","P36"
"G24","Y1_L1","L1","Y1","2","B2",3,5,"G24","fullrep_MET",1000,80,7.51046436623672,41.1254008576601,25,98.6486282580993,7.51046436623672,"F003","P1","P24"
"G8","Y1_L1","L1","Y1","2","B1",2,7,"G8","fullrep_MET",1000,81,9.4881243949971,20.7598658979154,33.8108348444532,94.8099187996387,9.4881243949971,"F001","P1","P32"
"G48","Y1_L1","L1","Y1","2","B1",2,4,"G48","fullrep_MET",1000,82,6.2227526214454,27.5705291475762,25.907086440737,105.236491394642,6.2227526214454,"F005","P1","P46"
"G21","Y1_L1","L1","Y1","2","B2",4,7,"G21","fullrep_MET",1000,83,6.20953742758343,32.9883743006506,28.776467321732,92.3913437846093,6.20953742758343,"F003","P1","P24"
"G44","Y1_L1","L1","Y1","2","B1",3,1,"G44","fullrep_MET",1000,84,6.91848939233165,27.0696513633129,25,106.623465005805,6.91848939233165,"F005","P1","P46"
"G35","Y1_L1","L1","Y1","2","B1",1,6,"G35","fullrep_MET",1000,85,6.04523684421721,28.2874389992204,25,97.0972773146079,6.04523684421721,"F004","P1","P71"
"G6","Y1_L1","L1","Y1","2","B2",5,7,"G6","fullrep_MET",1000,86,6.7834133762724,44.567960207471,27.9405879926067,104.515527158082,6.7834133762724,"F001","P1","P32"
"G17","Y1_L1","L1","Y1","2","B1",2,3,"G17","fullrep_MET",1000,87,6.33059033127441,33.5433826716478,29.3632817553698,90.9566908892932,6.33059033127441,"F002","P1","P36"
"G30","Y1_L1","L1","Y1","2","B1",1,3,"G30","fullrep_MET",1000,88,9.02233791515543,19.9825851484119,27.1303421548427,110.773902582856,9.02233791515543,"F003","P1","P24"
"G23","Y1_L1","L1","Y1","2","B2",4,3,"G23","fullrep_MET",1000,89,7.38324492866772,32.5540511740625,25.8349110663548,80,7.38324492866772,"F003","P1","P24"
"G15","Y1_L1","L1","Y1","2","B3",6,8,"G15","fullrep_MET",1000,90,6.89048279858902,38.8992525757766,32.8520938353864,100.803566707322,6.89048279858902,"F002","P1","P36"
"G16","Y1_L1","L1","Y1","2","B2",3,6,"G16","fullrep_MET",1000,91,8.8141358182539,34.300871171563,35.7394204968271,114.325957326707,8.8141358182539,"F002","P1","P36"
"G38","Y1_L1","L1","Y1","2","B2",4,1,"G38","fullrep_MET",1000,92,7.41638392025953,34.2892902131079,29.4166264173507,110.760995068718,7.41638392025953,"F004","P1","P71"
"G7","Y1_L1","L1","Y1","2","B2",4,2,"G7","fullrep_MET",1000,93,6.66023216386766,25.6278921963495,30.8792735860713,98.8962214050388,6.66023216386766,"F001","P1","P32"
"G43","Y1_L1","L1","Y1","2","B1",1,4,"G43","fullrep_MET",1000,94,7.40130111898747,34.7313598804414,30.1306405246495,95.3219097401811,7.40130111898747,"F005","P1","P46"
"G36","Y1_L1","L1","Y1","2","B2",4,4,"G36","fullrep_MET",1000,95,7.4385411856942,39.8306575499928,28.9518802988542,102.702691915203,7.4385411856942,"F004","P1","P71"
"G39","Y1_L1","L1","Y1","2","B1",1,2,"G39","fullrep_MET",1000,96,6.54140467184522,29.4902413429965,31.1176888045886,97.3821341100347,6.54140467184522,"F004","P1","P71"
"G49","Y1_L1","L1","Y1","2","B2",5,1,"G49","fullrep_MET",1000,97,6.42088159979384,39.8967372808069,30.4545594227066,109.240225697625,6.42088159979384,"F005","P1","P46"
"G42","Y1_L1","L1","Y1","2","B1",1,7,"G42","fullrep_MET",1000,98,5.33383421640468,25.00242012422,28.5454211712309,91.6595441189647,5.33383421640468,"F005","P1","P46"
"G34","Y1_L1","L1","Y1","2","B3",6,4,"G34","fullrep_MET",1000,99,5.19780383551889,35.6517520836743,31.6239684487671,109.837131643414,5.19780383551889,"F004","P1","P71"
"G31","Y1_L1","L1","Y1","2","B1",2,8,"G31","fullrep_MET",1000,100,8.335308244566,33.3901609028514,30.3418142844303,89.4456749996517,8.335308244566,"F004","P1","P71"
"G8","Y2_L1","L1","Y2","1","B1",3,4,"G8","fullrep_MET",1000,101,6.30173499187501,26.8827971874649,29.3670953595978,90.2901492924001,6.30173499187501,"F001","P1","P32"
"G3","Y2_L1","L1","Y2","1","B1",2,4,"G3","fullrep_MET",1000,102,6.87776860626954,29.9924299617217,32.1895075130223,88.9909551043392,6.87776860626954,"F001","P1","P32"
"G45","Y2_L1","L1","Y2","1","B1",1,1,"G45","fullrep_MET",1000,103,5.11776367889012,35.0615695763637,32.322840647269,99.0048387495754,5.11776367889012,"F005","P1","P46"
"G46","Y2_L1","L1","Y2","1","B1",1,4,"G46","fullrep_MET",1000,104,7.60181492750721,31.7770950950733,31.5859244638179,95.5554821348428,7.60181492750721,"F005","P1","P46"
"G40","Y2_L1","L1","Y2","1","B2",3,7,"G40","fullrep_MET",1000,105,6.79700393280296,47.2457321049071,28.2542567299604,117.79738402394,6.79700393280296,"F004","P1","P71"
"G24","Y2_L1","L1","Y2","1","B2",5,3,"G24","fullrep_MET",1000,106,6.23215237476602,51.6752446993683,28.1792471697955,90.4717777784522,6.23215237476602,"F003","P1","P24"
"G10","Y2_L1","L1","Y2","1","B3",7,2,"G10","fullrep_MET",1000,107,8.68559188539272,39.9391088455342,34.3187488120804,110.551612591458,8.68559188539272,"F001","P1","P32"
"G27","Y2_L1","L1","Y2","1","B1",2,8,"G27","fullrep_MET",1000,108,5.58486245092084,34.7795275944245,27.8725355159856,88.3886634873784,5.58486245092084,"F003","P1","P24"
"G35","Y2_L1","L1","Y2","1","B1",1,3,"G35","fullrep_MET",1000,109,6.46886698113856,41.6838522174753,26.4411539564239,91.4215320170755,6.46886698113856,"F004","P1","P71"
"G32","Y2_L1","L1","Y2","1","B2",5,6,"G32","fullrep_MET",1000,110,8.07733768895009,47.169469739859,33.9715370706751,118.104032546171,8.07733768895009,"F004","P1","P71"
"G9","Y2_L1","L1","Y2","1","B2",3,5,"G9","fullrep_MET",1000,111,5.86633751232345,43.5572204574348,33.4680686754727,93.5817210916048,5.86633751232345,"F001","P1","P32"
"G28","Y2_L1","L1","Y2","1","B2",5,7,"G28","fullrep_MET",1000,112,7.26014955221075,45.9886331615322,32.5977830491776,90.3809865354769,7.26014955221075,"F003","P1","P24"
"G50","Y2_L1","L1","Y2","1","B1",3,1,"G50","fullrep_MET",1000,113,5.8327919476644,30.1058262608816,28.6545133398379,104.936442895608,5.8327919476644,"F005","P1","P46"
"G18","Y2_L1","L1","Y2","1","B1",2,1,"G18","fullrep_MET",1000,114,9.5,44.1297797174884,31.0659071808982,95.4145343932995,9.5,"F002","P1","P36"
"G17","Y2_L1","L1","Y2","1","B1",1,8,"G17","fullrep_MET",1000,115,7.08812587924954,38.0008660976478,27.6460882179991,92.4201493000289,7.08812587924954,"F002","P1","P36"
"G16","Y2_L1","L1","Y2","1","B2",3,6,"G16","fullrep_MET",1000,116,9.19953697894321,35.4760748176616,34.9208422411685,97.6867295918865,9.19953697894321,"F002","P1","P36"
"G41","Y2_L1","L1","Y2","1","B3",6,6,"G41","fullrep_MET",1000,117,7.38660612195072,37.6891451644883,32.1217066258778,87.5226396530169,7.38660612195072,"F005","P1","P46"
"G20","Y2_L1","L1","Y2","1","B3",6,2,"G20","fullrep_MET",1000,118,8.54241791009761,41.7275061163747,33.4622924160145,115.557315205414,8.54241791009761,"F002","P1","P36"
"G23","Y2_L1","L1","Y2","1","B2",4,2,"G23","fullrep_MET",1000,119,6.7616612091296,37.2702749465346,28.8283462418679,89.1351655061622,6.7616612091296,"F003","P1","P24"
"G25","Y2_L1","L1","Y2","1","B1",2,6,"G25","fullrep_MET",1000,120,6.35539738681975,37.6066739171777,27.7917609867875,96.9693454874615,6.35539738681975,"F003","P1","P24"
"G37","Y2_L1","L1","Y2","1","B2",5,1,"G37","fullrep_MET",1000,121,5.55037320111669,34.0686297481205,30.5334565686067,107.217702682657,5.55037320111669,"F004","P1","P71"
"G34","Y2_L1","L1","Y2","1","B2",5,4,"G34","fullrep_MET",1000,122,6.29149937795343,34.2452088437457,33.3602785365323,108.897796077224,6.29149937795343,"F004","P1","P71"
"G15","Y2_L1","L1","Y2","1","B2",4,5,"G15","fullrep_MET",1000,123,7.95346820105207,43.0598376297566,29.5489116397165,92.7057952807889,7.95346820105207,"F002","P1","P36"
"G43","Y2_L1","L1","Y2","1","B1",1,5,"G43","fullrep_MET",1000,124,6.81600392635156,46.5424500056117,25.3617097195162,96.7204781454924,6.81600392635156,"F005","P1","P46"
"G6","Y2_L1","L1","Y2","1","B2",4,6,"G6","fullrep_MET",1000,125,6.3728131134847,48.094601798791,27.1063853278161,96.8127556674698,6.3728131134847,"F001","P1","P32"
"G42","Y2_L1","L1","Y2","1","B1",1,2,"G42","fullrep_MET",1000,126,5.1526946902988,34.9112479652933,33.9689814557545,105.005488866526,5.1526946902988,"F005","P1","P46"
"G19","Y2_L1","L1","Y2","1","B2",5,2,"G19","fullrep_MET",1000,127,7.7979105464844,51.4871667922097,32.0556989045313,86.36340036494,7.7979105464844,"F002","P1","P36"
"G33","Y2_L1","L1","Y2","1","B2",4,4,"G33","fullrep_MET",1000,128,7.8482408188117,47.1988091904422,28.6069512409114,100.878095086795,7.8482408188117,"F004","P1","P71"
"G44","Y2_L1","L1","Y2","1","B3",6,3,"G44","fullrep_MET",1000,129,5.73482417515566,37.950272246385,31.8616442223994,100.846060729636,5.73482417515566,"F005","P1","P46"
"G49","Y2_L1","L1","Y2","1","B1",2,5,"G49","fullrep_MET",1000,130,7.16261906940918,42.1024441216634,26.2969999902874,101.386111793377,7.16261906940918,"F005","P1","P46"
"G5","Y2_L1","L1","Y2","1","B1",2,2,"G5","fullrep_MET",1000,131,4.8858303225455,26.5712255478898,29.8189183763351,99.388294496877,4.8858303225455,"F001","P1","P32"
"G22","Y2_L1","L1","Y2","1","B3",6,8,"G22","fullrep_MET",1000,132,6.39486504129499,38.5111270217583,25,93.3449305282839,6.39486504129499,"F003","P1","P24"
"G12","Y2_L1","L1","Y2","1","B1",2,7,"G12","fullrep_MET",1000,133,6.59181660244699,37.1411859111171,31.1599478690108,110.545254504037,6.59181660244699,"F002","P1","P36"
"G7","Y2_L1","L1","Y2","1","B2",4,1,"G7","fullrep_MET",1000,134,6.8904348670728,32.6707182960687,33.1292385906474,95.7520555532737,6.8904348670728,"F001","P1","P32"
"G30","Y2_L1","L1","Y2","1","B3",6,7,"G30","fullrep_MET",1000,135,7.638045394349,29.771220282463,31.083911389273,107.804809812481,7.638045394349,"F003","P1","P24"
"G48","Y2_L1","L1","Y2","1","B3",6,1,"G48","fullrep_MET",1000,136,7.2777378032546,43.4161577128497,29.9236339114321,112.977711987329,7.2777378032546,"F005","P1","P46"
"G11","Y2_L1","L1","Y2","1","B2",4,8,"G11","fullrep_MET",1000,137,7.5118642025176,41.825120408319,34.7869913929542,103.549500943343,7.5118642025176,"F002","P1","P36"
"G31","Y2_L1","L1","Y2","1","B1",1,6,"G31","fullrep_MET",1000,138,6.35687698196852,30.2012923951023,29.9935504239456,99.1161090309623,6.35687698196852,"F004","P1","P71"
"G13","Y2_L1","L1","Y2","1","B3",7,1,"G13","fullrep_MET",1000,139,8.14426828012053,35.7370243152484,36.9444470128696,113.918271643486,8.14426828012053,"F002","P1","P36"
"G36","Y2_L1","L1","Y2","1","B1",2,3,"G36","fullrep_MET",1000,140,7.31039759874157,38.4051156172736,32.6666264044672,104.820413632314,7.31039759874157,"F004","P1","P71"
"G2","Y2_L1","L1","Y2","1","B2",5,5,"G2","fullrep_MET",1000,141,6.58552788997271,47.5960246776212,31.9675487360821,96.2479294830306,6.58552788997271,"F001","P1","P32"
"G21","Y2_L1","L1","Y2","1","B1",1,7,"G21","fullrep_MET",1000,142,6.11349148784115,24.9003897444399,25.1348723370619,97.5302753846467,6.11349148784115,"F003","P1","P24"
"G1","Y2_L1","L1","Y2","1","B2",4,3,"G1","fullrep_MET",1000,143,5.2314690422511,35.5836084183253,27.1554029193894,104.765663958488,5.2314690422511,"F001","P1","P32"
"G39","Y2_L1","L1","Y2","1","B3",6,5,"G39","fullrep_MET",1000,144,7.14542853545525,50.4061881700962,30.2522277096609,110.219587190025,7.14542853545525,"F004","P1","P71"
"G29","Y2_L1","L1","Y2","1","B2",5,8,"G29","fullrep_MET",1000,145,7.53000013168668,30.7640828253328,32.6856985196485,94.4736159555378,7.53000013168668,"F003","P1","P24"
"G38","Y2_L1","L1","Y2","1","B2",3,8,"G38","fullrep_MET",1000,146,7.04133219626114,36.1834134577262,29.8285109587995,110.253525820288,7.04133219626114,"F004","P1","P71"
"G26","Y2_L1","L1","Y2","1","B1",3,2,"G26","fullrep_MET",1000,147,7.5857185822069,25.0138929886838,25,94.2072297358777,7.5857185822069,"F003","P1","P24"
"G47","Y2_L1","L1","Y2","1","B2",4,7,"G47","fullrep_MET",1000,148,6.87698314355933,34.4394867520008,25,93.9808404161443,6.87698314355933,"F005","P1","P46"
"G14","Y2_L1","L1","Y2","1","B3",6,4,"G14","fullrep_MET",1000,149,6.42870955661699,41.3309344276375,28.3867396885695,114.904942677691,6.42870955661699,"F002","P1","P36"
"G4","Y2_L1","L1","Y2","1","B1",3,3,"G4","fullrep_MET",1000,150,6.56866308833778,33.3011227913309,30.8154331488267,96.7116435458704,6.56866308833778,"F001","P1","P32"
"G20","Y2_L1","L1","Y2","2","B3",6,4,"G20","fullrep_MET",1000,151,7.10503641002593,37.8437037702298,35.6277031203745,107.938260251429,7.10503641002593,"F002","P1","P36"
"G33","Y2_L1","L1","Y2","2","B2",5,8,"G33","fullrep_MET",1000,152,6.33969242577544,42.7398415549573,31.1781300514028,97.005920594761,6.33969242577544,"F004","P1","P71"
"G41","Y2_L1","L1","Y2","2","B1",1,7,"G41","fullrep_MET",1000,153,7.414661366518,26.7398977424849,27.3112422631288,94.2445844148845,7.414661366518,"F005","P1","P46"
"G1","Y2_L1","L1","Y2","2","B3",6,6,"G1","fullrep_MET",1000,154,6.84510774705673,38.5376565057506,28.0996904871643,108.944557806025,6.84510774705673,"F001","P1","P32"
"G11","Y2_L1","L1","Y2","2","B1",2,4,"G11","fullrep_MET",1000,155,8.86585295071749,37.9634555434653,31.5703875135599,92.2700219167025,8.86585295071749,"F002","P1","P36"
"G9","Y2_L1","L1","Y2","2","B3",7,2,"G9","fullrep_MET",1000,156,7.89386286370395,37.6137204974573,34.2544769183787,102.757028752563,7.89386286370395,"F001","P1","P32"
"G47","Y2_L1","L1","Y2","2","B1",2,5,"G47","fullrep_MET",1000,157,8.02035570239588,22.7756992893139,26.1557676569965,83.9250436303196,8.02035570239588,"F005","P1","P46"
"G15","Y2_L1","L1","Y2","2","B2",4,3,"G15","fullrep_MET",1000,158,6.70063682437024,37.5788946609771,32.1606044993529,87.1567188225112,6.70063682437024,"F002","P1","P36"
"G7","Y2_L1","L1","Y2","2","B2",5,1,"G7","fullrep_MET",1000,159,6.52681693405535,32.698338879495,29.6624542004921,90.047177584464,6.52681693405535,"F001","P1","P32"
"G46","Y2_L1","L1","Y2","2","B2",5,3,"G46","fullrep_MET",1000,160,7.31850597341618,29.7666089164196,31.6910739309972,93.215377035,7.31850597341618,"F005","P1","P46"
"G48","Y2_L1","L1","Y2","2","B2",4,2,"G48","fullrep_MET",1000,161,7.08921118238138,33.6068416233126,27.4290109182608,106.904660303091,7.08921118238138,"F005","P1","P46"
"G4","Y2_L1","L1","Y2","2","B2",4,8,"G4","fullrep_MET",1000,162,6.24116999542494,35.2647651203011,28.7236521697165,94.2760553490964,6.24116999542494,"F001","P1","P32"
"G3","Y2_L1","L1","Y2","2","B2",4,7,"G3","fullrep_MET",1000,163,6.90275716085678,37.432237657296,29.0352621451137,87.5448025566104,6.90275716085678,"F001","P1","P32"
"G37","Y2_L1","L1","Y2","2","B1",2,2,"G37","fullrep_MET",1000,164,6.42285151754927,27.7175120443241,28.7387945201641,99.3233888995784,6.42285151754927,"F004","P1","P71"
"G45","Y2_L1","L1","Y2","2","B1",1,1,"G45","fullrep_MET",1000,165,5.3282375354855,30.8410007499403,33.950227420396,90.4024627868617,5.3282375354855,"F005","P1","P46"
"G2","Y2_L1","L1","Y2","2","B3",6,7,"G2","fullrep_MET",1000,166,7.59199608755532,44.8744595792768,31.2009981393474,92.3530764856972,7.59199608755532,"F001","P1","P32"
"G28","Y2_L1","L1","Y2","2","B2",5,2,"G28","fullrep_MET",1000,167,7.70068860187555,37.1512789191228,32.2695083305784,84.3010953682287,7.70068860187555,"F003","P1","P24"
"G30","Y2_L1","L1","Y2","2","B3",7,1,"G30","fullrep_MET",1000,168,8.57933127359602,36.4821119445955,28.9502083796976,105.331865298508,8.57933127359602,"F003","P1","P24"
"G25","Y2_L1","L1","Y2","2","B1",2,1,"G25","fullrep_MET",1000,169,7.45279264606799,32.9537243844415,28.8767822636539,107.776300171889,7.45279264606799,"F003","P1","P24"
"G14","Y2_L1","L1","Y2","2","B1",2,6,"G14","fullrep_MET",1000,170,5.68615893702498,42.6036295033482,25,94.2355953814172,5.68615893702498,"F002","P1","P36"
"G24","Y2_L1","L1","Y2","2","B3",6,3,"G24","fullrep_MET",1000,171,6.69571357073455,59.8436370238709,25,87.8196202092139,6.69571357073455,"F003","P1","P24"
"G32","Y2_L1","L1","Y2","2","B2",5,6,"G32","fullrep_MET",1000,172,7.40907442629479,41.6719063618571,31.2152102777931,108.389035947988,7.40907442629479,"F004","P1","P71"
"G36","Y2_L1","L1","Y2","2","B1",1,4,"G36","fullrep_MET",1000,173,7.10020306235711,36.1135744062805,31.6381359668217,98.8912277297783,7.10020306235711,"F004","P1","P71"
"G38","Y2_L1","L1","Y2","2","B1",3,3,"G38","fullrep_MET",1000,174,7.26004314746471,35.3751292898993,29.8777606837083,118.906353211367,7.26004314746471,"F004","P1","P71"
"G6","Y2_L1","L1","Y2","2","B2",4,4,"G6","fullrep_MET",1000,175,7.77017993618232,45.9118351379334,25.8738639915862,95.7051223047393,7.77017993618232,"F001","P1","P32"
"G44","Y2_L1","L1","Y2","2","B2",4,5,"G44","fullrep_MET",1000,176,5.42669676381623,38.2802336695993,33.9249443630561,97.5880049084941,5.42669676381623,"F005","P1","P46"
"G27","Y2_L1","L1","Y2","2","B2",5,7,"G27","fullrep_MET",1000,177,6.64468072832687,38.2744780281828,32.9486950683106,97.6580570720064,6.64468072832687,"F003","P1","P24"
"G13","Y2_L1","L1","Y2","2","B2",5,5,"G13","fullrep_MET",1000,178,8.74494603845087,29.4853502648814,35.5498795791422,108.44169536152,8.74494603845087,"F002","P1","P36"
"G19","Y2_L1","L1","Y2","2","B1",1,6,"G19","fullrep_MET",1000,179,7.40702313150059,41.251331939803,28.2508468194545,98.1511055742267,7.40702313150059,"F002","P1","P36"
"G43","Y2_L1","L1","Y2","2","B3",6,5,"G43","fullrep_MET",1000,180,9.5,46.5680475227262,35.021688972732,96.0043373710474,9.5,"F005","P1","P46"
"G18","Y2_L1","L1","Y2","2","B2",3,8,"G18","fullrep_MET",1000,181,7.15021612901232,38.2414240438317,30.5349085006972,90.8169528148458,7.15021612901232,"F002","P1","P36"
"G49","Y2_L1","L1","Y2","2","B3",6,8,"G49","fullrep_MET",1000,182,6.53597592047911,43.3471601989558,27.4280024790258,101.601261914728,6.53597592047911,"F005","P1","P46"
"G12","Y2_L1","L1","Y2","2","B1",3,4,"G12","fullrep_MET",1000,183,7.87697694954894,35.8863041328695,34.1999462241655,96.129470656931,7.87697694954894,"F002","P1","P36"
"G29","Y2_L1","L1","Y2","2","B1",3,1,"G29","fullrep_MET",1000,184,8.79710360792914,28.4065121842888,33.7312098458046,99.1471517484197,8.79710360792914,"F003","P1","P24"
"G8","Y2_L1","L1","Y2","2","B1",2,3,"G8","fullrep_MET",1000,185,7.39577191470752,27.6911312404543,30.3189887211092,101.277506629596,7.39577191470752,"F001","P1","P32"
"G17","Y2_L1","L1","Y2","2","B2",3,5,"G17","fullrep_MET",1000,186,7.45891152358962,33.3198399473416,29.770185327423,83.1282964406158,7.45891152358962,"F002","P1","P36"
"G42","Y2_L1","L1","Y2","2","B2",5,4,"G42","fullrep_MET",1000,187,4.57798261034632,39.757487462138,31.5541748602759,89.5570264368545,4.57798261034632,"F005","P1","P46"
"G31","Y2_L1","L1","Y2","2","B1",1,3,"G31","fullrep_MET",1000,188,7.07175824646183,29.3603946040623,27.4910853297697,98.0727389373465,7.07175824646183,"F004","P1","P71"
"G21","Y2_L1","L1","Y2","2","B1",1,5,"G21","fullrep_MET",1000,189,5.82531488750853,29.0642664031421,30.4373894529765,100.870221467884,5.82531488750853,"F003","P1","P24"
"G35","Y2_L1","L1","Y2","2","B2",4,1,"G35","fullrep_MET",1000,190,4.48241508911888,42.2411251429499,25.6260677654282,80.8887945667708,4.48241508911888,"F004","P1","P71"
"G22","Y2_L1","L1","Y2","2","B2",3,7,"G22","fullrep_MET",1000,191,7.37074669083283,39.1413909772784,25,80.6378613096007,7.37074669083283,"F003","P1","P24"
"G40","Y2_L1","L1","Y2","2","B2",3,6,"G40","fullrep_MET",1000,192,7.34275370005415,44.8645406236742,27.9638868442908,108.964401993695,7.34275370005415,"F004","P1","P71"
"G26","Y2_L1","L1","Y2","2","B1",1,8,"G26","fullrep_MET",1000,193,6.38385999016359,28.9040563656847,25.054824295401,86.3616083572837,6.38385999016359,"F003","P1","P24"
"G10","Y2_L1","L1","Y2","2","B1",2,7,"G10","fullrep_MET",1000,194,7.87564482192395,33.0534785935821,32.1478227213117,98.9367410490098,7.87564482192395,"F001","P1","P32"
"G23","Y2_L1","L1","Y2","2","B1",2,8,"G23","fullrep_MET",1000,195,6.8972239040267,28.4563647129763,28.1469782659122,81.1065890920231,6.8972239040267,"F003","P1","P24"
"G39","Y2_L1","L1","Y2","2","B1",1,2,"G39","fullrep_MET",1000,196,7.3855963374184,43.7875577655032,28.1819053330978,94.9337131570955,7.3855963374184,"F004","P1","P71"
"G34","Y2_L1","L1","Y2","2","B3",6,2,"G34","fullrep_MET",1000,197,6.6261978567733,30.9252964187766,33.840200418015,111.425318304251,6.6261978567733,"F004","P1","P71"
"G5","Y2_L1","L1","Y2","2","B2",4,6,"G5","fullrep_MET",1000,198,6.82216212010452,28.3715117740795,31.3392687766252,89.7957066416382,6.82216212010452,"F001","P1","P32"
"G16","Y2_L1","L1","Y2","2","B1",3,2,"G16","fullrep_MET",1000,199,8.36907708942951,26.6542210278145,40,107.681674737762,8.36907708942951,"F002","P1","P36"
"G50","Y2_L1","L1","Y2","2","B3",6,1,"G50","fullrep_MET",1000,200,6.71646726022034,40.8394080934317,31.5396909222238,104.961264190241,6.71646726022034,"F005","P1","P46"
"G23","Y1_L2","L2","Y1","1","B3",6,7,"G23","fullrep_MET",1000,201,7.37129565745935,32.0089393401193,26.0418523916949,80,7.37129565745935,"F003","P1","P24"
"G44","Y1_L2","L2","Y1","1","B2",4,8,"G44","fullrep_MET",1000,202,7.54586415616804,25.0336907646269,25,83.8917169399902,7.54586415616804,"F005","P1","P46"
"G25","Y1_L2","L2","Y1","1","B2",3,5,"G25","fullrep_MET",1000,203,9.5,36.685165996626,28.2836702648104,80,9.5,"F003","P1","P24"
"G14","Y1_L2","L2","Y1","1","B3",7,2,"G14","fullrep_MET",1000,204,7.35299618667789,31.9105629452236,28.751240109937,105.110602105732,7.35299618667789,"F002","P1","P36"
"G4","Y1_L2","L2","Y1","1","B2",5,2,"G4","fullrep_MET",1000,205,7.37460997765741,30.663298512748,26.5661280901899,92.4226877913996,7.37460997765741,"F001","P1","P32"
"G46","Y1_L2","L2","Y1","1","B3",6,4,"G46","fullrep_MET",1000,206,7.44037922524323,29.638413536014,29.053910952779,88.8269694293561,7.44037922524323,"F005","P1","P46"
"G22","Y1_L2","L2","Y1","1","B1",1,5,"G22","fullrep_MET",1000,207,7.55139948203861,31.3326844135751,25,80,7.55139948203861,"F003","P1","P24"
"G7","Y1_L2","L2","Y1","1","B2",5,6,"G7","fullrep_MET",1000,208,5.04674216893723,25.8100309689586,30.9053547856819,95.7066298997116,5.04674216893723,"F001","P1","P32"
"G49","Y1_L2","L2","Y1","1","B1",2,6,"G49","fullrep_MET",1000,209,4.52302846244483,32.0968636285441,28.3127842164508,105.324544636502,4.52302846244483,"F005","P1","P46"
"G2","Y1_L2","L2","Y1","1","B2",4,6,"G2","fullrep_MET",1000,210,6.97308213839888,39.9146374018638,26.2999855758342,96.9429479405475,6.97308213839888,"F001","P1","P32"
"G24","Y1_L2","L2","Y1","1","B1",2,4,"G24","fullrep_MET",1000,211,7.6319045296871,36.7196387787765,25.0455980802894,92.959582394621,7.6319045296871,"F003","P1","P24"
"G41","Y1_L2","L2","Y1","1","B1",3,1,"G41","fullrep_MET",1000,212,7.00004879577636,34.483326115375,32.391357024488,90.4561620932207,7.00004879577636,"F005","P1","P46"
"G48","Y1_L2","L2","Y1","1","B1",3,4,"G48","fullrep_MET",1000,213,6.94552326458833,33.2130679698814,26.4803867668174,96.5043239873587,6.94552326458833,"F005","P1","P46"
"G28","Y1_L2","L2","Y1","1","B2",5,3,"G28","fullrep_MET",1000,214,8.64509992312245,30.3777317489917,29.7589633336911,89.8056751917605,8.64509992312245,"F003","P1","P24"
"G39","Y1_L2","L2","Y1","1","B1",3,2,"G39","fullrep_MET",1000,215,6.69893848421409,37.8708327587608,27.4758874215304,87.1434698272219,6.69893848421409,"F004","P1","P71"
"G18","Y1_L2","L2","Y1","1","B2",4,1,"G18","fullrep_MET",1000,216,7.98093898709775,42.1008787635777,25.768648613776,96.413534985063,7.98093898709775,"F002","P1","P36"
"G37","Y1_L2","L2","Y1","1","B3",6,3,"G37","fullrep_MET",1000,217,6.50731729278646,32.6196480205189,28.7125675761348,101.633699457111,6.50731729278646,"F004","P1","P71"
"G15","Y1_L2","L2","Y1","1","B2",4,4,"G15","fullrep_MET",1000,218,6.26253445723306,40.0650105518749,31.3768531489884,88.7001507552277,6.26253445723306,"F002","P1","P36"
"G12","Y1_L2","L2","Y1","1","B2",5,1,"G12","fullrep_MET",1000,219,8.08760248743233,34.5883220105769,29.6848661532837,108.581601221417,8.08760248743233,"F002","P1","P36"
"G38","Y1_L2","L2","Y1","1","B1",1,8,"G38","fullrep_MET",1000,220,7.4633519317529,27.49746899409,26.578819171875,102.287731754349,7.4633519317529,"F004","P1","P71"
"G20","Y1_L2","L2","Y1","1","B1",1,6,"G20","fullrep_MET",1000,221,8.84168199336173,42.3569927181508,28.4239846378836,105.169284076347,8.84168199336173,"F002","P1","P36"
"G10","Y1_L2","L2","Y1","1","B1",1,2,"G10","fullrep_MET",1000,222,6.37114179266444,33.7909286421583,25,94.8996480524705,6.37114179266444,"F001","P1","P32"
"G50","Y1_L2","L2","Y1","1","B2",3,6,"G50","fullrep_MET",1000,223,6.68962150586174,29.0515754918465,26.7507103575418,107.701498926749,6.68962150586174,"F005","P1","P46"
"G21","Y1_L2","L2","Y1","1","B2",4,7,"G21","fullrep_MET",1000,224,5.93635809727318,20.2892297526553,25,86.9160033670215,5.93635809727318,"F003","P1","P24"
"G1","Y1_L2","L2","Y1","1","B2",5,7,"G1","fullrep_MET",1000,225,4.69793999608988,30.1592338788339,25,85.5847160406213,4.69793999608988,"F001","P1","P32"
"G9","Y1_L2","L2","Y1","1","B3",6,1,"G9","fullrep_MET",1000,226,5.82764378395309,31.9612554169627,29.1345989292907,97.6564023648487,5.82764378395309,"F001","P1","P32"
"G43","Y1_L2","L2","Y1","1","B3",6,2,"G43","fullrep_MET",1000,227,6.58440457555024,34.3312780558731,25.8991355980775,99.9696740533329,6.58440457555024,"F005","P1","P46"
"G3","Y1_L2","L2","Y1","1","B3",6,6,"G3","fullrep_MET",1000,228,6.65308660398183,24.1459005298239,29.5429468179272,81.4935522100731,6.65308660398183,"F001","P1","P32"
"G16","Y1_L2","L2","Y1","1","B2",4,2,"G16","fullrep_MET",1000,229,8.37324093688711,23.4714495884354,32.017877374884,102.588447877838,8.37324093688711,"F002","P1","P36"
"G45","Y1_L2","L2","Y1","1","B1",1,3,"G45","fullrep_MET",1000,230,5.51819347415095,38.1997038876538,34.1465208270375,90.7037246396664,5.51819347415095,"F005","P1","P46"
"G31","Y1_L2","L2","Y1","1","B1",2,3,"G31","fullrep_MET",1000,231,7.70997849435212,27.7381715102993,27.4150748680669,84.573351317702,7.70997849435212,"F004","P1","P71"
"G30","Y1_L2","L2","Y1","1","B1",2,8,"G30","fullrep_MET",1000,232,6.15563447053215,27.8895030392093,25,98.2611819153695,6.15563447053215,"F003","P1","P24"
"G35","Y1_L2","L2","Y1","1","B3",6,8,"G35","fullrep_MET",1000,233,6.42343097113802,37.0217709166733,25,84.1498979253191,6.42343097113802,"F004","P1","P71"
"G42","Y1_L2","L2","Y1","1","B1",1,4,"G42","fullrep_MET",1000,234,4.4165274909456,36.2823676142901,30.2372094079704,83.5510577159716,4.4165274909456,"F005","P1","P46"
"G27","Y1_L2","L2","Y1","1","B1",1,7,"G27","fullrep_MET",1000,235,5.942345297582,36.5350360896351,25.0377349489814,84.3509880377024,5.942345297582,"F003","P1","P24"
"G29","Y1_L2","L2","Y1","1","B1",3,3,"G29","fullrep_MET",1000,236,7.43771777707078,26.9385381912067,27.7681149596964,99.8905335861441,7.43771777707078,"F003","P1","P24"
"G19","Y1_L2","L2","Y1","1","B2",5,5,"G19","fullrep_MET",1000,237,7.03166288436967,36.556765356379,29.5941240214057,91.5630626469597,7.03166288436967,"F002","P1","P36"
"G8","Y1_L2","L2","Y1","1","B2",4,3,"G8","fullrep_MET",1000,238,7.22495114211546,22.9071237119595,27.0812045433208,96.5654028146134,7.22495114211546,"F001","P1","P32"
"G17","Y1_L2","L2","Y1","1","B1",2,1,"G17","fullrep_MET",1000,239,5.19472279968595,41.0336319281974,28.150341769707,88.9975467831485,5.19472279968595,"F002","P1","P36"
"G11","Y1_L2","L2","Y1","1","B2",3,8,"G11","fullrep_MET",1000,240,7.72078038552739,29.6261923816862,31.7499397576071,92.7311588995297,7.72078038552739,"F002","P1","P36"
"G34","Y1_L2","L2","Y1","1","B3",7,1,"G34","fullrep_MET",1000,241,6.42314320532925,30.6827884953726,30.0959011091957,105.86123904491,6.42314320532925,"F004","P1","P71"
"G26","Y1_L2","L2","Y1","1","B3",6,5,"G26","fullrep_MET",1000,242,6.89418487152685,28.336616212357,25,96.5107611393026,6.89418487152685,"F003","P1","P24"
"G5","Y1_L2","L2","Y1","1","B2",5,8,"G5","fullrep_MET",1000,243,7.44090792129943,20.1899660107246,27.6950638262852,95.2079103770128,7.44090792129943,"F001","P1","P32"
"G6","Y1_L2","L2","Y1","1","B1",2,2,"G6","fullrep_MET",1000,244,7.00886350028926,36.8329031690087,25.7126751711995,93.7739768795293,7.00886350028926,"F001","P1","P32"
"G32","Y1_L2","L2","Y1","1","B2",4,5,"G32","fullrep_MET",1000,245,5.78679376612167,34.8883159357322,31.8823186657428,92.582745403723,5.78679376612167,"F004","P1","P71"
"G47","Y1_L2","L2","Y1","1","B2",3,7,"G47","fullrep_MET",1000,246,7.14522402819668,29.5609541796805,25,82.6093189890743,7.14522402819668,"F005","P1","P46"
"G36","Y1_L2","L2","Y1","1","B1",2,7,"G36","fullrep_MET",1000,247,6.16686227720988,33.0579363284731,25.1124357265386,95.3241607940214,6.16686227720988,"F004","P1","P71"
"G40","Y1_L2","L2","Y1","1","B1",1,1,"G40","fullrep_MET",1000,248,7.6042160918297,39.520555434007,26.078713097126,95.3914971606619,7.6042160918297,"F004","P1","P71"
"G33","Y1_L2","L2","Y1","1","B1",2,5,"G33","fullrep_MET",1000,249,8.1300342635757,32.9513888269879,26.552822225744,98.9210351370706,8.1300342635757,"F004","P1","P71"
"G13","Y1_L2","L2","Y1","1","B2",5,4,"G13","fullrep_MET",1000,250,8.22438225019376,28.8309158836448,32.6109626750775,112.390076270555,8.22438225019376,"F002","P1","P36"
"G50","Y1_L2","L2","Y1","2","B1",1,6,"G50","fullrep_MET",1000,251,5.72211109115343,31.2453833449091,27.7335964027673,113.617496919907,5.72211109115343,"F005","P1","P46"
"G48","Y1_L2","L2","Y1","2","B2",5,6,"G48","fullrep_MET",1000,252,6.61495693547568,25.636547836053,25.0104286318245,104.871594601157,6.61495693547568,"F005","P1","P46"
"G6","Y1_L2","L2","Y1","2","B1",2,3,"G6","fullrep_MET",1000,253,6.96502149985775,38.512928487997,27.0288054818267,107.525637206488,6.96502149985775,"F001","P1","P32"
"G12","Y1_L2","L2","Y1","2","B1",2,5,"G12","fullrep_MET",1000,254,5.88261101118373,34.0778020687158,31.5380779961556,110.618047403485,5.88261101118373,"F002","P1","P36"
"G43","Y1_L2","L2","Y1","2","B2",3,8,"G43","fullrep_MET",1000,255,5.8323369916618,32.4039360659441,26.927508158181,83.6170675909438,5.8323369916618,"F005","P1","P46"
"G39","Y1_L2","L2","Y1","2","B2",4,8,"G39","fullrep_MET",1000,256,7.31251416885708,28.2734917083129,29.0099451866004,87.0088561249444,7.31251416885708,"F004","P1","P71"
"G7","Y1_L2","L2","Y1","2","B1",1,2,"G7","fullrep_MET",1000,257,5.89763606211819,23.9001739792978,30.9784440033722,91.0361013456747,5.89763606211819,"F001","P1","P32"
"G30","Y1_L2","L2","Y1","2","B3",6,3,"G30","fullrep_MET",1000,258,7.54571884109483,28.8550753357944,26.8343571775394,102.635194499984,7.54571884109483,"F003","P1","P24"
"G11","Y1_L2","L2","Y1","2","B3",6,6,"G11","fullrep_MET",1000,259,9.03487498836642,30.5032812545423,32.2262647207865,92.2336288024178,9.03487498836642,"F002","P1","P36"
"G47","Y1_L2","L2","Y1","2","B3",6,5,"G47","fullrep_MET",1000,260,7.94684811278553,38.8682302046661,27.2592681442697,94.8281807786496,7.94684811278553,"F005","P1","P46"
"G16","Y1_L2","L2","Y1","2","B2",3,6,"G16","fullrep_MET",1000,261,8.42540935678331,23.0361100046039,31.2297063829101,95.2986177081867,8.42540935678331,"F002","P1","P36"
"G38","Y1_L2","L2","Y1","2","B2",4,4,"G38","fullrep_MET",1000,262,7.10851309627891,32.1824559693324,27.7992418264173,120.157562077506,7.10851309627891,"F004","P1","P71"
"G5","Y1_L2","L2","Y1","2","B1",1,5,"G5","fullrep_MET",1000,263,6.09704215359486,17.7780253948285,29.7506040895611,96.5772505040864,6.09704215359486,"F001","P1","P32"
"G1","Y1_L2","L2","Y1","2","B2",5,3,"G1","fullrep_MET",1000,264,5.334611468837,37.7791227887752,26.2293268397887,89.0575482376056,5.334611468837,"F001","P1","P32"
"G22","Y1_L2","L2","Y1","2","B3",6,1,"G22","fullrep_MET",1000,265,8.57380752955138,35.850014575967,25,91.3769324107636,8.57380752955138,"F003","P1","P24"
"G31","Y1_L2","L2","Y1","2","B2",4,1,"G31","fullrep_MET",1000,266,7.62907174375906,32.2759412437738,29.1216081682643,89.2587274862656,7.62907174375906,"F004","P1","P71"
"G26","Y1_L2","L2","Y1","2","B1",3,2,"G26","fullrep_MET",1000,267,6.10874923891665,22.6919643334167,25,91.6948739291895,6.10874923891665,"F003","P1","P24"
"G20","Y1_L2","L2","Y1","2","B2",5,5,"G20","fullrep_MET",1000,268,7.37308417872695,35.5343895719882,32.4218612573397,98.6442372727476,7.37308417872695,"F002","P1","P36"
"G17","Y1_L2","L2","Y1","2","B1",3,4,"G17","fullrep_MET",1000,269,5.85140940825325,32.1165712717149,25.5486206171176,89.753548373395,5.85140940825325,"F002","P1","P36"
"G29","Y1_L2","L2","Y1","2","B1",1,1,"G29","fullrep_MET",1000,270,8.11588022350141,17.0959035140785,29.9193148798302,96.4764912866367,8.11588022350141,"F003","P1","P24"
"G23","Y1_L2","L2","Y1","2","B2",4,7,"G23","fullrep_MET",1000,271,6.49959903546052,26.5238633388104,25,91.4651833669443,6.49959903546052,"F003","P1","P24"
"G8","Y1_L2","L2","Y1","2","B1",2,7,"G8","fullrep_MET",1000,272,6.52983297363026,21.2429653093947,29.8219696117184,96.1219745099021,6.52983297363026,"F001","P1","P32"
"G28","Y1_L2","L2","Y1","2","B1",2,4,"G28","fullrep_MET",1000,273,6.64280489462162,35.8963585488557,33.2813740316443,81.4113643810649,6.64280489462162,"F003","P1","P24"
"G14","Y1_L2","L2","Y1","2","B1",1,4,"G14","fullrep_MET",1000,274,6.99386287371109,36.2815920417486,26.6039128478515,110.724135834763,6.99386287371109,"F002","P1","P36"
"G13","Y1_L2","L2","Y1","2","B2",5,1,"G13","fullrep_MET",1000,275,8.98969849113221,27.968575795012,32.6582621713757,112.653552271006,8.98969849113221,"F002","P1","P36"
"G37","Y1_L2","L2","Y1","2","B3",6,7,"G37","fullrep_MET",1000,276,7.02168654672173,26.6281109708806,30.1862533244324,102.607956869092,7.02168654672173,"F004","P1","P71"
"G27","Y1_L2","L2","Y1","2","B1",2,2,"G27","fullrep_MET",1000,277,5.95066487247073,32.7411191882154,25,87.0415140476252,5.95066487247073,"F003","P1","P24"
"G9","Y1_L2","L2","Y1","2","B2",4,6,"G9","fullrep_MET",1000,278,6.08482536788772,27.9288640971698,30.34342408423,90.6998868601753,6.08482536788772,"F001","P1","P32"
"G18","Y1_L2","L2","Y1","2","B1",1,3,"G18","fullrep_MET",1000,279,7.43469318436528,40.4448274771903,27.7168637731218,94.4260990064386,7.43469318436528,"F002","P1","P36"
"G32","Y1_L2","L2","Y1","2","B2",4,3,"G32","fullrep_MET",1000,280,5.34055066669205,46.3807788352873,27.9681410494547,102.409566985122,5.34055066669205,"F004","P1","P71"
"G45","Y1_L2","L2","Y1","2","B1",1,7,"G45","fullrep_MET",1000,281,4,30.1810758421275,30.6120641507305,103.882244460463,4,"F005","P1","P46"
"G25","Y1_L2","L2","Y1","2","B2",5,7,"G25","fullrep_MET",1000,282,7.38066430856511,34.7513664040503,29.0075075491647,95.0910156160136,7.38066430856511,"F003","P1","P24"
"G15","Y1_L2","L2","Y1","2","B2",4,2,"G15","fullrep_MET",1000,283,7.08686814450244,39.471535822819,33.0416519971549,80,7.08686814450244,"F002","P1","P36"
"G3","Y1_L2","L2","Y1","2","B2",5,4,"G3","fullrep_MET",1000,284,6.83505984142789,26.2916167895229,27.6780404408407,81.3962615493155,6.83505984142789,"F001","P1","P32"
"G24","Y1_L2","L2","Y1","2","B2",5,8,"G24","fullrep_MET",1000,285,7.65247883785493,39.4421632329197,25,88.8046509168945,7.65247883785493,"F003","P1","P24"
"G21","Y1_L2","L2","Y1","2","B2",3,5,"G21","fullrep_MET",1000,286,6.11900014523252,23.2413963858182,25.5234067170314,89.3801693069275,6.11900014523252,"F003","P1","P24"
"G36","Y1_L2","L2","Y1","2","B1",2,6,"G36","fullrep_MET",1000,287,6.30267876734213,28.6012087772756,33.0046502616128,112.809661192812,6.30267876734213,"F004","P1","P71"
"G44","Y1_L2","L2","Y1","2","B2",3,7,"G44","fullrep_MET",1000,288,5.90281681183321,30.6875670553577,26.0263401051598,107.075495780673,5.90281681183321,"F005","P1","P46"
"G10","Y1_L2","L2","Y1","2","B2",4,5,"G10","fullrep_MET",1000,289,7.58659042055355,28.0165912963608,30.3188163829916,87.2873346805261,7.58659042055355,"F001","P1","P32"
"G46","Y1_L2","L2","Y1","2","B2",5,2,"G46","fullrep_MET",1000,290,7.68500942298315,18.2197063248891,32.1537399769761,88.44409403339,7.68500942298315,"F005","P1","P46"
"G33","Y1_L2","L2","Y1","2","B1",3,3,"G33","fullrep_MET",1000,291,6.28898791390894,31.2589282606576,27.7359288006725,102.486405276792,6.28898791390894,"F004","P1","P71"
"G2","Y1_L2","L2","Y1","2","B3",6,2,"G2","fullrep_MET",1000,292,7.96083121396806,43.3285659354675,31.1205033928623,107.797749095777,7.96083121396806,"F001","P1","P32"
"G49","Y1_L2","L2","Y1","2","B1",2,8,"G49","fullrep_MET",1000,293,4.52898446565621,29.2995589420055,30.6042235895533,94.9757814032282,4.52898446565621,"F005","P1","P46"
"G35","Y1_L2","L2","Y1","2","B3",7,2,"G35","fullrep_MET",1000,294,5.71630231548441,39.9012648351597,25.7933478785508,86.754941875904,5.71630231548441,"F004","P1","P71"
"G19","Y1_L2","L2","Y1","2","B1",2,1,"G19","fullrep_MET",1000,295,7.56701113030634,38.9414366246465,25,93.2921704358102,7.56701113030634,"F002","P1","P36"
"G34","Y1_L2","L2","Y1","2","B3",7,1,"G34","fullrep_MET",1000,296,5.4571342451155,27.3401446158655,31.302698133444,118.943883025056,5.4571342451155,"F004","P1","P71"
"G4","Y1_L2","L2","Y1","2","B3",6,4,"G4","fullrep_MET",1000,297,6.45894444161994,26.5695743613431,25.1304242648842,94.498235444868,6.45894444161994,"F001","P1","P32"
"G41","Y1_L2","L2","Y1","2","B1",1,8,"G41","fullrep_MET",1000,298,5.20332208008812,24.6140534179251,31.5029758882625,96.3866654579769,5.20332208008812,"F005","P1","P46"
"G42","Y1_L2","L2","Y1","2","B1",3,1,"G42","fullrep_MET",1000,299,5.34369594310393,33.5525700654769,28.2157369168554,93.9733135520412,5.34369594310393,"F005","P1","P46"
"G40","Y1_L2","L2","Y1","2","B3",6,8,"G40","fullrep_MET",1000,300,5.67187254395369,37.6073257972054,29.8509599985347,90.963654033139,5.67187254395369,"F004","P1","P71"
"G6","Y2_L2","L2","Y2","1","B3",6,2,"G6","fullrep_MET",1000,301,6.78084408435418,38.5965532175204,29.4130317428482,95.6456357467652,6.78084408435418,"F001","P1","P32"
"G15","Y2_L2","L2","Y2","1","B1",1,6,"G15","fullrep_MET",1000,302,7.84485010281089,39.5600318497543,31.7663585608063,83.3487685214098,7.84485010281089,"F002","P1","P36"
"G25","Y2_L2","L2","Y2","1","B2",4,7,"G25","fullrep_MET",1000,303,7.08969452098594,27.6372481596485,29.0440909874656,89.9776763174903,7.08969452098594,"F003","P1","P24"
"G4","Y2_L2","L2","Y2","1","B2",5,4,"G4","fullrep_MET",1000,304,5.58070563571098,34.742174963456,27.1136076661254,90.2528174383224,5.58070563571098,"F001","P1","P32"
"G45","Y2_L2","L2","Y2","1","B1",2,6,"G45","fullrep_MET",1000,305,5.95739772746355,23.5287168279806,32.0374664914633,85.7483521154067,5.95739772746355,"F005","P1","P46"
"G11","Y2_L2","L2","Y2","1","B2",5,5,"G11","fullrep_MET",1000,306,9.5,39.3215835779027,35.6928606305417,87.9830701275712,9.5,"F002","P1","P36"
"G28","Y2_L2","L2","Y2","1","B2",4,6,"G28","fullrep_MET",1000,307,8.46106989599464,38.1398788952357,32.0632836027535,89.8969480055882,8.46106989599464,"F003","P1","P24"
"G19","Y2_L2","L2","Y2","1","B2",4,1,"G19","fullrep_MET",1000,308,8.20114030103083,43.4270007416256,29.5278098370982,90.7006401208482,8.20114030103083,"F002","P1","P36"
"G13","Y2_L2","L2","Y2","1","B2",4,2,"G13","fullrep_MET",1000,309,7.85915304578859,26.407489652961,34.6486134014025,109.228546390446,7.85915304578859,"F002","P1","P36"
"G36","Y2_L2","L2","Y2","1","B3",6,6,"G36","fullrep_MET",1000,310,8.12330488687355,29.4941789951899,33.9819346385759,103.383552553839,8.12330488687355,"F004","P1","P71"
"G47","Y2_L2","L2","Y2","1","B1",1,5,"G47","fullrep_MET",1000,311,5.60867844755309,34.4381440403021,25,82.5924590833759,5.60867844755309,"F005","P1","P46"
"G33","Y2_L2","L2","Y2","1","B3",6,5,"G33","fullrep_MET",1000,312,8.8588647049811,28.54659896561,30.3846150816788,109.140723521944,8.8588647049811,"F004","P1","P71"
"G17","Y2_L2","L2","Y2","1","B1",3,1,"G17","fullrep_MET",1000,313,7.01095372498108,38.4373442738479,27.5763356205564,86.2113283344538,7.01095372498108,"F002","P1","P36"
"G21","Y2_L2","L2","Y2","1","B1",3,2,"G21","fullrep_MET",1000,314,7.27487296371031,28.4855131536446,28.5542525041955,91.1131444134696,7.27487296371031,"F003","P1","P24"
"G26","Y2_L2","L2","Y2","1","B2",5,1,"G26","fullrep_MET",1000,315,6.45505827994352,28.1783238814835,25,88.3013534232961,6.45505827994352,"F003","P1","P24"
"G46","Y2_L2","L2","Y2","1","B1",2,1,"G46","fullrep_MET",1000,316,7.34998694354761,27.1833196471811,34.7899606481709,80,7.34998694354761,"F005","P1","P46"
"G48","Y2_L2","L2","Y2","1","B1",1,1,"G48","fullrep_MET",1000,317,6.51600009252083,29.6681965327659,29.0661520875311,93.6450421974309,6.51600009252083,"F005","P1","P46"
"G41","Y2_L2","L2","Y2","1","B2",5,3,"G41","fullrep_MET",1000,318,6.8810176748384,31.8214550652066,27.3591388498481,100.151425000352,6.8810176748384,"F005","P1","P46"
"G40","Y2_L2","L2","Y2","1","B1",1,2,"G40","fullrep_MET",1000,319,7.14102859735922,40.4086502013947,30.7867105559606,97.2985410768603,7.14102859735922,"F004","P1","P71"
"G38","Y2_L2","L2","Y2","1","B1",2,2,"G38","fullrep_MET",1000,320,6.99046305543899,24.3049637291802,32.081445752271,111.575088209316,6.99046305543899,"F004","P1","P71"
"G35","Y2_L2","L2","Y2","1","B2",4,8,"G35","fullrep_MET",1000,321,7.19180185484439,38.0558750294139,26.4888395947246,80,7.19180185484439,"F004","P1","P71"
"G50","Y2_L2","L2","Y2","1","B1",1,8,"G50","fullrep_MET",1000,322,6.56233974126838,30.03475401257,28.8756245489927,98.4446417089963,6.56233974126838,"F005","P1","P46"
"G24","Y2_L2","L2","Y2","1","B2",5,2,"G24","fullrep_MET",1000,323,8.05814887295456,43.2743603905435,25,84.4666563154353,8.05814887295456,"F003","P1","P24"
"G32","Y2_L2","L2","Y2","1","B1",2,3,"G32","fullrep_MET",1000,324,4.87640499120344,37.9849031543831,35.5839459479682,92.8453583887709,4.87640499120344,"F004","P1","P71"
"G14","Y2_L2","L2","Y2","1","B1",2,4,"G14","fullrep_MET",1000,325,6.50349005632081,32.0069996661225,29.716750737112,95.9932398041398,6.50349005632081,"F002","P1","P36"
"G20","Y2_L2","L2","Y2","1","B2",3,6,"G20","fullrep_MET",1000,326,7.30646136468742,43.4375779519189,34.6412880912634,92.448723645915,7.30646136468742,"F002","P1","P36"
"G30","Y2_L2","L2","Y2","1","B1",2,5,"G30","fullrep_MET",1000,327,7.50451614562223,24.6074571191148,29.8509821827444,96.8202641855917,7.50451614562223,"F003","P1","P24"
"G9","Y2_L2","L2","Y2","1","B1",2,7,"G9","fullrep_MET",1000,328,7.65668245178755,30.5221625374059,31.9352259296011,96.1536563981315,7.65668245178755,"F001","P1","P32"
"G34","Y2_L2","L2","Y2","1","B2",4,4,"G34","fullrep_MET",1000,329,5.64730012307528,29.6371757902949,32.7325041969412,96.9806195703874,5.64730012307528,"F004","P1","P71"
"G18","Y2_L2","L2","Y2","1","B1",1,4,"G18","fullrep_MET",1000,330,5.19632782610315,41.9505563244654,29.2780864277592,87.5664719371418,5.19632782610315,"F002","P1","P36"
"G49","Y2_L2","L2","Y2","1","B2",4,5,"G49","fullrep_MET",1000,331,7.46498095489411,34.4396583007614,29.4561792928724,93.0387407632537,7.46498095489411,"F005","P1","P46"
"G10","Y2_L2","L2","Y2","1","B2",3,5,"G10","fullrep_MET",1000,332,7.24929192896785,28.195431822826,32.374669821511,102.347049142966,7.24929192896785,"F001","P1","P32"
"G44","Y2_L2","L2","Y2","1","B3",6,4,"G44","fullrep_MET",1000,333,6.81045794766538,23.6224257713589,29.3908166021788,94.7298955788654,6.81045794766538,"F005","P1","P46"
"G2","Y2_L2","L2","Y2","1","B3",6,7,"G2","fullrep_MET",1000,334,8.21988650239272,39.1567872301899,27.133397017497,91.3224367726379,8.21988650239272,"F001","P1","P32"
"G42","Y2_L2","L2","Y2","1","B1",3,4,"G42","fullrep_MET",1000,335,6.07905600053366,31.9360456415629,32.8049374613123,87.8442418247148,6.07905600053366,"F005","P1","P46"
"G5","Y2_L2","L2","Y2","1","B3",6,3,"G5","fullrep_MET",1000,336,7.5553684845963,24.2811460141926,31.4632343283264,84.9565742885548,7.5553684845963,"F001","P1","P32"
"G37","Y2_L2","L2","Y2","1","B3",7,1,"G37","fullrep_MET",1000,337,7.47258112448365,31.9190587380825,30.3317308787672,105.193500649812,7.47258112448365,"F004","P1","P71"
"G12","Y2_L2","L2","Y2","1","B3",7,2,"G12","fullrep_MET",1000,338,8.16543594209308,38.5265123457589,31.8927294041164,94.8741547063549,8.16543594209308,"F002","P1","P36"
"G3","Y2_L2","L2","Y2","1","B1",1,7,"G3","fullrep_MET",1000,339,6.42091021929378,25.0959212592658,31.064910414784,80,6.42091021929378,"F001","P1","P32"
"G39","Y2_L2","L2","Y2","1","B1",3,3,"G39","fullrep_MET",1000,340,6.46110860556572,40.6497056880046,29.2564209860603,89.4969807227861,6.46110860556572,"F004","P1","P71"
"G16","Y2_L2","L2","Y2","1","B1",2,8,"G16","fullrep_MET",1000,341,7.72055052853469,22.0171842497217,34.679081728818,98.4556065543452,7.72055052853469,"F002","P1","P36"
"G27","Y2_L2","L2","Y2","1","B3",6,1,"G27","fullrep_MET",1000,342,7.88264409884403,29.4643843598896,31.8537309571491,90.0574501288687,7.88264409884403,"F003","P1","P24"
"G23","Y2_L2","L2","Y2","1","B2",5,7,"G23","fullrep_MET",1000,343,8.14945908238487,28.9107727485259,28.1928626062965,87.025810883669,8.14945908238487,"F003","P1","P24"
"G22","Y2_L2","L2","Y2","1","B2",3,7,"G22","fullrep_MET",1000,344,7.3176117056425,33.001242813607,25,80,7.3176117056425,"F003","P1","P24"
"G8","Y2_L2","L2","Y2","1","B3",6,8,"G8","fullrep_MET",1000,345,6.50855969900684,23.2892578770678,32.1465951094041,95.8354433934923,6.50855969900684,"F001","P1","P32"
"G31","Y2_L2","L2","Y2","1","B2",4,3,"G31","fullrep_MET",1000,346,7.62293808966648,32.4246133766403,29.3720886901793,85.9296588205966,7.62293808966648,"F004","P1","P71"
"G43","Y2_L2","L2","Y2","1","B2",5,6,"G43","fullrep_MET",1000,347,6.01285704498588,29.8513201701962,26.3092277531151,95.5239242374992,6.01285704498588,"F005","P1","P46"
"G1","Y2_L2","L2","Y2","1","B2",5,8,"G1","fullrep_MET",1000,348,6.49077430405675,32.5030103439402,25.6444503568407,101.90383606617,6.49077430405675,"F001","P1","P32"
"G7","Y2_L2","L2","Y2","1","B1",1,3,"G7","fullrep_MET",1000,349,5.79171897412789,16.0297962668643,32.0398203631451,84.3236009677622,5.79171897412789,"F001","P1","P32"
"G29","Y2_L2","L2","Y2","1","B2",3,8,"G29","fullrep_MET",1000,350,7.87802135490079,24.2349052593172,26.6036231918679,91.0540319083096,7.87802135490079,"F003","P1","P24"
"G42","Y2_L2","L2","Y2","2","B1",2,5,"G42","fullrep_MET",1000,351,5.61593513922877,25.9350046943512,31.8783590207157,87.8787277855283,5.61593513922877,"F005","P1","P46"
"G47","Y2_L2","L2","Y2","2","B1",1,2,"G47","fullrep_MET",1000,352,7.26211236503613,31.3213600235869,25,80,7.26211236503613,"F005","P1","P46"
"G11","Y2_L2","L2","Y2","2","B2",5,4,"G11","fullrep_MET",1000,353,9.5,38.9387355684286,34.7292228508985,89.9201108656698,9.5,"F002","P1","P36"
"G30","Y2_L2","L2","Y2","2","B2",3,8,"G30","fullrep_MET",1000,354,9.26841361815276,28.5417624927022,27.1822588549459,100.898981253189,9.26841361815276,"F003","P1","P24"
"G46","Y2_L2","L2","Y2","2","B2",4,6,"G46","fullrep_MET",1000,355,7.53476570072249,24.0810182869334,33.2430616791284,86.9252834633505,7.53476570072249,"F005","P1","P46"
"G37","Y2_L2","L2","Y2","2","B1",1,6,"G37","fullrep_MET",1000,356,6.44650193813833,32.2060188709944,29.5563879619839,102.860300215328,6.44650193813833,"F004","P1","P71"
"G38","Y2_L2","L2","Y2","2","B2",4,7,"G38","fullrep_MET",1000,357,7.81377314031484,21.0704592438411,31.5359445928371,109.502317176217,7.81377314031484,"F004","P1","P71"
"G3","Y2_L2","L2","Y2","2","B1",3,4,"G3","fullrep_MET",1000,358,7.15487045695424,29.6635163238427,27.5556249310343,80,7.15487045695424,"F001","P1","P32"
"G26","Y2_L2","L2","Y2","2","B3",6,8,"G26","fullrep_MET",1000,359,6.27575086505884,22.8509430680527,25,97.0174210978159,6.27575086505884,"F003","P1","P24"
"G12","Y2_L2","L2","Y2","2","B1",2,6,"G12","fullrep_MET",1000,360,7.87898140673297,35.351645988208,33.4132401185334,90.6892756255371,7.87898140673297,"F002","P1","P36"
"G14","Y2_L2","L2","Y2","2","B2",5,5,"G14","fullrep_MET",1000,361,6.54731532027987,36.181395552284,29.4532007127282,101.539656710142,6.54731532027987,"F002","P1","P36"
"G23","Y2_L2","L2","Y2","2","B1",2,3,"G23","fullrep_MET",1000,362,7.59154332947045,20.6255411180543,26.9412974222982,91.517829019413,7.59154332947045,"F003","P1","P24"
"G34","Y2_L2","L2","Y2","2","B2",5,1,"G34","fullrep_MET",1000,363,7.83107549014642,31.4015516109453,29.6162466422409,108.534790330212,7.83107549014642,"F004","P1","P71"
"G33","Y2_L2","L2","Y2","2","B2",3,6,"G33","fullrep_MET",1000,364,7.91738076228576,34.2046372658219,29.7203977108639,110.340397801878,7.91738076228576,"F004","P1","P71"
"G21","Y2_L2","L2","Y2","2","B3",6,7,"G21","fullrep_MET",1000,365,7.37878676959881,33.3165964128099,26.2148915688382,93.2575978108988,7.37878676959881,"F003","P1","P24"
"G13","Y2_L2","L2","Y2","2","B3",6,1,"G13","fullrep_MET",1000,366,9.26604599377358,29.0369868125097,38.007961928959,97.5313472721003,9.26604599377358,"F002","P1","P36"
"G48","Y2_L2","L2","Y2","2","B1",1,3,"G48","fullrep_MET",1000,367,6.74727636732112,29.3921559812675,25.6716721085303,107.021020798939,6.74727636732112,"F005","P1","P46"
"G17","Y2_L2","L2","Y2","2","B1",2,4,"G17","fullrep_MET",1000,368,7.25534484215707,42.1113764781954,27.6213587674738,80,7.25534484215707,"F002","P1","P36"
"G2","Y2_L2","L2","Y2","2","B2",3,5,"G2","fullrep_MET",1000,369,7.35708276883802,38.3052402469787,26.25983886464,95.2233431344321,7.35708276883802,"F001","P1","P32"
"G40","Y2_L2","L2","Y2","2","B2",4,5,"G40","fullrep_MET",1000,370,8.13347661779476,41.8135794163644,33.1312643444691,106.965129450833,8.13347661779476,"F004","P1","P71"
"G31","Y2_L2","L2","Y2","2","B2",3,7,"G31","fullrep_MET",1000,371,8.4133243652921,28.9962022569843,27.4120216704049,88.0750104507993,8.4133243652921,"F004","P1","P71"
"G45","Y2_L2","L2","Y2","2","B2",4,4,"G45","fullrep_MET",1000,372,7.43921962943937,27.8003296030094,33.5569279451274,87.5246477861609,7.43921962943937,"F005","P1","P46"
"G1","Y2_L2","L2","Y2","2","B3",6,6,"G1","fullrep_MET",1000,373,6.75232456272851,27.3112794421694,26.8283024120093,93.2632422077326,6.75232456272851,"F001","P1","P32"
"G49","Y2_L2","L2","Y2","2","B2",5,8,"G49","fullrep_MET",1000,374,6.31615313767895,34.420351241446,29.1852746981548,96.5020726702038,6.31615313767895,"F005","P1","P46"
"G35","Y2_L2","L2","Y2","2","B1",1,5,"G35","fullrep_MET",1000,375,7.06136407903296,42.1736394939945,26.914316019701,80,7.06136407903296,"F004","P1","P71"
"G27","Y2_L2","L2","Y2","2","B1",1,4,"G27","fullrep_MET",1000,376,6.41394863793009,34.6189553275555,27.0995688904257,87.3829949501773,6.41394863793009,"F003","P1","P24"
"G25","Y2_L2","L2","Y2","2","B2",5,7,"G25","fullrep_MET",1000,377,7.91083769922789,33.6932848982325,29.9578085733811,91.3082038057787,7.91083769922789,"F003","P1","P24"
"G15","Y2_L2","L2","Y2","2","B1",2,7,"G15","fullrep_MET",1000,378,6.97216491629133,41.8573205704782,26.4227320911635,83.860082390793,6.97216491629133,"F002","P1","P36"
"G43","Y2_L2","L2","Y2","2","B2",4,8,"G43","fullrep_MET",1000,379,6.6699115437883,33.3385867879068,28.4036257845476,94.8617043503007,6.6699115437883,"F005","P1","P46"
"G32","Y2_L2","L2","Y2","2","B1",2,1,"G32","fullrep_MET",1000,380,6.93719253147761,42.9987015678156,31.3090588203245,83.1046746961317,6.93719253147761,"F004","P1","P71"
"G4","Y2_L2","L2","Y2","2","B1",1,7,"G4","fullrep_MET",1000,381,5.48926432838195,27.2291831924027,27.41076935633,87.2525660331861,5.48926432838195,"F001","P1","P32"
"G10","Y2_L2","L2","Y2","2","B3",6,3,"G10","fullrep_MET",1000,382,6.58092759115614,30.6697447421462,31.6807468568054,96.4684348460012,6.58092759115614,"F001","P1","P32"
"G50","Y2_L2","L2","Y2","2","B2",4,3,"G50","fullrep_MET",1000,383,7.69533535709232,35.4029583197749,27.7775426584258,95.8824788007179,7.69533535709232,"F005","P1","P46"
"G22","Y2_L2","L2","Y2","2","B1",2,2,"G22","fullrep_MET",1000,384,7.38668059619909,30.3289151334298,25,80,7.38668059619909,"F003","P1","P24"
"G7","Y2_L2","L2","Y2","2","B3",6,5,"G7","fullrep_MET",1000,385,6.23918580400958,24.4657554453845,34.5178582447056,92.4079768128926,6.23918580400958,"F001","P1","P32"
"G24","Y2_L2","L2","Y2","2","B2",5,2,"G24","fullrep_MET",1000,386,8.15146562859221,44.3170774165677,25,88.0754244284656,8.15146562859221,"F003","P1","P24"
"G44","Y2_L2","L2","Y2","2","B1",2,8,"G44","fullrep_MET",1000,387,6.37082734614971,19.4024718311836,25.0000624135597,101.422430872139,6.37082734614971,"F005","P1","P46"
"G19","Y2_L2","L2","Y2","2","B1",3,3,"G19","fullrep_MET",1000,388,7.20554518008662,38.1197638410284,31.8976635666667,88.2534782018052,7.20554518008662,"F002","P1","P36"
"G41","Y2_L2","L2","Y2","2","B1",1,1,"G41","fullrep_MET",1000,389,6.25467706209807,29.4682184102345,30.8559458208727,93.894023364887,6.25467706209807,"F005","P1","P46"
"G20","Y2_L2","L2","Y2","2","B1",3,2,"G20","fullrep_MET",1000,390,7.73003344796852,38.8420228878725,33.6992459780834,97.3402737587979,7.73003344796852,"F002","P1","P36"
"G28","Y2_L2","L2","Y2","2","B3",7,1,"G28","fullrep_MET",1000,391,8.1563086266317,33.6832679236478,35.5312433009386,84.2392955335868,8.1563086266317,"F003","P1","P24"
"G6","Y2_L2","L2","Y2","2","B2",4,1,"G6","fullrep_MET",1000,392,6.46135989386396,46.1513694382421,27.4776580781066,103.466758252759,6.46135989386396,"F001","P1","P32"
"G29","Y2_L2","L2","Y2","2","B2",4,2,"G29","fullrep_MET",1000,393,7.76243824127763,20.9012103933935,30.0236079327103,88.6568427394867,7.76243824127763,"F003","P1","P24"
"G18","Y2_L2","L2","Y2","2","B3",6,2,"G18","fullrep_MET",1000,394,8.65219610740923,40.2866160063753,26.9743322293998,93.1324371995098,8.65219610740923,"F002","P1","P36"
"G39","Y2_L2","L2","Y2","2","B2",5,6,"G39","fullrep_MET",1000,395,8.34445073966217,44.5372476363547,30.7462641483482,99.1007878503089,8.34445073966217,"F004","P1","P71"
"G36","Y2_L2","L2","Y2","2","B1",3,1,"G36","fullrep_MET",1000,396,7.20099667233408,31.626671531415,28.5021596080943,102.224605740719,7.20099667233408,"F004","P1","P71"
"G8","Y2_L2","L2","Y2","2","B2",5,3,"G8","fullrep_MET",1000,397,8.07465773057849,31.6134972278979,33.878792698702,87.9084558574029,8.07465773057849,"F001","P1","P32"
"G5","Y2_L2","L2","Y2","2","B1",1,8,"G5","fullrep_MET",1000,398,6.7930848052816,21.7575289225855,30.1700187480874,89.5619163252094,6.7930848052816,"F001","P1","P32"
"G16","Y2_L2","L2","Y2","2","B3",6,4,"G16","fullrep_MET",1000,399,9.39514800620205,24.1483265533065,36.3734882591964,100.483170849929,9.39514800620205,"F002","P1","P36"
"G9","Y2_L2","L2","Y2","2","B3",7,2,"G9","fullrep_MET",1000,400,7.55683191803714,30.3989321284452,29.0828185550621,98.3325446932292,7.55683191803714,"F001","P1","P32"
"G47","Y1_L3","L3","Y1","1","B3",7,1,"G47","fullrep_MET",1000,401,9.29665441277201,33.5029706421043,25,93.1959238972529,9.29665441277201,"F005","P1","P46"
"G7","Y1_L3","L3","Y1","1","B1",1,8,"G7","fullrep_MET",1000,402,5.54513974949765,15.8801331443782,29.5748134326464,98.1831469909276,5.54513974949765,"F001","P1","P32"
"G48","Y1_L3","L3","Y1","1","B1",1,3,"G48","fullrep_MET",1000,403,6.6193069561513,25.7172385173685,28.3392941116282,93.0239690002314,6.6193069561513,"F005","P1","P46"
"G8","Y1_L3","L3","Y1","1","B3",6,3,"G8","fullrep_MET",1000,404,8.60460801875083,24.3277412782678,29.1703932872146,95.4622091870646,8.60460801875083,"F001","P1","P32"
"G25","Y1_L3","L3","Y1","1","B2",4,8,"G25","fullrep_MET",1000,405,5.97130875147772,29.7663038345231,27.3986615948463,90.7181500015399,5.97130875147772,"F003","P1","P24"
"G26","Y1_L3","L3","Y1","1","B1",2,6,"G26","fullrep_MET",1000,406,4.4875381154808,23.7457306681447,25,80.2138640214954,4.4875381154808,"F003","P1","P24"
"G37","Y1_L3","L3","Y1","1","B1",2,3,"G37","fullrep_MET",1000,407,6.37573467859063,22.4624200562709,28.4535293840278,110.504370545168,6.37573467859063,"F004","P1","P71"
"G44","Y1_L3","L3","Y1","1","B1",2,7,"G44","fullrep_MET",1000,408,5.04093872711446,30.7733808843968,29.2737203866042,90.2830203322037,5.04093872711446,"F005","P1","P46"
"G27","Y1_L3","L3","Y1","1","B1",2,8,"G27","fullrep_MET",1000,409,6.10284587961054,32.6828335406553,25,80,6.10284587961054,"F003","P1","P24"
"G11","Y1_L3","L3","Y1","1","B2",5,3,"G11","fullrep_MET",1000,410,8.46379777231338,35.8254870443685,29.7914129174263,99.5564398712746,8.46379777231338,"F002","P1","P36"
"G24","Y1_L3","L3","Y1","1","B1",1,4,"G24","fullrep_MET",1000,411,6.98137505809711,40.1963480848064,25.3330840290437,88.6186344429044,6.98137505809711,"F003","P1","P24"
"G18","Y1_L3","L3","Y1","1","B1",3,3,"G18","fullrep_MET",1000,412,8.09801872466982,40.0261657919916,28.3359999225978,91.3312136725655,8.09801872466982,"F002","P1","P36"
"G43","Y1_L3","L3","Y1","1","B1",3,1,"G43","fullrep_MET",1000,413,6.19019287135515,35.5123124721304,27.1649352091648,92.7364740614113,6.19019287135515,"F005","P1","P46"
"G41","Y1_L3","L3","Y1","1","B2",5,1,"G41","fullrep_MET",1000,414,5.87577677790119,30.5021377038936,30.4020964606321,99.370584022919,5.87577677790119,"F005","P1","P46"
"G28","Y1_L3","L3","Y1","1","B2",5,4,"G28","fullrep_MET",1000,415,7.36049848052942,29.9372064915027,31.0616806973912,95.6097213819526,7.36049848052942,"F003","P1","P24"
"G45","Y1_L3","L3","Y1","1","B1",3,2,"G45","fullrep_MET",1000,416,6.13419862778234,29.2453429462869,26.965438814854,104.574980130839,6.13419862778234,"F005","P1","P46"
"G20","Y1_L3","L3","Y1","1","B1",2,4,"G20","fullrep_MET",1000,417,5.21372820466362,42.8554862127604,29.9016381049871,99.6226061772436,5.21372820466362,"F002","P1","P36"
"G19","Y1_L3","L3","Y1","1","B3",6,2,"G19","fullrep_MET",1000,418,7.4833073093705,43.1616033146759,31.3601835505893,85.8270654990319,7.4833073093705,"F002","P1","P36"
"G49","Y1_L3","L3","Y1","1","B1",1,7,"G49","fullrep_MET",1000,419,6.27433896612485,29.192682397734,28.2646640553781,98.6630785158865,6.27433896612485,"F005","P1","P46"
"G46","Y1_L3","L3","Y1","1","B3",6,5,"G46","fullrep_MET",1000,420,7.66609365212776,24.9646476081647,30.0033161791092,96.2201017867869,7.66609365212776,"F005","P1","P46"
"G16","Y1_L3","L3","Y1","1","B3",6,4,"G16","fullrep_MET",1000,421,8.12421321779683,29.1352455307154,34.9098573665513,108.221903315092,8.12421321779683,"F002","P1","P36"
"G35","Y1_L3","L3","Y1","1","B2",4,3,"G35","fullrep_MET",1000,422,6.42916750620671,32.8439382939607,25,90.3036122329187,6.42916750620671,"F004","P1","P71"
"G36","Y1_L3","L3","Y1","1","B2",5,6,"G36","fullrep_MET",1000,423,6.868703566987,24.1835009091091,27.642456129922,111.164523599432,6.868703566987,"F004","P1","P71"
"G2","Y1_L3","L3","Y1","1","B1",2,1,"G2","fullrep_MET",1000,424,6.87735993927386,32.2122636517958,27.9151237930019,86.0713592593695,6.87735993927386,"F001","P1","P32"
"G17","Y1_L3","L3","Y1","1","B3",7,2,"G17","fullrep_MET",1000,425,6.32214219965909,42.3546334033515,28.1739435623646,92.6161718344828,6.32214219965909,"F002","P1","P36"
"G15","Y1_L3","L3","Y1","1","B2",3,7,"G15","fullrep_MET",1000,426,6.77072337755591,34.9162218275835,27.9419538756979,90.5200620737609,6.77072337755591,"F002","P1","P36"
"G14","Y1_L3","L3","Y1","1","B1",3,4,"G14","fullrep_MET",1000,427,6.14873648781673,34.9581993763524,25,100.403590306209,6.14873648781673,"F002","P1","P36"
"G21","Y1_L3","L3","Y1","1","B2",4,7,"G21","fullrep_MET",1000,428,6.11174763619166,24.2382966000843,27.7276134166782,91.7143515132029,6.11174763619166,"F003","P1","P24"
"G12","Y1_L3","L3","Y1","1","B1",1,1,"G12","fullrep_MET",1000,429,5.73899928937743,30.0466267953246,27.1212367112215,93.6399985525608,5.73899928937743,"F002","P1","P36"
"G39","Y1_L3","L3","Y1","1","B2",5,7,"G39","fullrep_MET",1000,430,7.16705025045426,33.1202822494232,27.3389308090216,98.7143946062364,7.16705025045426,"F004","P1","P71"
"G3","Y1_L3","L3","Y1","1","B2",5,2,"G3","fullrep_MET",1000,431,7.46889483574874,29.8691419927368,29.4879130366971,85.7476123867868,7.46889483574874,"F001","P1","P32"
"G29","Y1_L3","L3","Y1","1","B2",4,4,"G29","fullrep_MET",1000,432,8.52353556614763,22.0461818189334,26.2316126717469,104.142471317564,8.52353556614763,"F003","P1","P24"
"G22","Y1_L3","L3","Y1","1","B2",4,6,"G22","fullrep_MET",1000,433,7.03977631584076,32.1965214063096,25,92.6504534821531,7.03977631584076,"F003","P1","P24"
"G31","Y1_L3","L3","Y1","1","B3",6,8,"G31","fullrep_MET",1000,434,6.57693465606167,28.3983350469552,27.3426146711166,95.344240389627,6.57693465606167,"F004","P1","P71"
"G6","Y1_L3","L3","Y1","1","B2",5,8,"G6","fullrep_MET",1000,435,5.89744155951944,39.1864236228829,25,100.582437801751,5.89744155951944,"F001","P1","P32"
"G23","Y1_L3","L3","Y1","1","B2",4,5,"G23","fullrep_MET",1000,436,6.48423247929483,28.3859525421276,25.2219253011311,91.3309579122894,6.48423247929483,"F003","P1","P24"
"G33","Y1_L3","L3","Y1","1","B2",3,8,"G33","fullrep_MET",1000,437,6.75660269399425,29.5616467461485,26.0155948092305,106.64366245263,6.75660269399425,"F004","P1","P71"
"G42","Y1_L3","L3","Y1","1","B1",1,2,"G42","fullrep_MET",1000,438,4,33.1067291874185,30.3272317524646,84.4415952651589,4,"F005","P1","P46"
"G13","Y1_L3","L3","Y1","1","B1",1,5,"G13","fullrep_MET",1000,439,6.4282539136886,31.6279157912675,32.303639236969,104.703447894329,6.4282539136886,"F002","P1","P36"
"G10","Y1_L3","L3","Y1","1","B1",1,6,"G10","fullrep_MET",1000,440,6.39486239373946,31.6200575322773,25,91.7002294087619,6.39486239373946,"F001","P1","P32"
"G4","Y1_L3","L3","Y1","1","B2",5,5,"G4","fullrep_MET",1000,441,5.3688971451245,29.9148193999009,28.3429493278435,99.1807757023584,5.3688971451245,"F001","P1","P32"
"G50","Y1_L3","L3","Y1","1","B1",2,5,"G50","fullrep_MET",1000,442,5.86772865239143,28.9450161246995,28.493704199347,115.758132416733,5.86772865239143,"F005","P1","P46"
"G30","Y1_L3","L3","Y1","1","B3",6,7,"G30","fullrep_MET",1000,443,7.51527258936828,20.1506409843311,25,104.472083414764,7.51527258936828,"F003","P1","P24"
"G34","Y1_L3","L3","Y1","1","B3",6,6,"G34","fullrep_MET",1000,444,5.94101980368137,35.4223501205645,32.0203307449552,99.0600448737956,5.94101980368137,"F004","P1","P71"
"G1","Y1_L3","L3","Y1","1","B2",3,6,"G1","fullrep_MET",1000,445,5.88137498414897,26.3902353821402,25,98.5857012553335,5.88137498414897,"F001","P1","P32"
"G32","Y1_L3","L3","Y1","1","B1",2,2,"G32","fullrep_MET",1000,446,4.47231749966745,37.8675781844493,29.3917450970059,89.6283735685119,4.47231749966745,"F004","P1","P71"
"G40","Y1_L3","L3","Y1","1","B3",6,1,"G40","fullrep_MET",1000,447,5.72254963657621,31.9384651110304,30.6183990125759,107.089400852811,5.72254963657621,"F004","P1","P71"
"G38","Y1_L3","L3","Y1","1","B2",4,1,"G38","fullrep_MET",1000,448,5.67777381136873,28.3487826536239,28.8532152979757,107.343144597496,5.67777381136873,"F004","P1","P71"
"G5","Y1_L3","L3","Y1","1","B2",3,5,"G5","fullrep_MET",1000,449,6.39491390357288,11.8035832624886,30.637672883272,91.3233475226215,6.39491390357288,"F001","P1","P32"
"G9","Y1_L3","L3","Y1","1","B2",4,2,"G9","fullrep_MET",1000,450,5.91699433744904,30.3200467460424,28.6514172592518,115.82950478455,5.91699433744904,"F001","P1","P32"
"G25","Y1_L3","L3","Y1","2","B1",2,5,"G25","fullrep_MET",1000,451,6.4960583287484,27.5556673790625,27.149325889072,82.7408880505316,6.4960583287484,"F003","P1","P24"
"G23","Y1_L3","L3","Y1","2","B2",4,8,"G23","fullrep_MET",1000,452,6.15576741148761,24.2694331262902,26.7443599962866,80,6.15576741148761,"F003","P1","P24"
"G28","Y1_L3","L3","Y1","2","B1",2,2,"G28","fullrep_MET",1000,453,6.25670489669128,31.5161716425642,32.4803573046849,84.565200861112,6.25670489669128,"F003","P1","P24"
"G7","Y1_L3","L3","Y1","2","B2",4,7,"G7","fullrep_MET",1000,454,5.67651866289426,16.2956627453967,29.4566123006177,84.9559624617901,5.67651866289426,"F001","P1","P32"
"G30","Y1_L3","L3","Y1","2","B1",2,1,"G30","fullrep_MET",1000,455,7.14045177490345,13.5788280470128,27.6865189280571,97.408300472577,7.14045177490345,"F003","P1","P24"
"G31","Y1_L3","L3","Y1","2","B1",1,8,"G31","fullrep_MET",1000,456,5.26909466023033,17.0872849821239,25,82.1472192611513,5.26909466023033,"F004","P1","P71"
"G1","Y1_L3","L3","Y1","2","B3",6,7,"G1","fullrep_MET",1000,457,5.43988824136592,30.521553384608,26.7228982317381,87.2614169009828,5.43988824136592,"F001","P1","P32"
"G47","Y1_L3","L3","Y1","2","B2",5,2,"G47","fullrep_MET",1000,458,7.15545258116619,27.7346439420185,25,99.1992789235374,7.15545258116619,"F005","P1","P46"
"G2","Y1_L3","L3","Y1","2","B2",5,7,"G2","fullrep_MET",1000,459,6.24795306094012,26.9926772039878,27.7034230586496,89.0611791620208,6.24795306094012,"F001","P1","P32"
"G42","Y1_L3","L3","Y1","2","B1",1,7,"G42","fullrep_MET",1000,460,4,24.209856255561,31.6345152231027,83.0315861548248,4,"F005","P1","P46"
"G41","Y1_L3","L3","Y1","2","B1",2,3,"G41","fullrep_MET",1000,461,6.65434549901545,20.896929791668,26.740583028259,94.2661336811207,6.65434549901545,"F005","P1","P46"
"G21","Y1_L3","L3","Y1","2","B2",5,4,"G21","fullrep_MET",1000,462,4.79176008532265,27.0554323969282,31.2160298479828,83.3289004501337,4.79176008532265,"F003","P1","P24"
"G38","Y1_L3","L3","Y1","2","B2",3,8,"G38","fullrep_MET",1000,463,6.6520317706209,22.0929138811434,26.5152347006845,93.8329376344054,6.6520317706209,"F004","P1","P71"
"G40","Y1_L3","L3","Y1","2","B2",5,1,"G40","fullrep_MET",1000,464,5.33050633402399,30.5234270792341,29.9419985306278,91.7074035619126,5.33050633402399,"F004","P1","P71"
"G46","Y1_L3","L3","Y1","2","B2",3,6,"G46","fullrep_MET",1000,465,5.20842677423522,16.7805401731594,32.4140966923649,81.2079361720643,5.20842677423522,"F005","P1","P46"
"G37","Y1_L3","L3","Y1","2","B3",6,8,"G37","fullrep_MET",1000,466,5.39982981579369,30.8612245602098,30.8849242347468,108.886257374522,5.39982981579369,"F004","P1","P71"
"G29","Y1_L3","L3","Y1","2","B3",6,1,"G29","fullrep_MET",1000,467,7.97831523380517,23.9285004169337,27.8389496885085,91.9459715358489,7.97831523380517,"F003","P1","P24"
"G36","Y1_L3","L3","Y1","2","B1",3,1,"G36","fullrep_MET",1000,468,5.85688416119484,30.6090799263227,27.0893706387796,96.3544663697822,5.85688416119484,"F004","P1","P71"
"G4","Y1_L3","L3","Y1","2","B3",6,2,"G4","fullrep_MET",1000,469,6.0086996482639,33.8340301797335,28.6441765225563,95.6795864154631,6.0086996482639,"F001","P1","P32"
"G39","Y1_L3","L3","Y1","2","B2",4,1,"G39","fullrep_MET",1000,470,6.43676945927057,35.3156359157046,29.4893240302787,92.9205428248494,6.43676945927057,"F004","P1","P71"
"G35","Y1_L3","L3","Y1","2","B2",5,3,"G35","fullrep_MET",1000,471,6.4916432233509,31.084409184353,25,94.308585016481,6.4916432233509,"F004","P1","P71"
"G24","Y1_L3","L3","Y1","2","B2",5,5,"G24","fullrep_MET",1000,472,7.73565528366813,41.950693610943,25,83.3685922158389,7.73565528366813,"F003","P1","P24"
"G19","Y1_L3","L3","Y1","2","B2",4,3,"G19","fullrep_MET",1000,473,6.89169043491657,39.7887639676197,30.9667499833138,89.0361324636489,6.89169043491657,"F002","P1","P36"
"G10","Y1_L3","L3","Y1","2","B2",4,4,"G10","fullrep_MET",1000,474,6.03042918782974,32.0011337338986,30.8507462737756,90.4570787679361,6.03042918782974,"F001","P1","P32"
"G48","Y1_L3","L3","Y1","2","B2",4,6,"G48","fullrep_MET",1000,475,5.50882889545023,30.0534148314247,28.1820084038431,93.8802833056213,5.50882889545023,"F005","P1","P46"
"G5","Y1_L3","L3","Y1","2","B1",1,3,"G5","fullrep_MET",1000,476,6.38373493293246,16.8472517865772,26.004700051621,96.358862332941,6.38373493293246,"F001","P1","P32"
"G18","Y1_L3","L3","Y1","2","B1",3,2,"G18","fullrep_MET",1000,477,7.53878865394792,40.607422408346,25,95.3053629262091,7.53878865394792,"F002","P1","P36"
"G26","Y1_L3","L3","Y1","2","B1",1,5,"G26","fullrep_MET",1000,478,4.49191183445067,24.1829676744764,25,80,4.49191183445067,"F003","P1","P24"
"G32","Y1_L3","L3","Y1","2","B2",4,5,"G32","fullrep_MET",1000,479,4.30943881698723,36.0874242020419,28.1001129426031,97.1088403726232,4.30943881698723,"F004","P1","P71"
"G27","Y1_L3","L3","Y1","2","B3",7,2,"G27","fullrep_MET",1000,480,6.04204559039091,42.8265909609765,27.7884988495837,80,6.04204559039091,"F003","P1","P24"
"G14","Y1_L3","L3","Y1","2","B2",5,8,"G14","fullrep_MET",1000,481,5.24657235030303,32.429739616842,28.940206261338,93.8935101245975,5.24657235030303,"F002","P1","P36"
"G49","Y1_L3","L3","Y1","2","B1",1,2,"G49","fullrep_MET",1000,482,6.57581192595364,29.6667353412911,28.7148227302513,95.8832497537204,6.57581192595364,"F005","P1","P46"
"G8","Y1_L3","L3","Y1","2","B1",3,4,"G8","fullrep_MET",1000,483,6.40955738636618,24.3666079082211,27.6214923887422,103.452963013592,6.40955738636618,"F001","P1","P32"
"G17","Y1_L3","L3","Y1","2","B1",2,8,"G17","fullrep_MET",1000,484,4.51926901608282,38.7410375676671,31.4783885571008,88.0695667518727,4.51926901608282,"F002","P1","P36"
"G22","Y1_L3","L3","Y1","2","B1",1,6,"G22","fullrep_MET",1000,485,5.9815360261672,22.8891137839933,25,84.1740834083307,5.9815360261672,"F003","P1","P24"
"G34","Y1_L3","L3","Y1","2","B2",3,5,"G34","fullrep_MET",1000,486,4,24.5213461791785,31.0406328720164,99.5163217052413,4,"F004","P1","P71"
"G13","Y1_L3","L3","Y1","2","B1",2,7,"G13","fullrep_MET",1000,487,6.34547839806838,21.3134812704356,30.4426481384025,115.11507228458,6.34547839806838,"F002","P1","P36"
"G44","Y1_L3","L3","Y1","2","B1",2,6,"G44","fullrep_MET",1000,488,4,27.8674523761612,25,92.9173644454241,4,"F005","P1","P46"
"G12","Y1_L3","L3","Y1","2","B3",6,4,"G12","fullrep_MET",1000,489,8.40451193290481,37.6882137372243,30.5063256166084,102.488436263909,8.40451193290481,"F002","P1","P36"
"G43","Y1_L3","L3","Y1","2","B3",6,5,"G43","fullrep_MET",1000,490,6.23327825784146,37.3926943275717,26.9515729500525,85.2473263452869,6.23327825784146,"F005","P1","P46"
"G45","Y1_L3","L3","Y1","2","B1",1,4,"G45","fullrep_MET",1000,491,5.30722599220042,27.4825448446532,27.781387887747,98.631636608517,5.30722599220042,"F005","P1","P46"
"G6","Y1_L3","L3","Y1","2","B3",7,1,"G6","fullrep_MET",1000,492,5.05789763067827,45.554009710302,27.0730557241076,93.3187044195677,5.05789763067827,"F001","P1","P32"
"G16","Y1_L3","L3","Y1","2","B3",6,3,"G16","fullrep_MET",1000,493,8.94049040975701,31.9970317787798,34.8847390131663,95.5061888123381,8.94049040975701,"F002","P1","P36"
"G15","Y1_L3","L3","Y1","2","B1",2,4,"G15","fullrep_MET",1000,494,6.67756865160157,34.4940504415918,27.6435505310425,91.3346820585983,6.67756865160157,"F002","P1","P36"
"G20","Y1_L3","L3","Y1","2","B1",1,1,"G20","fullrep_MET",1000,495,6.62366208424056,37.3802503070409,31.9466135729569,88.8135842657764,6.62366208424056,"F002","P1","P36"
"G33","Y1_L3","L3","Y1","2","B3",6,6,"G33","fullrep_MET",1000,496,6.65904976329765,33.6865805161197,27.8113312254262,102.362946583905,6.65904976329765,"F004","P1","P71"
"G3","Y1_L3","L3","Y1","2","B2",5,6,"G3","fullrep_MET",1000,497,4.78513827254582,24.438949654041,28.2530084581754,89.339674932368,4.78513827254582,"F001","P1","P32"
"G11","Y1_L3","L3","Y1","2","B1",3,3,"G11","fullrep_MET",1000,498,6.69418715381619,31.4520540271712,30.7166358998807,87.8218126139859,6.69418715381619,"F002","P1","P36"
"G50","Y1_L3","L3","Y1","2","B2",4,2,"G50","fullrep_MET",1000,499,4.55366378736368,23.3191165712829,27.6269117577544,101.930765803378,4.55366378736368,"F005","P1","P46"
"G9","Y1_L3","L3","Y1","2","B2",3,7,"G9","fullrep_MET",1000,500,5.68989383900588,20.2695600028689,31.1697769325461,96.976330552772,5.68989383900588,"F001","P1","P32"
"G20","Y2_L3","L3","Y2","1","B1",1,3,"G20","fullrep_MET",1000,501,6.70544467660178,39.5878978591604,29.9582018710554,105.534908178851,6.70544467660178,"F002","P1","P36"
"G4","Y2_L3","L3","Y2","1","B2",4,3,"G4","fullrep_MET",1000,502,5.80683068826783,31.7587498528681,27.4297526009239,92.1982373059174,5.80683068826783,"F001","P1","P32"
"G1","Y2_L3","L3","Y2","1","B1",2,6,"G1","fullrep_MET",1000,503,5.28799115732309,24.7678437689666,26.0648908007015,95.2175843723929,5.28799115732309,"F001","P1","P32"
"G38","Y2_L3","L3","Y2","1","B3",6,7,"G38","fullrep_MET",1000,504,8.74024180416044,22.3321259611238,25.387749230298,110.468675596211,8.74024180416044,"F004","P1","P71"
"G13","Y2_L3","L3","Y2","1","B2",3,5,"G13","fullrep_MET",1000,505,7.10530219005946,27.7101908476431,34.5622319030594,122.280891946179,7.10530219005946,"F002","P1","P36"
"G24","Y2_L3","L3","Y2","1","B3",6,5,"G24","fullrep_MET",1000,506,6.50018293336572,42.3838355364993,25,98.8852077496468,6.50018293336572,"F003","P1","P24"
"G29","Y2_L3","L3","Y2","1","B1",1,8,"G29","fullrep_MET",1000,507,7.41319093297652,16.8278361685199,27.3942662772043,95.0677235239842,7.41319093297652,"F003","P1","P24"
"G5","Y2_L3","L3","Y2","1","B2",5,5,"G5","fullrep_MET",1000,508,6.57903760018144,22.5735799892578,31.0875545733468,88.9651256528902,6.57903760018144,"F001","P1","P32"
"G2","Y2_L3","L3","Y2","1","B2",4,4,"G2","fullrep_MET",1000,509,7.57924535585283,47.4899737780328,28.028613101424,99.8750534639132,7.57924535585283,"F001","P1","P32"
"G32","Y2_L3","L3","Y2","1","B2",4,6,"G32","fullrep_MET",1000,510,7.46489960549973,44.4947079152329,33.4220382500096,99.0352987120564,7.46489960549973,"F004","P1","P71"
"G46","Y2_L3","L3","Y2","1","B2",3,6,"G46","fullrep_MET",1000,511,6.89183738832224,21.7302902144399,29.7090145449807,102.948878753604,6.89183738832224,"F005","P1","P46"
"G44","Y2_L3","L3","Y2","1","B2",5,2,"G44","fullrep_MET",1000,512,4.94060315372288,28.9974605609372,29.1935715426455,104.205415341673,4.94060315372288,"F005","P1","P46"
"G8","Y2_L3","L3","Y2","1","B1",2,7,"G8","fullrep_MET",1000,513,6.30682297043213,20.5407966259661,27.9087213014661,107.566492315332,6.30682297043213,"F001","P1","P32"
"G42","Y2_L3","L3","Y2","1","B1",2,5,"G42","fullrep_MET",1000,514,5.27074540050681,27.2698858366528,27.4647667222293,93.1867688256636,5.27074540050681,"F005","P1","P46"
"G15","Y2_L3","L3","Y2","1","B1",3,3,"G15","fullrep_MET",1000,515,7.88675661175745,39.9229299522419,30.8028471325949,97.1048477427777,7.88675661175745,"F002","P1","P36"
"G39","Y2_L3","L3","Y2","1","B1",1,1,"G39","fullrep_MET",1000,516,6.55630671985443,33.5647494449557,31.2548097395024,92.4091700212894,6.55630671985443,"F004","P1","P71"
"G31","Y2_L3","L3","Y2","1","B3",7,2,"G31","fullrep_MET",1000,517,5.76575852155394,38.8151325619829,26.720299662485,99.5565455313962,5.76575852155394,"F004","P1","P71"
"G16","Y2_L3","L3","Y2","1","B1",3,1,"G16","fullrep_MET",1000,518,8.70805767401318,25.5348298370871,35.475815534578,113.645576125897,8.70805767401318,"F002","P1","P36"
"G36","Y2_L3","L3","Y2","1","B3",6,2,"G36","fullrep_MET",1000,519,8.56057460658813,35.0618645573581,29.2054267896195,105.617284202102,8.56057460658813,"F004","P1","P71"
"G10","Y2_L3","L3","Y2","1","B1",1,7,"G10","fullrep_MET",1000,520,6.30413898423201,26.0873559174452,28.0185275352666,105.446535291521,6.30413898423201,"F001","P1","P32"
"G22","Y2_L3","L3","Y2","1","B1",1,2,"G22","fullrep_MET",1000,521,6.64743839865656,32.8469816330859,25,92.0756560536356,6.64743839865656,"F003","P1","P24"
"G47","Y2_L3","L3","Y2","1","B3",6,3,"G47","fullrep_MET",1000,522,6.37682156572791,42.5931539049401,26.6961592948111,94.2730803257933,6.37682156572791,"F005","P1","P46"
"G17","Y2_L3","L3","Y2","1","B1",2,3,"G17","fullrep_MET",1000,523,6.42920058147899,40.173191384203,29.9164436375625,97.2688934222204,6.42920058147899,"F002","P1","P36"
"G30","Y2_L3","L3","Y2","1","B2",4,8,"G30","fullrep_MET",1000,524,7.93042246362473,23.0767738385881,25.3045344360132,108.526819357068,7.93042246362473,"F003","P1","P24"
"G34","Y2_L3","L3","Y2","1","B2",4,1,"G34","fullrep_MET",1000,525,5.24309099942367,33.8816839933241,31.3746430698338,118.907479315856,5.24309099942367,"F004","P1","P71"
"G43","Y2_L3","L3","Y2","1","B1",2,8,"G43","fullrep_MET",1000,526,5.38688917494424,31.9807835046365,25.6332784160906,102.905112148963,5.38688917494424,"F005","P1","P46"
"G11","Y2_L3","L3","Y2","1","B2",5,1,"G11","fullrep_MET",1000,527,8.15470802747891,40.7104866069369,35.4145989825282,102.88435238862,8.15470802747891,"F002","P1","P36"
"G23","Y2_L3","L3","Y2","1","B3",6,6,"G23","fullrep_MET",1000,528,6.34817614470798,26.3465854204383,25.3983597895491,87.599351117877,6.34817614470798,"F003","P1","P24"
"G40","Y2_L3","L3","Y2","1","B2",3,7,"G40","fullrep_MET",1000,529,5.15025775286312,31.6536614724349,30.6466029570184,103.084889496779,5.15025775286312,"F004","P1","P71"
"G45","Y2_L3","L3","Y2","1","B2",5,4,"G45","fullrep_MET",1000,530,6.23501913642066,32.8095815995958,35.6451834446659,108.518361608127,6.23501913642066,"F005","P1","P46"
"G19","Y2_L3","L3","Y2","1","B2",4,2,"G19","fullrep_MET",1000,531,6.09855970838245,49.6721086032166,31.0088886060395,88.5762482974856,6.09855970838245,"F002","P1","P36"
"G12","Y2_L3","L3","Y2","1","B3",6,8,"G12","fullrep_MET",1000,532,6.03108663267972,41.9953884292273,31.4829868318467,110.776134113995,6.03108663267972,"F002","P1","P36"
"G26","Y2_L3","L3","Y2","1","B2",3,8,"G26","fullrep_MET",1000,533,5.58904710745506,27.2662991570195,25,96.2657579213778,5.58904710745506,"F003","P1","P24"
"G37","Y2_L3","L3","Y2","1","B1",2,1,"G37","fullrep_MET",1000,534,5.91716537759705,19.5761253984479,27.1373334188922,115.400183253726,5.91716537759705,"F004","P1","P71"
"G25","Y2_L3","L3","Y2","1","B3",6,1,"G25","fullrep_MET",1000,535,7.70765761588666,39.7298587209184,31.3305001686025,103.307429004359,7.70765761588666,"F003","P1","P24"
"G48","Y2_L3","L3","Y2","1","B2",5,8,"G48","fullrep_MET",1000,536,6.71899605712062,30.9012911331,25.0537389616638,105.540591757919,6.71899605712062,"F005","P1","P46"
"G6","Y2_L3","L3","Y2","1","B3",6,4,"G6","fullrep_MET",1000,537,6.22514511196372,40.6509164125106,28.0521051715324,107.161355443384,6.22514511196372,"F001","P1","P32"
"G28","Y2_L3","L3","Y2","1","B2",5,6,"G28","fullrep_MET",1000,538,7.36832178658726,34.0305085891274,31.6658243810242,96.5362160927027,7.36832178658726,"F003","P1","P24"
"G21","Y2_L3","L3","Y2","1","B2",4,7,"G21","fullrep_MET",1000,539,6.02294077303645,33.8697912685128,25.8735877694923,90.9696532394468,6.02294077303645,"F003","P1","P24"
"G3","Y2_L3","L3","Y2","1","B2",5,7,"G3","fullrep_MET",1000,540,6.25364934208257,30.710047863528,29.7677660283646,97.4967544758895,6.25364934208257,"F001","P1","P32"
"G41","Y2_L3","L3","Y2","1","B3",7,1,"G41","fullrep_MET",1000,541,7.25538239099751,25.0623398729857,31.109321366435,95.5960758752423,7.25538239099751,"F005","P1","P46"
"G50","Y2_L3","L3","Y2","1","B1",2,4,"G50","fullrep_MET",1000,542,5.64265808261787,29.9134395800293,25,111.772000644075,5.64265808261787,"F005","P1","P46"
"G49","Y2_L3","L3","Y2","1","B1",2,2,"G49","fullrep_MET",1000,543,6.31943933378311,28.3712318011927,27.1231900905363,107.206350254793,6.31943933378311,"F005","P1","P46"
"G27","Y2_L3","L3","Y2","1","B2",4,5,"G27","fullrep_MET",1000,544,6.54879929339962,33.7519070597336,25.9922339324297,87.6265630231956,6.54879929339962,"F003","P1","P24"
"G35","Y2_L3","L3","Y2","1","B1",1,6,"G35","fullrep_MET",1000,545,6.4164294334427,31.5228930426579,25,94.3553280117232,6.4164294334427,"F004","P1","P71"
"G33","Y2_L3","L3","Y2","1","B1",3,2,"G33","fullrep_MET",1000,546,6.3564849511406,33.8211126843764,27.9727165366078,109.114184797388,6.3564849511406,"F004","P1","P71"
"G9","Y2_L3","L3","Y2","1","B1",1,5,"G9","fullrep_MET",1000,547,4.14817486272746,32.1812677234485,27.8424036984056,102.851227955676,4.14817486272746,"F001","P1","P32"
"G18","Y2_L3","L3","Y2","1","B2",5,3,"G18","fullrep_MET",1000,548,8.01762520145835,41.5640804400144,28.2742084463125,89.7626166992672,8.01762520145835,"F002","P1","P36"
"G7","Y2_L3","L3","Y2","1","B1",1,4,"G7","fullrep_MET",1000,549,4.98649284117734,20.0805322707892,31.1524488379775,98.0765844778231,4.98649284117734,"F001","P1","P32"
"G14","Y2_L3","L3","Y2","1","B1",3,4,"G14","fullrep_MET",1000,550,5.85837003503555,34.2784096470387,26.6087261059447,108.38273934135,5.85837003503555,"F002","P1","P36"
"G15","Y2_L3","L3","Y2","2","B1",1,4,"G15","fullrep_MET",1000,551,7.10490912025577,34.978627761443,30.3977819332891,94.0552307206605,7.10490912025577,"F002","P1","P36"
"G50","Y2_L3","L3","Y2","2","B2",5,5,"G50","fullrep_MET",1000,552,6.13621963860911,27.8774212507965,27.7813637009764,113.225764742626,6.13621963860911,"F005","P1","P46"
"G25","Y2_L3","L3","Y2","2","B2",4,4,"G25","fullrep_MET",1000,553,6.62893924040966,40.5159177632643,28.2774551358359,99.7970072557333,6.62893924040966,"F003","P1","P24"
"G20","Y2_L3","L3","Y2","2","B1",2,7,"G20","fullrep_MET",1000,554,6.45919694885478,36.7159136823424,28.5483597596956,113.502746395691,6.45919694885478,"F002","P1","P36"
"G7","Y2_L3","L3","Y2","2","B3",7,2,"G7","fullrep_MET",1000,555,5.06501271687964,26.1844856165778,30.216264926681,95.9606606119935,5.06501271687964,"F001","P1","P32"
"G23","Y2_L3","L3","Y2","2","B1",2,4,"G23","fullrep_MET",1000,556,6.3696903033246,27.2866499724799,25.7213670448404,89.1812820910521,6.3696903033246,"F003","P1","P24"
"G11","Y2_L3","L3","Y2","2","B1",1,8,"G11","fullrep_MET",1000,557,5.7263155814962,23.9167685323216,28.0226570716778,105.773699176043,5.7263155814962,"F002","P1","P36"
"G38","Y2_L3","L3","Y2","2","B2",3,6,"G38","fullrep_MET",1000,558,6.80412986030335,28.9117677478667,29.7267517919845,107.350055296099,6.80412986030335,"F004","P1","P71"
"G1","Y2_L3","L3","Y2","2","B1",1,5,"G1","fullrep_MET",1000,559,5.36939144998614,29.0120466275036,26.0072322454806,95.0046479314982,5.36939144998614,"F001","P1","P32"
"G49","Y2_L3","L3","Y2","2","B1",3,3,"G49","fullrep_MET",1000,560,6.95500964219518,33.6777474988825,28.721518849963,108.626082731984,6.95500964219518,"F005","P1","P46"
"G40","Y2_L3","L3","Y2","2","B3",6,1,"G40","fullrep_MET",1000,561,6.59573071983473,33.8351685947949,28.9340366407641,105.384112210203,6.59573071983473,"F004","P1","P71"
"G24","Y2_L3","L3","Y2","2","B2",4,5,"G24","fullrep_MET",1000,562,5.71198744546939,42.0996649998227,26.2626846179026,89.3424208335142,5.71198744546939,"F003","P1","P24"
"G48","Y2_L3","L3","Y2","2","B3",6,6,"G48","fullrep_MET",1000,563,5.36767765340614,29.2923571005688,25.6553620250258,104.330734969769,5.36767765340614,"F005","P1","P46"
"G42","Y2_L3","L3","Y2","2","B1",3,1,"G42","fullrep_MET",1000,564,5.61176460895792,27.6598157187795,29.4908000005253,87.0602042894087,5.61176460895792,"F005","P1","P46"
"G19","Y2_L3","L3","Y2","2","B2",5,2,"G19","fullrep_MET",1000,565,5.12881191863802,42.4315433267421,30.76377175097,95.726366336017,5.12881191863802,"F002","P1","P36"
"G41","Y2_L3","L3","Y2","2","B1",2,3,"G41","fullrep_MET",1000,566,5.99887714538363,24.3102742258976,28.7258274806463,96.6204563090638,5.99887714538363,"F005","P1","P46"
"G18","Y2_L3","L3","Y2","2","B3",6,5,"G18","fullrep_MET",1000,567,8.65453119728599,44.1617068062778,26.2364923694212,97.7168327847136,8.65453119728599,"F002","P1","P36"
"G8","Y2_L3","L3","Y2","2","B2",5,7,"G8","fullrep_MET",1000,568,7.9047349501915,26.1852880369931,29.9275219681514,97.173573609339,7.9047349501915,"F001","P1","P32"
"G29","Y2_L3","L3","Y2","2","B2",4,7,"G29","fullrep_MET",1000,569,7.27309301367189,20.5930962005131,29.2568419774754,95.6586524627034,7.27309301367189,"F003","P1","P24"
"G33","Y2_L3","L3","Y2","2","B2",4,8,"G33","fullrep_MET",1000,570,5.45139930264825,34.369468559767,25,115.816129315271,5.45139930264825,"F004","P1","P71"
"G45","Y2_L3","L3","Y2","2","B1",2,1,"G45","fullrep_MET",1000,571,5.43825579910871,31.136594247122,31.1541211372249,101.433197481653,5.43825579910871,"F005","P1","P46"
"G5","Y2_L3","L3","Y2","2","B2",3,8,"G5","fullrep_MET",1000,572,5.81725967633772,16.7359355578983,29.1644305153401,98.3472898862414,5.81725967633772,"F001","P1","P32"
"G6","Y2_L3","L3","Y2","2","B3",6,7,"G6","fullrep_MET",1000,573,6.41903502978727,36.6845820778329,28.8905937389279,96.4253502213079,6.41903502978727,"F001","P1","P32"
"G27","Y2_L3","L3","Y2","2","B3",7,1,"G27","fullrep_MET",1000,574,6.1840082219198,33.9974670554239,26.5030487759534,94.5875086986764,6.1840082219198,"F003","P1","P24"
"G44","Y2_L3","L3","Y2","2","B1",2,2,"G44","fullrep_MET",1000,575,5.81352880843926,23.769108980668,27.8365134874862,88.506523784054,5.81352880843926,"F005","P1","P46"
"G31","Y2_L3","L3","Y2","2","B3",6,8,"G31","fullrep_MET",1000,576,5.88644225384098,25.6063576340036,30.0195225613196,102.752167441214,5.88644225384098,"F004","P1","P71"
"G3","Y2_L3","L3","Y2","2","B3",6,2,"G3","fullrep_MET",1000,577,7.24502920338786,28.7652837051666,27.9104402079504,97.9834658583135,7.24502920338786,"F001","P1","P32"
"G47","Y2_L3","L3","Y2","2","B1",1,7,"G47","fullrep_MET",1000,578,6.85065063981582,28.9088112316834,25,96.1268832403745,6.85065063981582,"F005","P1","P46"
"G43","Y2_L3","L3","Y2","2","B2",4,3,"G43","fullrep_MET",1000,579,5.63765599486847,35.8078267942514,30.5283735825706,101.397748271186,5.63765599486847,"F005","P1","P46"
"G37","Y2_L3","L3","Y2","2","B2",5,6,"G37","fullrep_MET",1000,580,5.51144209877947,32.7545379602987,27.6967978588545,117.226593727023,5.51144209877947,"F004","P1","P71"
"G10","Y2_L3","L3","Y2","2","B1",1,6,"G10","fullrep_MET",1000,581,6.17540933049871,26.8758544910577,26.9514363846391,97.2785501550572,6.17540933049871,"F001","P1","P32"
"G30","Y2_L3","L3","Y2","2","B2",4,2,"G30","fullrep_MET",1000,582,7.79540024777691,28.9200181370179,25.7133823444031,103.870964424868,7.79540024777691,"F003","P1","P24"
"G26","Y2_L3","L3","Y2","2","B2",3,5,"G26","fullrep_MET",1000,583,5.51468338252677,22.6762627201864,25,93.1711518543395,5.51468338252677,"F003","P1","P24"
"G28","Y2_L3","L3","Y2","2","B1",2,5,"G28","fullrep_MET",1000,584,6.86860495852416,27.9296353045066,32.0665440169498,94.7474144408466,6.86860495852416,"F003","P1","P24"
"G12","Y2_L3","L3","Y2","2","B1",1,1,"G12","fullrep_MET",1000,585,6.44296936119753,39.7408213054794,30.7910881904929,107.398391461678,6.44296936119753,"F002","P1","P36"
"G21","Y2_L3","L3","Y2","2","B2",4,6,"G21","fullrep_MET",1000,586,6.36334644255083,32.9674174035734,25,91.7831923878806,6.36334644255083,"F003","P1","P24"
"G16","Y2_L3","L3","Y2","2","B1",2,6,"G16","fullrep_MET",1000,587,8.32173789774694,23.1527885141044,34.1703241407587,105.597137096215,8.32173789774694,"F002","P1","P36"
"G35","Y2_L3","L3","Y2","2","B2",5,3,"G35","fullrep_MET",1000,588,4.42255970762895,38.1594068403778,25,94.735645267346,4.42255970762895,"F004","P1","P71"
"G39","Y2_L3","L3","Y2","2","B2",5,1,"G39","fullrep_MET",1000,589,6.09360968066417,33.5791008870167,28.697232839199,102.2931305892,6.09360968066417,"F004","P1","P71"
"G9","Y2_L3","L3","Y2","2","B1",1,3,"G9","fullrep_MET",1000,590,6.56679764608978,26.6324868147615,25.4621185780818,93.0894890461683,6.56679764608978,"F001","P1","P32"
"G36","Y2_L3","L3","Y2","2","B2",5,8,"G36","fullrep_MET",1000,591,5.57642984384451,36.8202709063428,28.9963560347643,103.812134878527,5.57642984384451,"F004","P1","P71"
"G14","Y2_L3","L3","Y2","2","B1",2,8,"G14","fullrep_MET",1000,592,6.09128522283563,28.4286075950438,25.5695234737976,105.443059744029,6.09128522283563,"F002","P1","P36"
"G34","Y2_L3","L3","Y2","2","B3",6,3,"G34","fullrep_MET",1000,593,4.79785452936618,25.0640398744153,28.5271188664569,117.676228358253,4.79785452936618,"F004","P1","P71"
"G17","Y2_L3","L3","Y2","2","B1",1,2,"G17","fullrep_MET",1000,594,7.37952481690744,38.0463453659686,31.1207379462813,92.4729006053036,7.37952481690744,"F002","P1","P36"
"G4","Y2_L3","L3","Y2","2","B2",5,4,"G4","fullrep_MET",1000,595,4,31.0396279640966,27.2976488282753,94.9754321337269,4,"F001","P1","P32"
"G32","Y2_L3","L3","Y2","2","B2",4,1,"G32","fullrep_MET",1000,596,6.06003140422335,47.8605376548376,32.2797767639556,101.658894855497,6.06003140422335,"F004","P1","P71"
"G13","Y2_L3","L3","Y2","2","B2",3,7,"G13","fullrep_MET",1000,597,7.80687943953513,21.0896766134444,32.9846460561137,116.099826804122,7.80687943953513,"F002","P1","P36"
"G22","Y2_L3","L3","Y2","2","B1",3,2,"G22","fullrep_MET",1000,598,6.63314232927666,31.6854410964024,25,87.5761872155081,6.63314232927666,"F003","P1","P24"
"G2","Y2_L3","L3","Y2","2","B1",3,4,"G2","fullrep_MET",1000,599,7.83136039129622,33.5776911139884,27.8528641854507,91.341550197483,7.83136039129622,"F001","P1","P32"
"G46","Y2_L3","L3","Y2","2","B3",6,4,"G46","fullrep_MET",1000,600,7.59168858419317,16.9120626049045,31.7071099331043,100.619162458993,7.59168858419317,"F005","P1","P46"
"G25","Y1_L4","L4","Y1","1","B2",5,5,"G25","fullrep_MET",1000,601,6.51375092667385,34.744194075279,27.7922673957812,109.670548969199,6.51375092667385,"F003","P1","P24"
"G12","Y1_L4","L4","Y1","1","B3",6,4,"G12","fullrep_MET",1000,602,5.14718049291987,43.3005470609673,28.67308885449,107.037123373873,5.14718049291987,"F002","P1","P36"
"G9","Y1_L4","L4","Y1","1","B2",4,5,"G9","fullrep_MET",1000,603,5.71443921686227,38.3936220333901,26.8053483561603,110.110991173146,5.71443921686227,"F001","P1","P32"
"G10","Y1_L4","L4","Y1","1","B3",6,2,"G10","fullrep_MET",1000,604,7.3101706447185,40.648894800225,26.9952202658614,100.686061954978,7.3101706447185,"F001","P1","P32"
"G37","Y1_L4","L4","Y1","1","B2",4,2,"G37","fullrep_MET",1000,605,4.76246094395902,37.3174089887419,25,111.308477196475,4.76246094395902,"F004","P1","P71"
"G30","Y1_L4","L4","Y1","1","B2",5,1,"G30","fullrep_MET",1000,606,6.45683281850348,30.663455244514,25,114.683895955218,6.45683281850348,"F003","P1","P24"
"G43","Y1_L4","L4","Y1","1","B3",6,8,"G43","fullrep_MET",1000,607,5.26345071315479,39.8598065832587,25,99.3812753271207,5.26345071315479,"F005","P1","P46"
"G49","Y1_L4","L4","Y1","1","B1",3,4,"G49","fullrep_MET",1000,608,4,39.3147815536297,28.684270801422,112.090300802732,4,"F005","P1","P46"
"G11","Y1_L4","L4","Y1","1","B2",3,7,"G11","fullrep_MET",1000,609,7.95999045614968,39.8587978120089,32.5313355614394,102.57649097355,7.95999045614968,"F002","P1","P36"
"G28","Y1_L4","L4","Y1","1","B2",4,6,"G28","fullrep_MET",1000,610,6.624830688586,41.7632324972539,32.8839847332899,87.0825749086322,6.624830688586,"F003","P1","P24"
"G29","Y1_L4","L4","Y1","1","B1",1,4,"G29","fullrep_MET",1000,611,6.35161326305059,24.4068052771508,27.6797101711678,105.39738354937,6.35161326305059,"F003","P1","P24"
"G2","Y1_L4","L4","Y1","1","B1",1,3,"G2","fullrep_MET",1000,612,5.60160745995242,32.3536082532201,27.6336248768125,94.830044751699,5.60160745995242,"F001","P1","P32"
"G48","Y1_L4","L4","Y1","1","B1",2,6,"G48","fullrep_MET",1000,613,5.50045708178309,28.7883379283565,28.3196065994704,106.723486503174,5.50045708178309,"F005","P1","P46"
"G34","Y1_L4","L4","Y1","1","B2",5,7,"G34","fullrep_MET",1000,614,4.99002595481827,31.0824678444308,28.238691207147,115.207462025553,4.99002595481827,"F004","P1","P71"
"G1","Y1_L4","L4","Y1","1","B1",1,2,"G1","fullrep_MET",1000,615,5.5440220591146,32.6225888691964,25,103.573430597682,5.5440220591146,"F001","P1","P32"
"G26","Y1_L4","L4","Y1","1","B2",4,8,"G26","fullrep_MET",1000,616,5.54999573115552,29.0324947484725,25,103.631346487615,5.54999573115552,"F003","P1","P24"
"G6","Y1_L4","L4","Y1","1","B2",5,8,"G6","fullrep_MET",1000,617,5.0756335446738,45.4249931258012,27.7744957686266,97.6187432291198,5.0756335446738,"F001","P1","P32"
"G50","Y1_L4","L4","Y1","1","B2",5,2,"G50","fullrep_MET",1000,618,6.40877198324535,38.5430721145724,25.6955665220733,121.54449849006,6.40877198324535,"F005","P1","P46"
"G7","Y1_L4","L4","Y1","1","B1",2,1,"G7","fullrep_MET",1000,619,6.56583475737126,27.4189210190032,26.9970537965245,96.2883295655296,6.56583475737126,"F001","P1","P32"
"G47","Y1_L4","L4","Y1","1","B2",3,8,"G47","fullrep_MET",1000,620,5.32245778121183,33.5427507000973,25,99.0648428425836,5.32245778121183,"F005","P1","P46"
"G33","Y1_L4","L4","Y1","1","B1",2,5,"G33","fullrep_MET",1000,621,5.65712695250054,45.5101481071975,26.6305718376746,101.295854911981,5.65712695250054,"F004","P1","P71"
"G8","Y1_L4","L4","Y1","1","B1",3,2,"G8","fullrep_MET",1000,622,7.45105244166333,32.775754904875,28.0681283260492,110.798551586253,7.45105244166333,"F001","P1","P32"
"G3","Y1_L4","L4","Y1","1","B3",6,5,"G3","fullrep_MET",1000,623,5.01520248681391,39.6079321494182,25,95.4965188746221,5.01520248681391,"F001","P1","P32"
"G24","Y1_L4","L4","Y1","1","B2",4,7,"G24","fullrep_MET",1000,624,6.07511606532877,49.2986452627597,25,98.721352427522,6.07511606532877,"F003","P1","P24"
"G16","Y1_L4","L4","Y1","1","B2",5,3,"G16","fullrep_MET",1000,625,8.32624331630004,31.2968877359582,31.9619609929349,113.01794574226,8.32624331630004,"F002","P1","P36"
"G45","Y1_L4","L4","Y1","1","B2",3,5,"G45","fullrep_MET",1000,626,4.29172898888704,35.1400293450908,26.2921326863757,112.11475546483,4.29172898888704,"F005","P1","P46"
"G4","Y1_L4","L4","Y1","1","B1",1,1,"G4","fullrep_MET",1000,627,6.12639473874473,26.4951565579981,27.1066123009851,96.5516441014462,6.12639473874473,"F001","P1","P32"
"G23","Y1_L4","L4","Y1","1","B1",2,4,"G23","fullrep_MET",1000,628,6.03784206491686,30.6569522485519,28.4395071131187,85.2313920080956,6.03784206491686,"F003","P1","P24"
"G35","Y1_L4","L4","Y1","1","B1",1,7,"G35","fullrep_MET",1000,629,5.43061488701076,43.8706671373325,25,97.0458522113158,5.43061488701076,"F004","P1","P71"
"G40","Y1_L4","L4","Y1","1","B3",7,1,"G40","fullrep_MET",1000,630,5.90005768696919,41.713081165386,25.444197511867,115.68574829981,5.90005768696919,"F004","P1","P71"
"G32","Y1_L4","L4","Y1","1","B3",6,7,"G32","fullrep_MET",1000,631,5.15143787125303,45.5609027635706,28.5405087765581,101.387652865934,5.15143787125303,"F004","P1","P71"
"G13","Y1_L4","L4","Y1","1","B1",3,3,"G13","fullrep_MET",1000,632,7.4730582287439,36.346405372771,37.2685638260565,112.17167118458,7.4730582287439,"F002","P1","P36"
"G27","Y1_L4","L4","Y1","1","B3",7,2,"G27","fullrep_MET",1000,633,5.55573370276731,35.3257445028621,25,86.8321860871815,5.55573370276731,"F003","P1","P24"
"G44","Y1_L4","L4","Y1","1","B3",6,1,"G44","fullrep_MET",1000,634,5.5629756239432,30.7917240198212,28.1103055855477,96.6257851979577,5.5629756239432,"F005","P1","P46"
"G15","Y1_L4","L4","Y1","1","B2",4,1,"G15","fullrep_MET",1000,635,7.56123246274864,51.7519566752182,28.327886470955,101.09677299293,7.56123246274864,"F002","P1","P36"
"G20","Y1_L4","L4","Y1","1","B1",2,2,"G20","fullrep_MET",1000,636,6.94411108660626,35.3668190568263,31.6830677092705,113.940853759137,6.94411108660626,"F002","P1","P36"
"G5","Y1_L4","L4","Y1","1","B2",4,3,"G5","fullrep_MET",1000,637,7.13784363463708,31.9911638801298,27.6065451818904,98.6545451790699,7.13784363463708,"F001","P1","P32"
"G18","Y1_L4","L4","Y1","1","B1",1,6,"G18","fullrep_MET",1000,638,6.94497456306754,39.3861668312112,25.5983524545038,80,6.94497456306754,"F002","P1","P36"
"G22","Y1_L4","L4","Y1","1","B1",2,3,"G22","fullrep_MET",1000,639,6.65512409916829,44.734788114879,25,101.13112992067,6.65512409916829,"F003","P1","P24"
"G42","Y1_L4","L4","Y1","1","B1",2,7,"G42","fullrep_MET",1000,640,4,29.9551738179661,29.39439692882,98.0582778186529,4,"F005","P1","P46"
"G14","Y1_L4","L4","Y1","1","B2",5,4,"G14","fullrep_MET",1000,641,6.87690654407098,36.4557607318336,25.3543685248205,112.367107978709,6.87690654407098,"F002","P1","P36"
"G36","Y1_L4","L4","Y1","1","B2",5,6,"G36","fullrep_MET",1000,642,7.00355975643534,39.6160792637698,27.5479156796519,103.206012287588,7.00355975643534,"F004","P1","P71"
"G19","Y1_L4","L4","Y1","1","B3",6,6,"G19","fullrep_MET",1000,643,6.66204693304743,42.4169305464795,27.9033779741639,99.2358949666398,6.66204693304743,"F002","P1","P36"
"G46","Y1_L4","L4","Y1","1","B1",2,8,"G46","fullrep_MET",1000,644,5.70732216355106,29.3772214021876,31.5799485423602,96.2461967950192,5.70732216355106,"F005","P1","P46"
"G17","Y1_L4","L4","Y1","1","B2",3,6,"G17","fullrep_MET",1000,645,4.88906500795754,44.7482026379655,26.1271343504503,90.7974059023987,4.88906500795754,"F002","P1","P36"
"G21","Y1_L4","L4","Y1","1","B1",1,5,"G21","fullrep_MET",1000,646,5.30766716328782,24.9554568328201,25,92.143261324374,5.30766716328782,"F003","P1","P24"
"G31","Y1_L4","L4","Y1","1","B1",1,8,"G31","fullrep_MET",1000,647,4.42346901727903,31.2329998623062,25,93.609893736302,4.42346901727903,"F004","P1","P71"
"G38","Y1_L4","L4","Y1","1","B1",3,1,"G38","fullrep_MET",1000,648,6.40978081762289,28.3153140397357,25,125.376546836642,6.40978081762289,"F004","P1","P71"
"G41","Y1_L4","L4","Y1","1","B3",6,3,"G41","fullrep_MET",1000,649,6.06938291998685,36.1970480916226,31.7416279833208,94.82559716882,6.06938291998685,"F005","P1","P46"
"G39","Y1_L4","L4","Y1","1","B2",4,4,"G39","fullrep_MET",1000,650,5.83937767430495,45.9292520191886,27.8529815200903,106.102432585059,5.83937767430495,"F004","P1","P71"
"G13","Y1_L4","L4","Y1","2","B1",3,1,"G13","fullrep_MET",1000,651,6.15716995169863,31.2797619480678,35.6145901606336,122.317764094923,6.15716995169863,"F002","P1","P36"
"G27","Y1_L4","L4","Y1","2","B1",2,1,"G27","fullrep_MET",1000,652,4.72522846139544,36.801342207772,27.1845381793421,94.8102857779684,4.72522846139544,"F003","P1","P24"
"G1","Y1_L4","L4","Y1","2","B2",4,8,"G1","fullrep_MET",1000,653,5.95610580442868,33.8921563840355,26.4152877186769,106.394149385558,5.95610580442868,"F001","P1","P32"
"G10","Y1_L4","L4","Y1","2","B3",7,2,"G10","fullrep_MET",1000,654,6.76921156160809,40.8492493430648,28.667220089274,105.404462142742,6.76921156160809,"F001","P1","P32"
"G41","Y1_L4","L4","Y1","2","B2",3,7,"G41","fullrep_MET",1000,655,5.04408064205547,38.3494677391262,29.0988512768432,101.795108538431,5.04408064205547,"F005","P1","P46"
"G39","Y1_L4","L4","Y1","2","B1",2,7,"G39","fullrep_MET",1000,656,5.75930562106013,40.1014276977281,28.3061611993716,94.5542469664923,5.75930562106013,"F004","P1","P71"
"G23","Y1_L4","L4","Y1","2","B1",1,3,"G23","fullrep_MET",1000,657,5.14362132830273,27.0088886718647,27.3641711230897,89.7999208575496,5.14362132830273,"F003","P1","P24"
"G38","Y1_L4","L4","Y1","2","B2",5,2,"G38","fullrep_MET",1000,658,6.88291686643987,32.5392930031294,25.5628629328598,110.312642997323,6.88291686643987,"F004","P1","P71"
"G32","Y1_L4","L4","Y1","2","B2",4,7,"G32","fullrep_MET",1000,659,6.37681588831272,46.4373354288951,32.3438847767812,108.330714712989,6.37681588831272,"F004","P1","P71"
"G42","Y1_L4","L4","Y1","2","B3",6,7,"G42","fullrep_MET",1000,660,4.27942476039846,38.1354839209847,25,97.9772850812108,4.27942476039846,"F005","P1","P46"
"G50","Y1_L4","L4","Y1","2","B1",1,6,"G50","fullrep_MET",1000,661,4.6364464191505,27.2451187043201,25,108.548145818844,4.6364464191505,"F005","P1","P46"
"G11","Y1_L4","L4","Y1","2","B1",1,7,"G11","fullrep_MET",1000,662,7.12089556605975,39.9685891821277,29.3946588708807,101.577065627464,7.12089556605975,"F002","P1","P36"
"G15","Y1_L4","L4","Y1","2","B2",4,5,"G15","fullrep_MET",1000,663,5.46091196073073,47.4528028001178,30.8291539370523,93.7585024479713,5.46091196073073,"F002","P1","P36"
"G37","Y1_L4","L4","Y1","2","B2",5,1,"G37","fullrep_MET",1000,664,6.21565813837418,43.3840190013491,28.1396560334815,117.919383491659,6.21565813837418,"F004","P1","P71"
"G28","Y1_L4","L4","Y1","2","B3",6,2,"G28","fullrep_MET",1000,665,6.5835602767659,41.7701045702083,30.3556174922998,103.079646667649,6.5835602767659,"F003","P1","P24"
"G36","Y1_L4","L4","Y1","2","B2",5,3,"G36","fullrep_MET",1000,666,6.63485418202827,39.1120371882399,29.3951336080128,108.82802751868,6.63485418202827,"F004","P1","P71"
"G40","Y1_L4","L4","Y1","2","B2",4,6,"G40","fullrep_MET",1000,667,5.5498427747527,44.2442762520847,26.4212806208194,111.01044153646,5.5498427747527,"F004","P1","P71"
"G9","Y1_L4","L4","Y1","2","B1",2,5,"G9","fullrep_MET",1000,668,5.13501743151667,37.4332189685521,30.7955486916633,109.976762889134,5.13501743151667,"F001","P1","P32"
"G25","Y1_L4","L4","Y1","2","B1",1,4,"G25","fullrep_MET",1000,669,5.29779581561313,34.2602703969374,25,106.491655794976,5.29779581561313,"F003","P1","P24"
"G4","Y1_L4","L4","Y1","2","B1",2,4,"G4","fullrep_MET",1000,670,6.341547007363,28.303017163297,29.8706113122455,97.6649555540895,6.341547007363,"F001","P1","P32"
"G21","Y1_L4","L4","Y1","2","B2",5,4,"G21","fullrep_MET",1000,671,7.45187335535002,33.7505399410574,26.1325059422798,103.041331491405,7.45187335535002,"F003","P1","P24"
"G20","Y1_L4","L4","Y1","2","B2",4,2,"G20","fullrep_MET",1000,672,6.72107812806285,48.5913990145633,34.0130489624453,116.78413655901,6.72107812806285,"F002","P1","P36"
"G35","Y1_L4","L4","Y1","2","B1",2,6,"G35","fullrep_MET",1000,673,6.06347663620494,39.1186820172521,25.6628689114827,96.8097278950928,6.06347663620494,"F004","P1","P71"
"G48","Y1_L4","L4","Y1","2","B3",6,4,"G48","fullrep_MET",1000,674,5.95349158427461,40.0467188741003,25,106.290350080735,5.95349158427461,"F005","P1","P46"
"G26","Y1_L4","L4","Y1","2","B2",4,4,"G26","fullrep_MET",1000,675,6.1740845781809,30.0496781141708,25,95.5404031325425,6.1740845781809,"F003","P1","P24"
"G14","Y1_L4","L4","Y1","2","B2",4,1,"G14","fullrep_MET",1000,676,6.0187449609856,38.9818184106645,29.7263420764516,109.574955724619,6.0187449609856,"F002","P1","P36"
"G46","Y1_L4","L4","Y1","2","B1",2,8,"G46","fullrep_MET",1000,677,7.03665955391055,22.6811473015668,27.0871487502089,111.818774385204,7.03665955391055,"F005","P1","P46"
"G34","Y1_L4","L4","Y1","2","B3",6,8,"G34","fullrep_MET",1000,678,4,31.3611520683151,26.9826535768512,111.496371603648,4,"F004","P1","P71"
"G22","Y1_L4","L4","Y1","2","B1",3,2,"G22","fullrep_MET",1000,679,6.92319373503827,42.2680664406074,25,89.3314138620207,6.92319373503827,"F003","P1","P24"
"G7","Y1_L4","L4","Y1","2","B2",3,5,"G7","fullrep_MET",1000,680,6.64971869013796,38.5950744495562,31.6682953452147,102.270207092478,6.64971869013796,"F001","P1","P32"
"G24","Y1_L4","L4","Y1","2","B1",2,2,"G24","fullrep_MET",1000,681,4.04035240063997,49.891680748817,25,95.1116685610756,4.04035240063997,"F003","P1","P24"
"G16","Y1_L4","L4","Y1","2","B2",5,6,"G16","fullrep_MET",1000,682,7.90629966713806,32.0264903596487,34.5249513309489,109.559469801253,7.90629966713806,"F002","P1","P36"
"G43","Y1_L4","L4","Y1","2","B1",1,1,"G43","fullrep_MET",1000,683,5.31419782629902,39.2365600544131,27.8939770285414,102.491325797589,5.31419782629902,"F005","P1","P46"
"G29","Y1_L4","L4","Y1","2","B3",6,3,"G29","fullrep_MET",1000,684,7.95460782167979,28.4362537356348,28.656364983847,100.137395182953,7.95460782167979,"F003","P1","P24"
"G18","Y1_L4","L4","Y1","2","B2",3,8,"G18","fullrep_MET",1000,685,6.81397208309358,54.953710076377,27.6522683714462,94.36990176727,6.81397208309358,"F002","P1","P36"
"G47","Y1_L4","L4","Y1","2","B1",3,3,"G47","fullrep_MET",1000,686,5.90502256764956,40.4699699975002,25.4543791245089,93.7891103576534,5.90502256764956,"F005","P1","P46"
"G45","Y1_L4","L4","Y1","2","B3",7,1,"G45","fullrep_MET",1000,687,5.19395057254932,38.3888918595372,31.1293829605732,118.97573742681,5.19395057254932,"F005","P1","P46"
"G3","Y1_L4","L4","Y1","2","B1",2,3,"G3","fullrep_MET",1000,688,5.2338941447103,33.3534616200164,28.5534022146674,98.0803449791612,5.2338941447103,"F001","P1","P32"
"G19","Y1_L4","L4","Y1","2","B1",1,8,"G19","fullrep_MET",1000,689,5.47439490238793,41.3987840709651,28.5392426008328,97.583258303198,5.47439490238793,"F002","P1","P36"
"G12","Y1_L4","L4","Y1","2","B2",3,6,"G12","fullrep_MET",1000,690,5.69012831655404,48.4939223874378,31.6462293413724,95.8630799363522,5.69012831655404,"F002","P1","P36"
"G30","Y1_L4","L4","Y1","2","B2",5,8,"G30","fullrep_MET",1000,691,7.10274303161872,28.7125254128769,25,114.832943100186,7.10274303161872,"F003","P1","P24"
"G49","Y1_L4","L4","Y1","2","B2",4,3,"G49","fullrep_MET",1000,692,4.1567477728318,49.2800779972209,28.5993465297243,115.996670257853,4.1567477728318,"F005","P1","P46"
"G31","Y1_L4","L4","Y1","2","B1",1,5,"G31","fullrep_MET",1000,693,6.16734239774249,27.9301605855625,27.5980130263049,85.9778635051623,6.16734239774249,"F004","P1","P71"
"G44","Y1_L4","L4","Y1","2","B2",5,5,"G44","fullrep_MET",1000,694,6.3649467498891,36.0427216136317,29.718065500883,97.9512418631548,6.3649467498891,"F005","P1","P46"
"G33","Y1_L4","L4","Y1","2","B3",6,6,"G33","fullrep_MET",1000,695,6.24750436488729,44.9803532745242,25.935156460255,104.711772527192,6.24750436488729,"F004","P1","P71"
"G5","Y1_L4","L4","Y1","2","B1",1,2,"G5","fullrep_MET",1000,696,4.80394728506849,22.8812876055051,26.5729524572141,92.2227769516413,4.80394728506849,"F001","P1","P32"
"G6","Y1_L4","L4","Y1","2","B1",3,4,"G6","fullrep_MET",1000,697,4.93429111566699,44.7308272413604,29.7676816768894,100.788197628844,4.93429111566699,"F001","P1","P32"
"G17","Y1_L4","L4","Y1","2","B3",6,1,"G17","fullrep_MET",1000,698,7.13616535590007,50.8981458957192,26.4479420476923,94.4966652851827,7.13616535590007,"F002","P1","P36"
"G8","Y1_L4","L4","Y1","2","B2",5,7,"G8","fullrep_MET",1000,699,6.79753768260862,36.4685857826697,31.5896257388103,92.6309993442112,6.79753768260862,"F001","P1","P32"
"G2","Y1_L4","L4","Y1","2","B3",6,5,"G2","fullrep_MET",1000,700,5.96146653106148,37.871104861876,25,97.1102134324344,5.96146653106148,"F001","P1","P32"
"G46","Y2_L4","L4","Y2","1","B2",3,7,"G46","fullrep_MET",1000,701,6.44048069850927,28.3733271428993,30.8968792409702,94.5816853449574,6.44048069850927,"F005","P1","P46"
"G40","Y2_L4","L4","Y2","1","B3",6,8,"G40","fullrep_MET",1000,702,6.01192690389289,44.36402832556,32.6432529080092,103.166272838754,6.01192690389289,"F004","P1","P71"
"G47","Y2_L4","L4","Y2","1","B2",5,8,"G47","fullrep_MET",1000,703,4.34290064311065,30.8732599398606,25.7708769928,94.6233482747862,4.34290064311065,"F005","P1","P46"
"G27","Y2_L4","L4","Y2","1","B2",4,1,"G27","fullrep_MET",1000,704,6.11167114120922,39.3684115932093,26.6837728414284,90.0260474917336,6.11167114120922,"F003","P1","P24"
"G34","Y2_L4","L4","Y2","1","B1",2,3,"G34","fullrep_MET",1000,705,4,32.5813924346905,31.4563707163967,105.225419569037,4,"F004","P1","P71"
"G39","Y2_L4","L4","Y2","1","B2",5,6,"G39","fullrep_MET",1000,706,6.59999173761067,37.7150103168599,31.4813571819813,94.0025745941884,6.59999173761067,"F004","P1","P71"
"G1","Y2_L4","L4","Y2","1","B1",3,4,"G1","fullrep_MET",1000,707,5.03928769208582,34.8284193256848,25,98.1585053275198,5.03928769208582,"F001","P1","P32"
"G48","Y2_L4","L4","Y2","1","B1",1,4,"G48","fullrep_MET",1000,708,4.69824568304282,31.0103574878821,27.5649608525941,103.20426610242,4.69824568304282,"F005","P1","P46"
"G44","Y2_L4","L4","Y2","1","B2",4,2,"G44","fullrep_MET",1000,709,6.32886044905353,39.7405338344933,28.7502034699405,95.9028099132048,6.32886044905353,"F005","P1","P46"
"G15","Y2_L4","L4","Y2","1","B2",4,5,"G15","fullrep_MET",1000,710,5.61526256370281,44.3650182243788,29.3672675577626,99.371978348988,5.61526256370281,"F002","P1","P36"
"G43","Y2_L4","L4","Y2","1","B1",2,7,"G43","fullrep_MET",1000,711,5.57888098603232,47.2382848734331,25,91.9573267571749,5.57888098603232,"F005","P1","P46"
"G11","Y2_L4","L4","Y2","1","B1",1,3,"G11","fullrep_MET",1000,712,7.44228896727489,39.7573246402426,31.128984374793,95.0145196003748,7.44228896727489,"F002","P1","P36"
"G30","Y2_L4","L4","Y2","1","B2",5,2,"G30","fullrep_MET",1000,713,8.76853368452549,24.1180496425514,26.4202371387864,102.839412079865,8.76853368452549,"F003","P1","P24"
"G2","Y2_L4","L4","Y2","1","B2",5,7,"G2","fullrep_MET",1000,714,6.77252346163564,41.3295485909143,28.0413334572687,104.449704613816,6.77252346163564,"F001","P1","P32"
"G36","Y2_L4","L4","Y2","1","B1",1,2,"G36","fullrep_MET",1000,715,4.69185150726163,41.2564655187441,29.2931072093987,103.871998129075,4.69185150726163,"F004","P1","P71"
"G13","Y2_L4","L4","Y2","1","B3",6,6,"G13","fullrep_MET",1000,716,7.49834821428811,37.4829563166508,36.9864298105185,120.28860091208,7.49834821428811,"F002","P1","P36"
"G10","Y2_L4","L4","Y2","1","B3",6,5,"G10","fullrep_MET",1000,717,6.10571703101061,32.3195856308072,30.981420422207,96.7964588643885,6.10571703101061,"F001","P1","P32"
"G9","Y2_L4","L4","Y2","1","B3",6,2,"G9","fullrep_MET",1000,718,6.11134238595182,34.1124954077121,29.9073532700389,99.1196606428562,6.11134238595182,"F001","P1","P32"
"G3","Y2_L4","L4","Y2","1","B1",2,2,"G3","fullrep_MET",1000,719,4,30.375061341816,28.1871076667538,97.9313205918358,4,"F001","P1","P32"
"G35","Y2_L4","L4","Y2","1","B2",5,4,"G35","fullrep_MET",1000,720,5.43132251865607,41.167875680597,27.5557483696236,90.9851536605005,5.43132251865607,"F004","P1","P71"
"G14","Y2_L4","L4","Y2","1","B2",3,6,"G14","fullrep_MET",1000,721,6.62336098682019,34.0934086462673,30.0908709851932,97.6627586294007,6.62336098682019,"F002","P1","P36"
"G31","Y2_L4","L4","Y2","1","B1",3,3,"G31","fullrep_MET",1000,722,5.68264697267083,41.6576229894496,25.6699016586513,92.5279136385263,5.68264697267083,"F004","P1","P71"
"G23","Y2_L4","L4","Y2","1","B3",6,7,"G23","fullrep_MET",1000,723,6.11869628074553,30.6189331321522,27.6403570940858,89.5638981514369,6.11869628074553,"F003","P1","P24"
"G33","Y2_L4","L4","Y2","1","B2",4,3,"G33","fullrep_MET",1000,724,6.50499797681104,39.4104164159118,27.4350857812186,103.539628878064,6.50499797681104,"F004","P1","P71"
"G8","Y2_L4","L4","Y2","1","B1",2,4,"G8","fullrep_MET",1000,725,5.71880790211606,29.2489631552563,30.456077566351,98.8822554812962,5.71880790211606,"F001","P1","P32"
"G45","Y2_L4","L4","Y2","1","B3",7,2,"G45","fullrep_MET",1000,726,5.40097360301148,32.3637137671416,32.3371778872267,103.449266020056,5.40097360301148,"F005","P1","P46"
"G32","Y2_L4","L4","Y2","1","B2",4,6,"G32","fullrep_MET",1000,727,6.19924803568027,39.9686678957532,33.267146921775,103.033266667167,6.19924803568027,"F004","P1","P71"
"G21","Y2_L4","L4","Y2","1","B2",5,3,"G21","fullrep_MET",1000,728,7.69874931820042,33.2959539466923,25,86.3902165366493,7.69874931820042,"F003","P1","P24"
"G19","Y2_L4","L4","Y2","1","B1",1,5,"G19","fullrep_MET",1000,729,4.66703984056796,43.8459594519725,29.9939776973324,93.9009717341794,4.66703984056796,"F002","P1","P36"
"G37","Y2_L4","L4","Y2","1","B1",3,2,"G37","fullrep_MET",1000,730,5.6667454943764,31.9203151035706,28.6525193794395,115.020538069688,5.6667454943764,"F004","P1","P71"
"G38","Y2_L4","L4","Y2","1","B1",2,5,"G38","fullrep_MET",1000,731,6.10175631562065,32.8984954228706,30.0216080240765,112.939427731477,6.10175631562065,"F004","P1","P71"
"G5","Y2_L4","L4","Y2","1","B2",5,1,"G5","fullrep_MET",1000,732,6.18739917780266,24.4763445493515,31.0527606914156,97.0465508751104,6.18739917780266,"F001","P1","P32"
"G18","Y2_L4","L4","Y2","1","B1",3,1,"G18","fullrep_MET",1000,733,7.45955960664504,43.8667060944411,27.8180850506474,89.8054590511644,7.45955960664504,"F002","P1","P36"
"G16","Y2_L4","L4","Y2","1","B3",6,3,"G16","fullrep_MET",1000,734,7.79368984757434,35.5391424501858,34.8838487383696,98.1811576553016,7.79368984757434,"F002","P1","P36"
"G24","Y2_L4","L4","Y2","1","B1",2,6,"G24","fullrep_MET",1000,735,6.10319024002864,44.5090405022962,25,95.6304164433679,6.10319024002864,"F003","P1","P24"
"G50","Y2_L4","L4","Y2","1","B1",2,1,"G50","fullrep_MET",1000,736,4.90281481474439,35.3981169168866,30.5300116518186,102.74996889677,4.90281481474439,"F005","P1","P46"
"G26","Y2_L4","L4","Y2","1","B2",4,8,"G26","fullrep_MET",1000,737,5.15446944221059,36.3121639069867,25.883632911855,97.3452328300751,5.15446944221059,"F003","P1","P24"
"G17","Y2_L4","L4","Y2","1","B1",2,8,"G17","fullrep_MET",1000,738,5.95880428477158,41.1172662964547,27.300192984895,91.412504824465,5.95880428477158,"F002","P1","P36"
"G22","Y2_L4","L4","Y2","1","B2",3,5,"G22","fullrep_MET",1000,739,5.28920881335495,38.9161295170097,25,92.4215224000782,5.28920881335495,"F003","P1","P24"
"G7","Y2_L4","L4","Y2","1","B2",5,5,"G7","fullrep_MET",1000,740,5.22799927897866,23.2502701906083,31.2583310678398,99.4845452874333,5.22799927897866,"F001","P1","P32"
"G41","Y2_L4","L4","Y2","1","B1",1,7,"G41","fullrep_MET",1000,741,4.45783294679184,29.372860842573,25.7050375177114,102.871716202809,4.45783294679184,"F005","P1","P46"
"G29","Y2_L4","L4","Y2","1","B2",3,8,"G29","fullrep_MET",1000,742,8.38579570851016,21.9767115242835,31.410747549956,101.495316685317,8.38579570851016,"F003","P1","P24"
"G6","Y2_L4","L4","Y2","1","B3",6,4,"G6","fullrep_MET",1000,743,6.4445951765854,46.4857278103561,29.816999698045,91.0949289640641,6.4445951765854,"F001","P1","P32"
"G42","Y2_L4","L4","Y2","1","B3",6,1,"G42","fullrep_MET",1000,744,4,35.9064230840366,30.6444125034499,90.7661931696999,4,"F005","P1","P46"
"G4","Y2_L4","L4","Y2","1","B1",1,1,"G4","fullrep_MET",1000,745,4.74753670574038,28.4670010118677,30.9445717741344,94.7896223441317,4.74753670574038,"F001","P1","P32"
"G25","Y2_L4","L4","Y2","1","B1",1,6,"G25","fullrep_MET",1000,746,7.58840792700767,41.3703591424175,26.189322401957,99.7024394837355,7.58840792700767,"F003","P1","P24"
"G20","Y2_L4","L4","Y2","1","B2",4,4,"G20","fullrep_MET",1000,747,6.20392969289785,40.0227626083468,35.3950618829993,108.035111223145,6.20392969289785,"F002","P1","P36"
"G49","Y2_L4","L4","Y2","1","B2",4,7,"G49","fullrep_MET",1000,748,6.280185606955,38.5402985777216,27.2636855192069,99.5839492137629,6.280185606955,"F005","P1","P46"
"G12","Y2_L4","L4","Y2","1","B3",7,1,"G12","fullrep_MET",1000,749,6.20129053221395,46.0252092518059,31.6167050451224,96.9019496997253,6.20129053221395,"F002","P1","P36"
"G28","Y2_L4","L4","Y2","1","B1",1,8,"G28","fullrep_MET",1000,750,5.72953926797338,36.1885518654507,30.3009487501005,88.0825936919647,5.72953926797338,"F003","P1","P24"
"G13","Y2_L4","L4","Y2","2","B2",4,7,"G13","fullrep_MET",1000,751,6.52919669458775,34.1521331794532,34.2105575609378,113.456338266973,6.52919669458775,"F002","P1","P36"
"G40","Y2_L4","L4","Y2","2","B2",4,3,"G40","fullrep_MET",1000,752,6.4982461726127,47.3858162571391,27.5007176625069,107.520348367267,6.4982461726127,"F004","P1","P71"
"G15","Y2_L4","L4","Y2","2","B3",6,3,"G15","fullrep_MET",1000,753,5.40017063684741,47.1905295060146,32.9057382462528,95.6183910846775,5.40017063684741,"F002","P1","P36"
"G45","Y2_L4","L4","Y2","2","B2",5,8,"G45","fullrep_MET",1000,754,4.75543795188402,30.7372264916218,30.0420698627667,89.6925418280792,4.75543795188402,"F005","P1","P46"
"G50","Y2_L4","L4","Y2","2","B1",1,8,"G50","fullrep_MET",1000,755,4.19610463088603,26.8917679478339,28.3764197633692,104.157222012748,4.19610463088603,"F005","P1","P46"
"G8","Y2_L4","L4","Y2","2","B1",1,4,"G8","fullrep_MET",1000,756,7.05717557487109,25.0520922515204,28.2993612451044,111.817173745394,7.05717557487109,"F001","P1","P32"
"G49","Y2_L4","L4","Y2","2","B1",2,2,"G49","fullrep_MET",1000,757,5.90749588827821,41.4809238514597,26.6831298738855,106.732683975805,5.90749588827821,"F005","P1","P46"
"G41","Y2_L4","L4","Y2","2","B2",5,7,"G41","fullrep_MET",1000,758,6.0208873640059,25.6640494780682,30.6508347297592,98.2507344587351,6.0208873640059,"F005","P1","P46"
"G38","Y2_L4","L4","Y2","2","B3",6,4,"G38","fullrep_MET",1000,759,7.32145451282131,38.2112171572542,29.6434743387173,112.034973711611,7.32145451282131,"F004","P1","P71"
"G22","Y2_L4","L4","Y2","2","B1",2,7,"G22","fullrep_MET",1000,760,6.31651199914164,36.3007434709132,25,91.4311544353283,6.31651199914164,"F003","P1","P24"
"G24","Y2_L4","L4","Y2","2","B1",1,3,"G24","fullrep_MET",1000,761,5.76089156534762,42.5069613527505,25,99.5444635242032,5.76089156534762,"F003","P1","P24"
"G19","Y2_L4","L4","Y2","2","B3",7,1,"G19","fullrep_MET",1000,762,6.14129054050971,55.6346976537143,30.2974751625897,82.7268917913048,6.14129054050971,"F002","P1","P36"
"G12","Y2_L4","L4","Y2","2","B3",6,2,"G12","fullrep_MET",1000,763,6.1804350836737,52.4080582643141,32.8542009502831,108.477723048013,6.1804350836737,"F002","P1","P36"
"G10","Y2_L4","L4","Y2","2","B2",4,6,"G10","fullrep_MET",1000,764,6.34232512525019,30.4212231001058,30.3239096235241,101.486817585814,6.34232512525019,"F001","P1","P32"
"G32","Y2_L4","L4","Y2","2","B1",1,1,"G32","fullrep_MET",1000,765,5.34322156580073,43.1089238097464,31.7115898747931,108.017720459386,5.34322156580073,"F004","P1","P71"
"G20","Y2_L4","L4","Y2","2","B2",5,2,"G20","fullrep_MET",1000,766,6.07529531291264,44.0820180834201,33.8986465930346,104.533008617961,6.07529531291264,"F002","P1","P36"
"G4","Y2_L4","L4","Y2","2","B1",1,5,"G4","fullrep_MET",1000,767,6.05550779187942,26.5281917144682,27.5486904870822,90.8920475952665,6.05550779187942,"F001","P1","P32"
"G3","Y2_L4","L4","Y2","2","B3",6,1,"G3","fullrep_MET",1000,768,6.37028040975146,32.3046009688491,31.0306664768016,96.3195544881636,6.37028040975146,"F001","P1","P32"
"G27","Y2_L4","L4","Y2","2","B1",2,1,"G27","fullrep_MET",1000,769,5.52112897409092,38.6457208619667,27.3856287338109,94.7591168034822,5.52112897409092,"F003","P1","P24"
"G7","Y2_L4","L4","Y2","2","B1",2,8,"G7","fullrep_MET",1000,770,7.24401331184893,25.1615358057402,33.4590777662535,97.3530801647343,7.24401331184893,"F001","P1","P32"
"G17","Y2_L4","L4","Y2","2","B1",2,3,"G17","fullrep_MET",1000,771,7.4772500503819,48.6984442040525,28.1554957261649,89.1103746573543,7.4772500503819,"F002","P1","P36"
"G21","Y2_L4","L4","Y2","2","B2",3,6,"G21","fullrep_MET",1000,772,5.66832728066672,25.8037377939804,29.2067150741434,104.381922386733,5.66832728066672,"F003","P1","P24"
"G11","Y2_L4","L4","Y2","2","B3",7,2,"G11","fullrep_MET",1000,773,7.67193800411654,48.5768580841602,35.0684206946791,90.2194741007098,7.67193800411654,"F002","P1","P36"
"G33","Y2_L4","L4","Y2","2","B2",4,5,"G33","fullrep_MET",1000,774,7.08595037966854,35.4973227967098,27.3672089212823,111.879320276996,7.08595037966854,"F004","P1","P71"
"G30","Y2_L4","L4","Y2","2","B2",3,7,"G30","fullrep_MET",1000,775,6.48283049214605,17.1015007718893,25,105.733741994066,6.48283049214605,"F003","P1","P24"
"G42","Y2_L4","L4","Y2","2","B1",2,5,"G42","fullrep_MET",1000,776,5.29509524393061,29.469990806889,30.5890913569491,98.4164310512356,5.29509524393061,"F005","P1","P46"
"G23","Y2_L4","L4","Y2","2","B1",1,7,"G23","fullrep_MET",1000,777,6.55560218335245,30.2419143195319,28.3787844145438,87.7968792726569,6.55560218335245,"F003","P1","P24"
"G29","Y2_L4","L4","Y2","2","B2",5,6,"G29","fullrep_MET",1000,778,6.55221281519082,26.7096690877867,30.1696267996123,100.160988887675,6.55221281519082,"F003","P1","P24"
"G35","Y2_L4","L4","Y2","2","B1",3,3,"G35","fullrep_MET",1000,779,5.25150325538454,43.9145814650514,25.2976538372464,86.9457570611773,5.25150325538454,"F004","P1","P71"
"G18","Y2_L4","L4","Y2","2","B2",3,8,"G18","fullrep_MET",1000,780,7.21015104605324,41.2743176429781,27.5910704866806,93.4487542198599,7.21015104605324,"F002","P1","P36"
"G36","Y2_L4","L4","Y2","2","B2",3,5,"G36","fullrep_MET",1000,781,5.70664511574963,33.8194023274325,29.8174355184973,103.272590822084,5.70664511574963,"F004","P1","P71"
"G2","Y2_L4","L4","Y2","2","B1",3,1,"G2","fullrep_MET",1000,782,6.9248379633237,41.3047614378996,30.8545116823844,108.590742524564,6.9248379633237,"F001","P1","P32"
"G37","Y2_L4","L4","Y2","2","B2",4,8,"G37","fullrep_MET",1000,783,5.89810268145796,29.3484251290983,28.9342131955243,104.754417202658,5.89810268145796,"F004","P1","P71"
"G25","Y2_L4","L4","Y2","2","B3",6,6,"G25","fullrep_MET",1000,784,8.02799359039375,47.120813431376,29.0595498023493,88.8171980756351,8.02799359039375,"F003","P1","P24"
"G28","Y2_L4","L4","Y2","2","B1",3,2,"G28","fullrep_MET",1000,785,8.01566924045017,41.0252342577095,32.052962555051,85.9779227351701,8.01566924045017,"F003","P1","P24"
"G9","Y2_L4","L4","Y2","2","B2",5,4,"G9","fullrep_MET",1000,786,5.0025149917796,28.9325681508921,27.0492409208118,103.416908202876,5.0025149917796,"F001","P1","P32"
"G14","Y2_L4","L4","Y2","2","B2",5,1,"G14","fullrep_MET",1000,787,6.47923314635745,36.9008520141058,27.2321821217987,95.9780947768526,6.47923314635745,"F002","P1","P36"
"G16","Y2_L4","L4","Y2","2","B2",5,5,"G16","fullrep_MET",1000,788,7.0559090619481,36.9351129362304,33.9867737921812,103.549697975164,7.0559090619481,"F002","P1","P36"
"G48","Y2_L4","L4","Y2","2","B1",2,4,"G48","fullrep_MET",1000,789,6.51968802234279,34.638455254452,28.2699341050683,100.869073313824,6.51968802234279,"F005","P1","P46"
"G46","Y2_L4","L4","Y2","2","B2",4,2,"G46","fullrep_MET",1000,790,5.71144019689605,36.0383931124712,26.3034437243754,98.4416555799744,5.71144019689605,"F005","P1","P46"
"G1","Y2_L4","L4","Y2","2","B2",4,1,"G1","fullrep_MET",1000,791,6.054276953446,28.4990306572337,29.0992840386129,103.151894357671,6.054276953446,"F001","P1","P32"
"G47","Y2_L4","L4","Y2","2","B1",1,6,"G47","fullrep_MET",1000,792,6.86344755284855,36.9803681252681,25,94.6983154986757,6.86344755284855,"F005","P1","P46"
"G31","Y2_L4","L4","Y2","2","B2",4,4,"G31","fullrep_MET",1000,793,4.84466934664496,37.4867891108497,28.7774679381774,104.581725324051,4.84466934664496,"F004","P1","P71"
"G6","Y2_L4","L4","Y2","2","B3",6,5,"G6","fullrep_MET",1000,794,4.79594129652312,47.6822247947196,30.1836584986204,94.5253359340743,4.79594129652312,"F001","P1","P32"
"G44","Y2_L4","L4","Y2","2","B1",1,2,"G44","fullrep_MET",1000,795,5.79498867704163,37.2111401158666,26.9201249220896,92.9216102089973,5.79498867704163,"F005","P1","P46"
"G39","Y2_L4","L4","Y2","2","B2",5,3,"G39","fullrep_MET",1000,796,5.2227192047871,37.5829105515847,32.0207472406723,98.7280295504058,5.2227192047871,"F004","P1","P71"
"G26","Y2_L4","L4","Y2","2","B3",6,8,"G26","fullrep_MET",1000,797,6.61818923091088,30.4673095361865,25,90.43593741253,6.61818923091088,"F003","P1","P24"
"G43","Y2_L4","L4","Y2","2","B1",2,6,"G43","fullrep_MET",1000,798,6.04063501853845,48.264728190058,27.4813770217723,98.6277034907152,6.04063501853845,"F005","P1","P46"
"G34","Y2_L4","L4","Y2","2","B1",3,4,"G34","fullrep_MET",1000,799,4.5938139290347,34.3627223917376,32.9484472717772,104.005468849812,4.5938139290347,"F004","P1","P71"
"G5","Y2_L4","L4","Y2","2","B3",6,7,"G5","fullrep_MET",1000,800,6.44410716824762,22.0195188723971,32.9572714819594,89.608971171614,6.44410716824762,"F001","P1","P32"
"G18","Y1_L5","L5","Y1","1","B1",2,7,"G18","fullrep_MET",1000,801,8.6593002940927,54.689293852919,29.0886778911451,113.597335816634,8.6593002940927,"F002","P1","P36"
"G21","Y1_L5","L5","Y1","1","B1",2,6,"G21","fullrep_MET",1000,802,7.06737748266588,42.0128801579285,25.0765841701334,101.174670601109,7.06737748266588,"F003","P1","P24"
"G17","Y1_L5","L5","Y1","1","B3",6,3,"G17","fullrep_MET",1000,803,7.70759497087359,47.5898376228628,29.1749646774048,96.9833915940138,7.70759497087359,"F002","P1","P36"
"G42","Y1_L5","L5","Y1","1","B2",4,8,"G42","fullrep_MET",1000,804,4.88718619483097,39.4616100198439,32.3238699194532,115.001287044537,4.88718619483097,"F005","P1","P46"
"G43","Y1_L5","L5","Y1","1","B2",4,3,"G43","fullrep_MET",1000,805,6.41156678011434,46.0049081468639,27.4590058983652,111.166132470079,6.41156678011434,"F005","P1","P46"
"G38","Y1_L5","L5","Y1","1","B1",3,1,"G38","fullrep_MET",1000,806,6.85771735714913,43.1312135680049,29.4859324589694,114.987296346399,6.85771735714913,"F004","P1","P71"
"G4","Y1_L5","L5","Y1","1","B3",6,4,"G4","fullrep_MET",1000,807,7.46553425569142,39.5670376643031,29.6232041935316,107.316614310448,7.46553425569142,"F001","P1","P32"
"G39","Y1_L5","L5","Y1","1","B1",2,2,"G39","fullrep_MET",1000,808,8.39218847999835,50.9644991833494,28.5355556835446,108.451233062365,8.39218847999835,"F004","P1","P71"
"G31","Y1_L5","L5","Y1","1","B1",1,6,"G31","fullrep_MET",1000,809,5.67886912037542,36.66486111785,31.1246763994321,108.098565935455,5.67886912037542,"F004","P1","P71"
"G3","Y1_L5","L5","Y1","1","B2",4,4,"G3","fullrep_MET",1000,810,6.52316354263013,31.2249665575257,30.2833833046053,95.4535831824966,6.52316354263013,"F001","P1","P32"
"G33","Y1_L5","L5","Y1","1","B1",1,1,"G33","fullrep_MET",1000,811,7.91035077580702,47.5198066748666,28.0626032477534,112.050797223834,7.91035077580702,"F004","P1","P71"
"G35","Y1_L5","L5","Y1","1","B3",6,2,"G35","fullrep_MET",1000,812,6.17224972424526,48.6921996266437,25,96.6320465751205,6.17224972424526,"F004","P1","P71"
"G45","Y1_L5","L5","Y1","1","B2",5,1,"G45","fullrep_MET",1000,813,7.3801616243883,42.8629151707567,34.0259989439684,107.751231907169,7.3801616243883,"F005","P1","P46"
"G30","Y1_L5","L5","Y1","1","B1",1,3,"G30","fullrep_MET",1000,814,6.07174760735435,31.6809067633188,25,114.521788772458,6.07174760735435,"F003","P1","P24"
"G48","Y1_L5","L5","Y1","1","B1",3,4,"G48","fullrep_MET",1000,815,5.13393396855794,43.6748918036463,30.866475422683,116.193184444414,5.13393396855794,"F005","P1","P46"
"G49","Y1_L5","L5","Y1","1","B1",2,1,"G49","fullrep_MET",1000,816,6.22861436040929,43.6566946620102,34.0095706777239,121.599612530759,6.22861436040929,"F005","P1","P46"
"G25","Y1_L5","L5","Y1","1","B1",2,3,"G25","fullrep_MET",1000,817,8.52567005868658,46.6070951016876,30.7016964797767,119.521139496878,8.52567005868658,"F003","P1","P24"
"G19","Y1_L5","L5","Y1","1","B1",1,7,"G19","fullrep_MET",1000,818,6.57416442345235,52.9899736752691,30.027539181468,108.625006854658,6.57416442345235,"F002","P1","P36"
"G50","Y1_L5","L5","Y1","1","B3",6,7,"G50","fullrep_MET",1000,819,5.73573365657915,45.0085690418594,29.4271052822325,127.802577566645,5.73573365657915,"F005","P1","P46"
"G27","Y1_L5","L5","Y1","1","B1",2,4,"G27","fullrep_MET",1000,820,7.25471797318254,40.5012589547821,25,95.1633523897316,7.25471797318254,"F003","P1","P24"
"G1","Y1_L5","L5","Y1","1","B2",3,6,"G1","fullrep_MET",1000,821,6.0849823933638,34.1575851001381,28.0714833072665,112.616349072173,6.0849823933638,"F001","P1","P32"
"G12","Y1_L5","L5","Y1","1","B1",1,8,"G12","fullrep_MET",1000,822,6.97611319225753,50.0825152027515,33.6928692178645,116.486085116493,6.97611319225753,"F002","P1","P36"
"G10","Y1_L5","L5","Y1","1","B2",5,2,"G10","fullrep_MET",1000,823,7.44141354798429,43.6545289929645,30.5990051476332,121.341307760943,7.44141354798429,"F001","P1","P32"
"G22","Y1_L5","L5","Y1","1","B1",1,2,"G22","fullrep_MET",1000,824,7.76698187502305,50.8932929496722,25,112.230631696117,7.76698187502305,"F003","P1","P24"
"G36","Y1_L5","L5","Y1","1","B2",4,1,"G36","fullrep_MET",1000,825,7.35457066245469,50.6467779995375,30.4577873864341,115.630497102968,7.35457066245469,"F004","P1","P71"
"G26","Y1_L5","L5","Y1","1","B2",3,5,"G26","fullrep_MET",1000,826,6.78380528905245,31.6882581722795,25.101163752106,97.7473453754689,6.78380528905245,"F003","P1","P24"
"G14","Y1_L5","L5","Y1","1","B2",5,4,"G14","fullrep_MET",1000,827,6.01596733203324,46.0538266426621,30.3663194359441,115.235056489771,6.01596733203324,"F002","P1","P36"
"G16","Y1_L5","L5","Y1","1","B2",4,5,"G16","fullrep_MET",1000,828,7.38539825478843,32.7043588265115,31.0400186208731,118.015043771525,7.38539825478843,"F002","P1","P36"
"G37","Y1_L5","L5","Y1","1","B3",6,5,"G37","fullrep_MET",1000,829,5.73702476137498,41.7321155624583,25,106.661192627842,5.73702476137498,"F004","P1","P71"
"G7","Y1_L5","L5","Y1","1","B2",5,5,"G7","fullrep_MET",1000,830,5.59328004786491,29.554198063526,35.2444302235853,110.748649126448,5.59328004786491,"F001","P1","P32"
"G28","Y1_L5","L5","Y1","1","B3",7,2,"G28","fullrep_MET",1000,831,7.03792903057007,45.8816198256023,31.5560323641775,103.136102922578,7.03792903057007,"F003","P1","P24"
"G2","Y1_L5","L5","Y1","1","B3",6,1,"G2","fullrep_MET",1000,832,7.13631446665101,45.3767816560172,31.5970735830205,105.315496632599,7.13631446665101,"F001","P1","P32"
"G8","Y1_L5","L5","Y1","1","B2",5,8,"G8","fullrep_MET",1000,833,8.0786028603285,29.301175421546,29.0295645868065,103.323882405226,8.0786028603285,"F001","P1","P32"
"G47","Y1_L5","L5","Y1","1","B2",5,7,"G47","fullrep_MET",1000,834,7.09526658360777,36.4184786043854,25,107.544354517469,7.09526658360777,"F005","P1","P46"
"G23","Y1_L5","L5","Y1","1","B2",3,7,"G23","fullrep_MET",1000,835,6.28128929732693,38.1572358321988,25.8114208203097,85.2530596976637,6.28128929732693,"F003","P1","P24"
"G6","Y1_L5","L5","Y1","1","B1",2,8,"G6","fullrep_MET",1000,836,6.39868175216744,56.000731848539,27.1800554692126,101.78623101139,6.39868175216744,"F001","P1","P32"
"G24","Y1_L5","L5","Y1","1","B3",6,8,"G24","fullrep_MET",1000,837,5.75580413841449,51.878088464442,25,108.648351552323,5.75580413841449,"F003","P1","P24"
"G15","Y1_L5","L5","Y1","1","B1",3,2,"G15","fullrep_MET",1000,838,6.66068204029977,46.0377624877607,30.8900815304898,102.904934518437,6.66068204029977,"F002","P1","P36"
"G29","Y1_L5","L5","Y1","1","B2",5,6,"G29","fullrep_MET",1000,839,7.00098808907766,25.6306364972693,30.2963263998585,108.168320249928,7.00098808907766,"F003","P1","P24"
"G20","Y1_L5","L5","Y1","1","B3",7,1,"G20","fullrep_MET",1000,840,6.68654769559756,49.5330784513955,35.060022461956,118.457241503452,6.68654769559756,"F002","P1","P36"
"G9","Y1_L5","L5","Y1","1","B2",5,3,"G9","fullrep_MET",1000,841,5.90524269011801,37.1556504088816,27.5835381555913,118.283288968213,5.90524269011801,"F001","P1","P32"
"G41","Y1_L5","L5","Y1","1","B2",4,6,"G41","fullrep_MET",1000,842,4.97458469660649,37.6261366747505,30.9254102984678,99.5678681703788,4.97458469660649,"F005","P1","P46"
"G34","Y1_L5","L5","Y1","1","B1",2,5,"G34","fullrep_MET",1000,843,4.91806906416245,36.5412819545796,32.9076677256087,130,4.91806906416245,"F004","P1","P71"
"G32","Y1_L5","L5","Y1","1","B2",3,8,"G32","fullrep_MET",1000,844,6.55898453227144,51.3726592232232,31.8749817048006,110.291231577023,6.55898453227144,"F004","P1","P71"
"G5","Y1_L5","L5","Y1","1","B1",1,4,"G5","fullrep_MET",1000,845,7.07376745924152,33.8007494156939,28.4061947836106,108.932321075563,7.07376745924152,"F001","P1","P32"
"G40","Y1_L5","L5","Y1","1","B3",6,6,"G40","fullrep_MET",1000,846,6.55073260763908,43.4883664093017,30.7328860986146,125.410618362396,6.55073260763908,"F004","P1","P71"
"G44","Y1_L5","L5","Y1","1","B2",4,7,"G44","fullrep_MET",1000,847,4.64024026747079,37.430851931329,28.0064159166033,100.249076164187,4.64024026747079,"F005","P1","P46"
"G46","Y1_L5","L5","Y1","1","B1",1,5,"G46","fullrep_MET",1000,848,6.39629708755744,34.9234204709249,30.0475957763751,107.093595845954,6.39629708755744,"F005","P1","P46"
"G11","Y1_L5","L5","Y1","1","B2",4,2,"G11","fullrep_MET",1000,849,9.5,41.2534538843317,33.1484646610135,109.319154736261,9.5,"F002","P1","P36"
"G13","Y1_L5","L5","Y1","1","B1",3,3,"G13","fullrep_MET",1000,850,8.7070388991669,41.5103810771195,37.3256930980259,123.516354041055,8.7070388991669,"F002","P1","P36"
"G43","Y1_L5","L5","Y1","2","B1",2,1,"G43","fullrep_MET",1000,851,6.86934745870723,46.6645282183027,25.7548831854048,100.800669817365,6.86934745870723,"F005","P1","P46"
"G5","Y1_L5","L5","Y1","2","B1",1,8,"G5","fullrep_MET",1000,852,6.05533243003365,30.7533805148268,26.120822524285,108.580913134209,6.05533243003365,"F001","P1","P32"
"G26","Y1_L5","L5","Y1","2","B1",1,4,"G26","fullrep_MET",1000,853,6.02098234235315,36.8298087869751,25.1715045520179,100.815144233614,6.02098234235315,"F003","P1","P24"
"G19","Y1_L5","L5","Y1","2","B2",4,5,"G19","fullrep_MET",1000,854,4.66237516066389,53.6836176931065,25.2288911128512,96.0349109164402,4.66237516066389,"F002","P1","P36"
"G37","Y1_L5","L5","Y1","2","B2",5,4,"G37","fullrep_MET",1000,855,5.69637083166385,41.6433454088648,25,116.964023527919,5.69637083166385,"F004","P1","P71"
"G17","Y1_L5","L5","Y1","2","B3",6,1,"G17","fullrep_MET",1000,856,8.88511963909206,52.0223312360151,25.9764639346354,101.236707901683,8.88511963909206,"F002","P1","P36"
"G16","Y1_L5","L5","Y1","2","B2",5,7,"G16","fullrep_MET",1000,857,7.11291725902036,39.0939805409594,33.5016759869891,102.59870385254,7.11291725902036,"F002","P1","P36"
"G27","Y1_L5","L5","Y1","2","B2",5,8,"G27","fullrep_MET",1000,858,6.89033307764583,43.9836875947736,27.7221159907882,95.9637058775111,6.89033307764583,"F003","P1","P24"
"G50","Y1_L5","L5","Y1","2","B1",2,5,"G50","fullrep_MET",1000,859,6.05035757434664,48.0179040509154,26.0409123293553,114.293621349981,6.05035757434664,"F005","P1","P46"
"G48","Y1_L5","L5","Y1","2","B2",5,5,"G48","fullrep_MET",1000,860,5.33362554260923,35.7081082228499,28.2507682670825,113.644476891864,5.33362554260923,"F005","P1","P46"
"G21","Y1_L5","L5","Y1","2","B2",4,3,"G21","fullrep_MET",1000,861,7.23645123511678,32.6908437911111,25,100.127263278253,7.23645123511678,"F003","P1","P24"
"G2","Y1_L5","L5","Y1","2","B1",2,2,"G2","fullrep_MET",1000,862,7.0757287379525,45.0306694534494,28.9752453687344,106.091797663594,7.0757287379525,"F001","P1","P32"
"G40","Y1_L5","L5","Y1","2","B2",4,8,"G40","fullrep_MET",1000,863,5.77709451119031,45.1564795819502,31.072597395844,111.929414424572,5.77709451119031,"F004","P1","P71"
"G23","Y1_L5","L5","Y1","2","B2",3,7,"G23","fullrep_MET",1000,864,5.69984656802937,44.3907592153338,27.2870019339171,96.01475742469,5.69984656802937,"F003","P1","P24"
"G31","Y1_L5","L5","Y1","2","B1",3,3,"G31","fullrep_MET",1000,865,6.26029998613053,41.2751296511993,32.5828578742395,105.501163699615,6.26029998613053,"F004","P1","P71"
"G9","Y1_L5","L5","Y1","2","B1",1,5,"G9","fullrep_MET",1000,866,5.18848926972942,39.2822818409446,27.1188281611255,104.47897253006,5.18848926972942,"F001","P1","P32"
"G4","Y1_L5","L5","Y1","2","B3",6,7,"G4","fullrep_MET",1000,867,5.80268456134889,44.9724535336445,30.5365853796642,104.061944392807,5.80268456134889,"F001","P1","P32"
"G46","Y1_L5","L5","Y1","2","B1",1,7,"G46","fullrep_MET",1000,868,6.46986758509806,34.3854790560012,31.6283440534218,102.394878050475,6.46986758509806,"F005","P1","P46"
"G34","Y1_L5","L5","Y1","2","B3",6,8,"G34","fullrep_MET",1000,869,5.58635153847712,41.4133684774521,30.6525846034122,130,5.58635153847712,"F004","P1","P71"
"G8","Y1_L5","L5","Y1","2","B2",4,7,"G8","fullrep_MET",1000,870,7.34782058596814,37.1514578212184,29.6058063711987,106.391757861612,7.34782058596814,"F001","P1","P32"
"G7","Y1_L5","L5","Y1","2","B1",1,3,"G7","fullrep_MET",1000,871,5.25002966073157,32.6635461628037,32.2840788404576,122.538308876905,5.25002966073157,"F001","P1","P32"
"G14","Y1_L5","L5","Y1","2","B3",6,5,"G14","fullrep_MET",1000,872,7.37332845481176,47.1884217927732,26.8502086885936,104.532832951194,7.37332845481176,"F002","P1","P36"
"G33","Y1_L5","L5","Y1","2","B2",4,4,"G33","fullrep_MET",1000,873,7.72782886409899,52.4523626773068,27.5202282485355,107.385368090142,7.72782886409899,"F004","P1","P71"
"G24","Y1_L5","L5","Y1","2","B1",3,2,"G24","fullrep_MET",1000,874,6.20231629180964,52.562479288941,25,94.3627071221798,6.20231629180964,"F003","P1","P24"
"G47","Y1_L5","L5","Y1","2","B1",1,1,"G47","fullrep_MET",1000,875,6.38616986100094,40.445996766993,25,110.265689350153,6.38616986100094,"F005","P1","P46"
"G12","Y1_L5","L5","Y1","2","B3",6,3,"G12","fullrep_MET",1000,876,8.54964762790766,51.065817471522,32.43520375647,120.15277810746,8.54964762790766,"F002","P1","P36"
"G42","Y1_L5","L5","Y1","2","B2",4,6,"G42","fullrep_MET",1000,877,4.94415167453201,33.3437357810626,30.0542412644872,94.8338647778042,4.94415167453201,"F005","P1","P46"
"G38","Y1_L5","L5","Y1","2","B1",3,1,"G38","fullrep_MET",1000,878,7.45340962772374,39.5706551024045,27.9836028051138,114.195549598695,7.45340962772374,"F004","P1","P71"
"G22","Y1_L5","L5","Y1","2","B3",7,1,"G22","fullrep_MET",1000,879,6.85259811282154,49.8752779988545,25,102.181015137923,6.85259811282154,"F003","P1","P24"
"G45","Y1_L5","L5","Y1","2","B1",2,8,"G45","fullrep_MET",1000,880,7.22369536346184,36.3581150771026,27.9787847313022,95.4565600061406,7.22369536346184,"F005","P1","P46"
"G13","Y1_L5","L5","Y1","2","B1",2,4,"G13","fullrep_MET",1000,881,6.50310888813379,41.8783714099655,33.6823541070686,130,6.50310888813379,"F002","P1","P36"
"G20","Y1_L5","L5","Y1","2","B1",2,6,"G20","fullrep_MET",1000,882,6.89443730305023,46.7651663249535,32.4529098551311,104.348187755619,6.89443730305023,"F002","P1","P36"
"G44","Y1_L5","L5","Y1","2","B2",5,6,"G44","fullrep_MET",1000,883,4.59178437149014,42.7460295060691,28.3234945437421,102.06943405962,4.59178437149014,"F005","P1","P46"
"G30","Y1_L5","L5","Y1","2","B2",4,1,"G30","fullrep_MET",1000,884,7.81422620525353,36.5240866266705,26.4220132531701,121.174282675452,7.81422620525353,"F003","P1","P24"
"G3","Y1_L5","L5","Y1","2","B2",3,6,"G3","fullrep_MET",1000,885,5.68440050899494,39.87168510566,32.3271918127817,107.848118261858,5.68440050899494,"F001","P1","P32"
"G36","Y1_L5","L5","Y1","2","B1",1,6,"G36","fullrep_MET",1000,886,6.72095738914868,42.8924126712421,31.4526408509174,119.159926104268,6.72095738914868,"F004","P1","P71"
"G41","Y1_L5","L5","Y1","2","B3",6,2,"G41","fullrep_MET",1000,887,6.91044502056826,34.6144536870375,31.2184981798216,102.235918492267,6.91044502056826,"F005","P1","P46"
"G11","Y1_L5","L5","Y1","2","B1",2,7,"G11","fullrep_MET",1000,888,7.55625515336522,42.676950284334,33.4559823504531,110.633296697235,7.55625515336522,"F002","P1","P36"
"G1","Y1_L5","L5","Y1","2","B3",6,6,"G1","fullrep_MET",1000,889,5.65476829837137,40.464936593746,25,98.4679605435511,5.65476829837137,"F001","P1","P32"
"G49","Y1_L5","L5","Y1","2","B2",3,8,"G49","fullrep_MET",1000,890,5.0384982876701,45.9410691439463,31.7558926735474,114.72315817247,5.0384982876701,"F005","P1","P46"
"G32","Y1_L5","L5","Y1","2","B1",3,4,"G32","fullrep_MET",1000,891,5.73399595923363,59.0114890501512,33.1881293771138,111.136601018224,5.73399595923363,"F004","P1","P71"
"G15","Y1_L5","L5","Y1","2","B2",5,2,"G15","fullrep_MET",1000,892,5.47502718517785,57.7597055156786,30.4913240343669,105.907812541477,5.47502718517785,"F002","P1","P36"
"G39","Y1_L5","L5","Y1","2","B3",6,4,"G39","fullrep_MET",1000,893,8.04958321838083,49.937248699336,29.6102311149391,110.64263280543,8.04958321838083,"F004","P1","P71"
"G25","Y1_L5","L5","Y1","2","B3",7,2,"G25","fullrep_MET",1000,894,6.56778875592355,57.6268620532027,29.1164620077017,106.264080376215,6.56778875592355,"F003","P1","P24"
"G10","Y1_L5","L5","Y1","2","B1",1,2,"G10","fullrep_MET",1000,895,6.15409396471731,45.3188261447983,27.7700927872013,114.495741393198,6.15409396471731,"F001","P1","P32"
"G18","Y1_L5","L5","Y1","2","B2",4,2,"G18","fullrep_MET",1000,896,7.8185520159163,61.5111062545305,27.3245907729795,95.32913411139,7.8185520159163,"F002","P1","P36"
"G6","Y1_L5","L5","Y1","2","B2",5,3,"G6","fullrep_MET",1000,897,5.83715517765221,58.1743189797459,26.3862421977008,106.264857767642,5.83715517765221,"F001","P1","P32"
"G29","Y1_L5","L5","Y1","2","B2",3,5,"G29","fullrep_MET",1000,898,7.51088651486143,34.4963770753266,29.6848661827393,105.718061489056,7.51088651486143,"F003","P1","P24"
"G35","Y1_L5","L5","Y1","2","B1",2,3,"G35","fullrep_MET",1000,899,5.71766584977749,49.5470254469656,26.35739650429,102.57161091704,5.71766584977749,"F004","P1","P71"
"G28","Y1_L5","L5","Y1","2","B2",5,1,"G28","fullrep_MET",1000,900,7.41690903619757,51.6906639393781,29.7968260170792,99.3821696986688,7.41690903619757,"F003","P1","P24"
"G25","Y2_L5","L5","Y2","1","B2",5,1,"G25","fullrep_MET",1000,901,7.82254712424835,43.1159380087334,32.3176717210368,115.029962462767,7.82254712424835,"F003","P1","P24"
"G22","Y2_L5","L5","Y2","1","B2",5,4,"G22","fullrep_MET",1000,902,8.45264193461575,40.0410322460605,25,94.2469483198477,8.45264193461575,"F003","P1","P24"
"G2","Y2_L5","L5","Y2","1","B1",2,2,"G2","fullrep_MET",1000,903,8.30025436760095,48.8810566665536,26.0868653126887,97.1220734363997,8.30025436760095,"F001","P1","P32"
"G5","Y2_L5","L5","Y2","1","B1",2,7,"G5","fullrep_MET",1000,904,5.86015818531897,35.4122854216302,31.0224953075986,93.2226322036646,5.86015818531897,"F001","P1","P32"
"G21","Y2_L5","L5","Y2","1","B2",4,3,"G21","fullrep_MET",1000,905,7.49953583373721,39.5925429779741,31.6436246589876,115.756505271059,7.49953583373721,"F003","P1","P24"
"G8","Y2_L5","L5","Y2","1","B3",6,7,"G8","fullrep_MET",1000,906,7.16349189938152,37.1699903899821,30.1507368224277,106.425741030768,7.16349189938152,"F001","P1","P32"
"G36","Y2_L5","L5","Y2","1","B1",1,1,"G36","fullrep_MET",1000,907,7.39999037788395,44.5634213816719,29.6796946676933,119.602969638186,7.39999037788395,"F004","P1","P71"
"G4","Y2_L5","L5","Y2","1","B3",6,4,"G4","fullrep_MET",1000,908,7.04574906486531,41.5295269059535,30.2467899453692,108.399592937978,7.04574906486531,"F001","P1","P32"
"G10","Y2_L5","L5","Y2","1","B1",1,3,"G10","fullrep_MET",1000,909,6.96705406724473,48.5626336448571,32.14041100868,110.056852404954,6.96705406724473,"F001","P1","P32"
"G13","Y2_L5","L5","Y2","1","B3",6,5,"G13","fullrep_MET",1000,910,7.82068170990099,41.2402750022793,37.3269955286695,125.034483789005,7.82068170990099,"F002","P1","P36"
"G50","Y2_L5","L5","Y2","1","B2",5,5,"G50","fullrep_MET",1000,911,6.87318094989334,32.7186597111259,27.1882701154999,110.481802132298,6.87318094989334,"F005","P1","P46"
"G49","Y2_L5","L5","Y2","1","B1",2,6,"G49","fullrep_MET",1000,912,5.12579354098849,42.9351165886771,27.7824551564887,113.650816105856,5.12579354098849,"F005","P1","P46"
"G41","Y2_L5","L5","Y2","1","B3",7,2,"G41","fullrep_MET",1000,913,7.31860786516182,34.1363769392743,30.2454672585142,103.092788440591,7.31860786516182,"F005","P1","P46"
"G47","Y2_L5","L5","Y2","1","B2",4,5,"G47","fullrep_MET",1000,914,5.4017840076549,39.9751042831724,27.2981819946692,107.636333489261,5.4017840076549,"F005","P1","P46"
"G27","Y2_L5","L5","Y2","1","B1",3,1,"G27","fullrep_MET",1000,915,7.40915760509251,47.9082899855308,29.9162817467043,99.1563716648135,7.40915760509251,"F003","P1","P24"
"G40","Y2_L5","L5","Y2","1","B2",4,7,"G40","fullrep_MET",1000,916,7.52041421593806,45.0421134648931,30.2056517769369,115.587955779906,7.52041421593806,"F004","P1","P71"
"G14","Y2_L5","L5","Y2","1","B2",3,7,"G14","fullrep_MET",1000,917,6.89520352307717,42.0631321916664,25,103.816208590425,6.89520352307717,"F002","P1","P36"
"G11","Y2_L5","L5","Y2","1","B2",3,8,"G11","fullrep_MET",1000,918,7.52518037915209,44.1613177265471,34.4360837191754,114.590420371643,7.52518037915209,"F002","P1","P36"
"G7","Y2_L5","L5","Y2","1","B2",4,4,"G7","fullrep_MET",1000,919,6.83878656644598,31.6821362026058,30.7501074713963,105.58848508448,6.83878656644598,"F001","P1","P32"
"G17","Y2_L5","L5","Y2","1","B3",7,1,"G17","fullrep_MET",1000,920,7.24116987053626,50.6821689710152,30.743740878354,111.901301482595,7.24116987053626,"F002","P1","P36"
"G28","Y2_L5","L5","Y2","1","B1",2,3,"G28","fullrep_MET",1000,921,7.21525613839655,40.8048400069608,33.314473034828,101.465574996335,7.21525613839655,"F003","P1","P24"
"G37","Y2_L5","L5","Y2","1","B2",5,8,"G37","fullrep_MET",1000,922,6.42583648116453,38.5952106112795,30.4594392791295,116.885512777789,6.42583648116453,"F004","P1","P71"
"G18","Y2_L5","L5","Y2","1","B1",1,7,"G18","fullrep_MET",1000,923,9.38484381992487,58.7816930062962,27.8291208971836,95.8773576931634,9.38484381992487,"F002","P1","P36"
"G44","Y2_L5","L5","Y2","1","B2",5,6,"G44","fullrep_MET",1000,924,5.38100839340176,39.6317950997035,28.4864773805495,107.245766949622,5.38100839340176,"F005","P1","P46"
"G19","Y2_L5","L5","Y2","1","B2",4,8,"G19","fullrep_MET",1000,925,6.46783012020136,56.5995859648338,29.9446608929012,108.047511631809,6.46783012020136,"F002","P1","P36"
"G46","Y2_L5","L5","Y2","1","B3",6,8,"G46","fullrep_MET",1000,926,7.79126781715467,36.4209665202772,31.2571544124799,106.158382389818,7.79126781715467,"F005","P1","P46"
"G1","Y2_L5","L5","Y2","1","B1",1,6,"G1","fullrep_MET",1000,927,6.30097905975051,38.9756245322981,27.8041588005764,104.620761209577,6.30097905975051,"F001","P1","P32"
"G32","Y2_L5","L5","Y2","1","B3",6,2,"G32","fullrep_MET",1000,928,6.51145761230051,48.9981930122627,31.0743205000258,111.583606769793,6.51145761230051,"F004","P1","P71"
"G6","Y2_L5","L5","Y2","1","B2",3,6,"G6","fullrep_MET",1000,929,7.54243633796121,39.4661598509917,28.390601336124,103.152233455279,7.54243633796121,"F001","P1","P32"
"G9","Y2_L5","L5","Y2","1","B2",5,7,"G9","fullrep_MET",1000,930,7.10136810896607,43.0834713479377,29.589964025287,114.975677992336,7.10136810896607,"F001","P1","P32"
"G29","Y2_L5","L5","Y2","1","B1",2,4,"G29","fullrep_MET",1000,931,7.98361620624487,32.4515981241679,32.9535471754245,111.701902037021,7.98361620624487,"F003","P1","P24"
"G43","Y2_L5","L5","Y2","1","B2",5,3,"G43","fullrep_MET",1000,932,8.55315965094103,45.1668658262521,31.1317700167071,109.486178422592,8.55315965094103,"F005","P1","P46"
"G31","Y2_L5","L5","Y2","1","B1",3,4,"G31","fullrep_MET",1000,933,5.61700422260585,39.8537784493355,29.3399919074594,106.524480353792,5.61700422260585,"F004","P1","P71"
"G48","Y2_L5","L5","Y2","1","B1",3,2,"G48","fullrep_MET",1000,934,6.88054569431151,47.3999748690902,27.8081581033459,102.970445832886,6.88054569431151,"F005","P1","P46"
"G16","Y2_L5","L5","Y2","1","B2",4,2,"G16","fullrep_MET",1000,935,9.5,34.4063466102311,34.2051280410871,112.082946736956,9.5,"F002","P1","P36"
"G33","Y2_L5","L5","Y2","1","B2",4,6,"G33","fullrep_MET",1000,936,7.19778392384944,42.3526275325211,28.2471660923743,110.79506549822,7.19778392384944,"F004","P1","P71"
"G26","Y2_L5","L5","Y2","1","B2",5,2,"G26","fullrep_MET",1000,937,7.65830038021329,36.144010511343,26.1627460107063,100.3800648833,7.65830038021329,"F003","P1","P24"
"G15","Y2_L5","L5","Y2","1","B3",6,1,"G15","fullrep_MET",1000,938,7.08016210558725,48.6283422227168,32.8662389472304,104.513984560085,7.08016210558725,"F002","P1","P36"
"G45","Y2_L5","L5","Y2","1","B1",2,1,"G45","fullrep_MET",1000,939,4,45.6099702630554,32.4108163368155,102.838631676447,4,"F005","P1","P46"
"G35","Y2_L5","L5","Y2","1","B1",3,3,"G35","fullrep_MET",1000,940,6.58911045131656,49.7422231166529,25,108.870419006769,6.58911045131656,"F004","P1","P71"
"G42","Y2_L5","L5","Y2","1","B1",1,4,"G42","fullrep_MET",1000,941,5.27798147349896,37.9215435785889,30.9017598626732,94.5889047568622,5.27798147349896,"F005","P1","P46"
"G30","Y2_L5","L5","Y2","1","B1",2,5,"G30","fullrep_MET",1000,942,7.95772684252336,27.7686098109401,27.4057191593197,120.741012053198,7.95772684252336,"F003","P1","P24"
"G38","Y2_L5","L5","Y2","1","B2",4,1,"G38","fullrep_MET",1000,943,6.90348363018107,33.5675720177696,33.6142438107338,116.074623593737,6.90348363018107,"F004","P1","P71"
"G3","Y2_L5","L5","Y2","1","B1",1,5,"G3","fullrep_MET",1000,944,7.51299695271832,42.6860965527508,28.8005540469317,104.531238159832,7.51299695271832,"F001","P1","P32"
"G12","Y2_L5","L5","Y2","1","B3",6,6,"G12","fullrep_MET",1000,945,7.65958041321859,48.1587202533289,34.7175041499048,116.998457884338,7.65958041321859,"F002","P1","P36"
"G20","Y2_L5","L5","Y2","1","B1",1,2,"G20","fullrep_MET",1000,946,7.66399932511648,50.5795363218362,33.5998442361783,129.202188235321,7.66399932511648,"F002","P1","P36"
"G24","Y2_L5","L5","Y2","1","B1",1,8,"G24","fullrep_MET",1000,947,7.02061525709964,55.5129315759988,28.037802457941,114.846819069294,7.02061525709964,"F003","P1","P24"
"G39","Y2_L5","L5","Y2","1","B1",2,8,"G39","fullrep_MET",1000,948,6.37950730086276,47.6094890621106,29.8356475495992,101.606283534512,6.37950730086276,"F004","P1","P71"
"G34","Y2_L5","L5","Y2","1","B2",3,5,"G34","fullrep_MET",1000,949,6.63540118723251,41.241041673158,31.3842181223771,130,6.63540118723251,"F004","P1","P71"
"G23","Y2_L5","L5","Y2","1","B3",6,3,"G23","fullrep_MET",1000,950,6.86845775238055,40.6928584528207,27.6720038006041,98.995427208455,6.86845775238055,"F003","P1","P24"
"G33","Y2_L5","L5","Y2","2","B1",3,3,"G33","fullrep_MET",1000,951,7.60655850982416,43.1588522167948,29.0361263442964,106.231754149047,7.60655850982416,"F004","P1","P71"
"G44","Y2_L5","L5","Y2","2","B1",2,5,"G44","fullrep_MET",1000,952,4.74430614837937,37.077347392281,28.071985642512,107.556084188842,4.74430614837937,"F005","P1","P46"
"G50","Y2_L5","L5","Y2","2","B3",6,4,"G50","fullrep_MET",1000,953,7.19175722750846,39.0560263596657,25,121.23967838342,7.19175722750846,"F005","P1","P46"
"G10","Y2_L5","L5","Y2","2","B1",1,7,"G10","fullrep_MET",1000,954,6.17567184729027,42.7150240443995,30.4865178357005,108.261086753597,6.17567184729027,"F001","P1","P32"
"G43","Y2_L5","L5","Y2","2","B1",2,7,"G43","fullrep_MET",1000,955,5.1626075104905,49.7501693107031,30.9757688459544,96.8016627803428,5.1626075104905,"F005","P1","P46"
"G22","Y2_L5","L5","Y2","2","B2",5,5,"G22","fullrep_MET",1000,956,6.8891535630819,43.4003828797001,25,90.3187944398334,6.8891535630819,"F003","P1","P24"
"G49","Y2_L5","L5","Y2","2","B3",6,7,"G49","fullrep_MET",1000,957,5.71785316147049,38.5950196390438,28.2686792168753,107.994322677818,5.71785316147049,"F005","P1","P46"
"G26","Y2_L5","L5","Y2","2","B2",4,5,"G26","fullrep_MET",1000,958,5.6326564731823,32.2409618027772,25,100.85511052722,5.6326564731823,"F003","P1","P24"
"G3","Y2_L5","L5","Y2","2","B1",3,2,"G3","fullrep_MET",1000,959,6.0849605018783,42.8505803552795,36.4216102273636,106.084732423519,6.0849605018783,"F001","P1","P32"
"G16","Y2_L5","L5","Y2","2","B1",3,1,"G16","fullrep_MET",1000,960,8.77712925545437,29.5176629640136,35.5766083481145,115.360661774551,8.77712925545437,"F002","P1","P36"
"G21","Y2_L5","L5","Y2","2","B2",4,2,"G21","fullrep_MET",1000,961,5.95729085758852,32.8414266715008,28.2031153016828,100.062765223995,5.95729085758852,"F003","P1","P24"
"G18","Y2_L5","L5","Y2","2","B3",6,1,"G18","fullrep_MET",1000,962,6.85968098164946,53.8882843319521,32.656657485743,89.7900960275387,6.85968098164946,"F002","P1","P36"
"G12","Y2_L5","L5","Y2","2","B3",7,1,"G12","fullrep_MET",1000,963,7.62089543481196,51.4694362943709,32.9625670365457,118.237393736259,7.62089543481196,"F002","P1","P36"
"G30","Y2_L5","L5","Y2","2","B2",3,6,"G30","fullrep_MET",1000,964,7.87543637724166,28.4281259629447,28.07947437099,120.192649190167,7.87543637724166,"F003","P1","P24"
"G42","Y2_L5","L5","Y2","2","B1",1,3,"G42","fullrep_MET",1000,965,5.02936238627731,48.6931574427826,34.0612063660157,100.193236262584,5.02936238627731,"F005","P1","P46"
"G36","Y2_L5","L5","Y2","2","B3",6,3,"G36","fullrep_MET",1000,966,6.31658679598864,38.6054082598318,32.3871405196619,112.087818218296,6.31658679598864,"F004","P1","P71"
"G48","Y2_L5","L5","Y2","2","B3",6,2,"G48","fullrep_MET",1000,967,5.49132095570403,47.6750049114904,28.253209005044,113.067151650447,5.49132095570403,"F005","P1","P46"
"G14","Y2_L5","L5","Y2","2","B2",4,7,"G14","fullrep_MET",1000,968,5.73416471931655,43.390884925389,29.8687829779516,111.01624081926,5.73416471931655,"F002","P1","P36"
"G24","Y2_L5","L5","Y2","2","B2",4,3,"G24","fullrep_MET",1000,969,6.69168571709012,61.5634205148849,28.7343345524055,107.81358575655,6.69168571709012,"F003","P1","P24"
"G8","Y2_L5","L5","Y2","2","B2",4,6,"G8","fullrep_MET",1000,970,6.20903876764104,38.5228706792069,32.6301297395172,104.716365828756,6.20903876764104,"F001","P1","P32"
"G29","Y2_L5","L5","Y2","2","B2",5,4,"G29","fullrep_MET",1000,971,7.65794485941536,32.7648284201395,30.4123130486509,103.025628507936,7.65794485941536,"F003","P1","P24"
"G38","Y2_L5","L5","Y2","2","B3",6,6,"G38","fullrep_MET",1000,972,7.80843895215778,37.4888462794197,31.212800204585,113.670441041014,7.80843895215778,"F004","P1","P71"
"G47","Y2_L5","L5","Y2","2","B2",5,6,"G47","fullrep_MET",1000,973,6.04261072413562,45.5749302566002,25.9027249961165,101.398568509591,6.04261072413562,"F005","P1","P46"
"G39","Y2_L5","L5","Y2","2","B2",5,8,"G39","fullrep_MET",1000,974,5.56710222889235,39.008225650873,31.972839039092,109.12938620483,5.56710222889235,"F004","P1","P71"
"G28","Y2_L5","L5","Y2","2","B2",3,7,"G28","fullrep_MET",1000,975,6.35819282062744,45.9920156463361,37.5326994746927,97.2382959220059,6.35819282062744,"F003","P1","P24"
"G41","Y2_L5","L5","Y2","2","B1",1,1,"G41","fullrep_MET",1000,976,5.42516158299877,35.5056635336847,32.8370746495168,105.613973170074,5.42516158299877,"F005","P1","P46"
"G19","Y2_L5","L5","Y2","2","B2",3,5,"G19","fullrep_MET",1000,977,6.02328570953078,52.5345892030208,31.0866348120601,92.7380054474593,6.02328570953078,"F002","P1","P36"
"G1","Y2_L5","L5","Y2","2","B3",7,2,"G1","fullrep_MET",1000,978,6.13124583809098,32.7225377031166,26.2592553089132,118.223801814079,6.13124583809098,"F001","P1","P32"
"G31","Y2_L5","L5","Y2","2","B2",5,2,"G31","fullrep_MET",1000,979,7.6073811463576,39.6663092609907,30.3836258986544,98.9731365117127,7.6073811463576,"F004","P1","P71"
"G23","Y2_L5","L5","Y2","2","B2",5,3,"G23","fullrep_MET",1000,980,6.43291133834023,37.308859056398,27.8263415374568,88.6548834724225,6.43291133834023,"F003","P1","P24"
"G17","Y2_L5","L5","Y2","2","B3",6,8,"G17","fullrep_MET",1000,981,7.60687787654721,49.1572874059767,31.7976479443821,99.4084365987782,7.60687787654721,"F002","P1","P36"
"G25","Y2_L5","L5","Y2","2","B1",2,6,"G25","fullrep_MET",1000,982,7.12185238242297,39.9829161366472,30.9139618854934,109.406960167059,7.12185238242297,"F003","P1","P24"
"G45","Y2_L5","L5","Y2","2","B1",1,4,"G45","fullrep_MET",1000,983,5.71109230708369,37.3469446387206,32.128592479658,109.055118106659,5.71109230708369,"F005","P1","P46"
"G46","Y2_L5","L5","Y2","2","B2",3,8,"G46","fullrep_MET",1000,984,5.63317988951385,37.6855808864882,30.7234776518238,98.5989392673591,5.63317988951385,"F005","P1","P46"
"G4","Y2_L5","L5","Y2","2","B2",4,8,"G4","fullrep_MET",1000,985,6.46811143295651,44.3586736653736,32.7880420281688,101.752940202602,6.46811143295651,"F001","P1","P32"
"G6","Y2_L5","L5","Y2","2","B1",2,2,"G6","fullrep_MET",1000,986,6.29190709912482,42.8431736997614,31.8905263275366,110.363586032335,6.29190709912482,"F001","P1","P32"
"G11","Y2_L5","L5","Y2","2","B1",2,4,"G11","fullrep_MET",1000,987,8.31026419436329,41.8718621644035,34.5065596531019,98.7364233788679,8.31026419436329,"F002","P1","P36"
"G2","Y2_L5","L5","Y2","2","B2",5,7,"G2","fullrep_MET",1000,988,7.45077507128623,49.2459322796964,29.9357023861802,100.007781071862,7.45077507128623,"F001","P1","P32"
"G13","Y2_L5","L5","Y2","2","B1",1,8,"G13","fullrep_MET",1000,989,7.5859450212079,36.1301583102592,37.4114200378057,124.67232581858,7.5859450212079,"F002","P1","P36"
"G9","Y2_L5","L5","Y2","2","B1",2,3,"G9","fullrep_MET",1000,990,7.00249723547213,37.3146949060248,29.1161666086598,115.798928501017,7.00249723547213,"F001","P1","P32"
"G40","Y2_L5","L5","Y2","2","B1",3,4,"G40","fullrep_MET",1000,991,5.93606395952691,42.6295130393298,32.883163053066,110.14903932987,5.93606395952691,"F004","P1","P71"
"G27","Y2_L5","L5","Y2","2","B2",4,4,"G27","fullrep_MET",1000,992,5.65213958946653,34.4039410627105,27.2136268309932,100.050542030318,5.65213958946653,"F003","P1","P24"
"G32","Y2_L5","L5","Y2","2","B1",1,5,"G32","fullrep_MET",1000,993,5.84457068611418,44.8946845953944,35.4310938538483,105.451982260083,5.84457068611418,"F004","P1","P71"
"G20","Y2_L5","L5","Y2","2","B2",4,1,"G20","fullrep_MET",1000,994,8.08148851047755,47.4516262913577,36.580688663315,116.013194340983,8.08148851047755,"F002","P1","P36"
"G37","Y2_L5","L5","Y2","2","B1",2,1,"G37","fullrep_MET",1000,995,6.09887516199466,36.4055936148869,29.4792084708065,115.463002445043,6.09887516199466,"F004","P1","P71"
"G35","Y2_L5","L5","Y2","2","B1",1,2,"G35","fullrep_MET",1000,996,5.97706628156273,45.2237767251532,27.9280255428109,99.0541591642896,5.97706628156273,"F004","P1","P71"
"G34","Y2_L5","L5","Y2","2","B2",5,1,"G34","fullrep_MET",1000,997,5.80631401557837,35.5486179028718,31.2569750843065,122.682730939545,5.80631401557837,"F004","P1","P71"
"G5","Y2_L5","L5","Y2","2","B1",1,6,"G5","fullrep_MET",1000,998,6.72898051915844,33.3273986460431,28.7934527660615,95.2730176741016,6.72898051915844,"F001","P1","P32"
"G7","Y2_L5","L5","Y2","2","B3",6,5,"G7","fullrep_MET",1000,999,5.48567109582559,30.6715162442907,32.9526592341445,101.828595564335,5.48567109582559,"F001","P1","P32"
"G15","Y2_L5","L5","Y2","2","B1",2,8,"G15","fullrep_MET",1000,1000,7.32644819133955,47.454005492847,35.5268253201454,109.273017631078,7.32644819133955,"F002","P1","P36"
