"geno","env","loc","year","rep","block","row","col","variety","design_class","target_n","plot_id","yield","disease","height","heading","yld","family","sire","dam"
"G572","Y1_L1","L1","Y1","1","B3",5,7,"G1","sparse_prep_MET",1000,1,8.39934908012469,29.774675303577,30.5057985696351,106.94221623219,8.39934908012469,"F058","P12","P53"
"G693","Y1_L1","L1","Y1","1","B2",4,9,"G2","sparse_prep_MET",1000,2,5.23660556330546,28.2101882066405,32.7961333531779,96.0256073211191,5.23660556330546,"F070","P14","P33"
"G92","Y1_L1","L1","Y1","1","B2",4,4,"G3","sparse_prep_MET",1000,3,8.82466560147197,40.7284469282259,30.1381334160257,98.3830735798342,8.82466560147197,"F010","P2","P30"
"G903","Y1_L1","L1","Y1","1","B2",3,7,"G4","sparse_prep_MET",1000,4,7.31406928625847,28.348860234095,31.3090159126268,104.896228864287,7.31406928625847,"F091","P19","P26"
"G8","Y1_L1","L1","Y1","1","B3",6,4,"G5","sparse_prep_MET",1000,5,6.31858036178335,20.2856644533919,28.5788239476718,100.914477615855,6.31858036178335,"F001","P1","P32"
"G635","Y1_L1","L1","Y1","1","B1",2,8,"G6","sparse_prep_MET",1000,6,6.98597967642877,26.1788183706802,25,103.012562072488,6.98597967642877,"F064","P13","P79"
"G496","Y1_L1","L1","Y1","1","B3",7,2,"G7","sparse_prep_MET",1000,7,7.71162923314667,38.5995224789137,32.2527784905535,102.03727309848,7.71162923314667,"F050","P10","P69"
"G669","Y1_L1","L1","Y1","1","B1",2,6,"G8","sparse_prep_MET",1000,8,6.03950139218504,33.7397642319654,33.3667545363287,98.7995783131173,6.03950139218504,"F067","P14","P21"
"G560","Y1_L1","L1","Y1","1","B3",6,5,"G9","sparse_prep_MET",1000,9,9.43315225306488,28.0938016642094,30.8181771039732,94.411770053944,9.43315225306488,"F056","P12","P70"
"G346","Y1_L1","L1","Y1","1","B2",3,8,"G10","sparse_prep_MET",1000,10,8.20293852116633,12.4412030164723,30.2305028694336,111.293002866191,8.20293852116633,"F035","P7","P21"
"G788","Y1_L1","L1","Y1","1","B2",4,6,"G11","sparse_prep_MET",1000,11,6.51744581718984,29.3820936513815,32.0566644732775,93.6283641757335,6.51744581718984,"F079","P16","P26"
"G294","Y1_L1","L1","Y1","1","B3",7,4,"G19","sparse_prep_MET",1000,12,6.74881263067631,23.4965356314107,32.854015759394,109.073178193195,6.74881263067631,"F030","P6","P80"
"G528","Y1_L1","L1","Y1","1","B4",8,3,"G23","sparse_prep_MET",1000,13,7.71008288941557,17.4883185774003,30.8439655502025,110.866236155717,7.71008288941557,"F053","P11","P31"
"G559","Y1_L1","L1","Y1","1","B1",1,7,"G29","sparse_prep_MET",1000,14,7.02986038761002,26.8692951389856,27.9943280954971,87.4638478306725,7.02986038761002,"F056","P12","P70"
"G3","Y1_L1","L1","Y1","1","B2",4,3,"G84","sparse_prep_MET",1000,15,7.16396980871568,31.9853340100758,27.8642486960371,101.374861852102,7.16396980871568,"F001","P1","P32"
"G162","Y1_L1","L1","Y1","1","B1",1,3,"G92","sparse_prep_MET",1000,16,6.90468226090644,30.6454088747865,29.6064929835463,93.7949623920218,6.90468226090644,"F017","P4","P54"
"G256","Y1_L1","L1","Y1","1","B4",7,9,"G132","sparse_prep_MET",1000,17,7.85020062053802,19.3867105945455,27.9919956369806,102.249743082944,7.85020062053802,"F026","P6","P40"
"G826","Y1_L1","L1","Y1","1","B3",6,1,"G153","sparse_prep_MET",1000,18,7.79446124912312,15.4774548309297,29.5645714321085,107.342165569299,7.79446124912312,"F083","P17","P37"
"G906","Y1_L1","L1","Y1","1","B1",1,9,"G162","sparse_prep_MET",1000,19,7.18901247660829,31.4389568197785,29.0658736736712,99.5433184068275,7.18901247660829,"F091","P19","P26"
"G682","Y1_L1","L1","Y1","1","B4",8,2,"G216","sparse_prep_MET",1000,20,6.46465679187248,29.6037453273089,31.7607916293251,98.168835282982,6.46465679187248,"F069","P14","P67"
"G440","Y1_L1","L1","Y1","1","B3",7,6,"G228","sparse_prep_MET",1000,21,7.85981232196904,27.2637887893691,29.799284320808,108.349076538254,7.85981232196904,"F044","P9","P26"
"G947","Y1_L1","L1","Y1","1","B2",3,4,"G247","sparse_prep_MET",1000,22,8.44527625282285,17.0274186134328,27.945269947559,111.080078283514,8.44527625282285,"F095","P19","P28"
"G748","Y1_L1","L1","Y1","1","B1",3,2,"G256","sparse_prep_MET",1000,23,6.92275973043426,28.6440151596053,31.4068122164876,98.8111519859568,6.92275973043426,"F075","P15","P79"
"G536","Y1_L1","L1","Y1","1","B4",7,7,"G265","sparse_prep_MET",1000,24,7.27483751284175,21.2130869259943,25.5718669288835,114.309748297407,7.27483751284175,"F054","P11","P80"
"G19","Y1_L1","L1","Y1","1","B1",2,3,"G273","sparse_prep_MET",1000,25,5.81596380262504,35.6951458507036,31.1507190004504,93.373648730997,5.81596380262504,"F002","P1","P36"
"G366","Y1_L1","L1","Y1","1","B1",1,4,"G279","sparse_prep_MET",1000,26,8.76705615266471,24.1601745281678,33.1756171646351,118.380605589755,8.76705615266471,"F037","P8","P53"
"G341","Y1_L1","L1","Y1","1","B2",3,9,"G294","sparse_prep_MET",1000,27,8.45759259748039,25.2294093830476,32.1014312875475,130,8.45759259748039,"F035","P7","P21"
"G9","Y1_L1","L1","Y1","1","B2",4,7,"G326","sparse_prep_MET",1000,28,6.39652039993876,33.2492717212598,28.1026019370839,110.015795033567,6.39652039993876,"F001","P1","P32"
"G84","Y1_L1","L1","Y1","1","B3",7,1,"G341","sparse_prep_MET",1000,29,8.52179744964741,20.1246696156509,31.3272639281511,106.649050789488,8.52179744964741,"F009","P2","P73"
"G684","Y1_L1","L1","Y1","1","B1",2,9,"G346","sparse_prep_MET",1000,30,6.59789730031094,23.4277353400234,29.2659831715328,108.320320837234,6.59789730031094,"F069","P14","P67"
"G836","Y1_L1","L1","Y1","1","B4",7,8,"G366","sparse_prep_MET",1000,31,5.08402604547822,32.6976569795471,26.9882771582342,81.1588686108299,5.08402604547822,"F084","P17","P52"
"G10","Y1_L1","L1","Y1","1","B2",5,4,"G385","sparse_prep_MET",1000,32,7.3409729621074,37.135359527783,30.0152379653507,100.116896169001,7.3409729621074,"F001","P1","P32"
"G772","Y1_L1","L1","Y1","1","B4",8,6,"G407","sparse_prep_MET",1000,33,7.68570437204612,21.8904544849838,31.5077694544533,100.706714242429,7.68570437204612,"F078","P16","P33"
"G1","Y1_L1","L1","Y1","1","B1",2,5,"G434","sparse_prep_MET",1000,34,5.74553909243035,31.3018739021698,28.9170849318133,100.37585273736,5.74553909243035,"F001","P1","P32"
"G770","Y1_L1","L1","Y1","1","B3",6,3,"G440","sparse_prep_MET",1000,35,9.41315095462076,31.9766268120264,30.402781176485,102.110017901885,9.41315095462076,"F077","P16","P65"
"G279","Y1_L1","L1","Y1","1","B2",5,2,"G449","sparse_prep_MET",1000,36,7.53768599799279,18.8415076428562,28.7017815475204,115.846169847938,7.53768599799279,"F028","P6","P46"
"G29","Y1_L1","L1","Y1","1","B1",1,2,"G477","sparse_prep_MET",1000,37,8.37925766540796,24.9907903666945,28.6533268640996,100.765542439809,8.37925766540796,"F003","P1","P24"
"G6","Y1_L1","L1","Y1","1","B2",4,8,"G496","sparse_prep_MET",1000,38,5.49281761555705,37.5449777108586,27.2092356776488,91.528159396709,5.49281761555705,"F001","P1","P32"
"G581","Y1_L1","L1","Y1","1","B1",1,1,"G500","sparse_prep_MET",1000,39,7.8226451305443,31.5243895037657,33.1847871308522,101.235432378,7.8226451305443,"F059","P12","P74"
"G477","Y1_L1","L1","Y1","1","B1",1,5,"G528","sparse_prep_MET",1000,40,7.05851143512176,27.4117323862707,31.3872963474502,113.910271635645,7.05851143512176,"F048","P10","P41"
"G948","Y1_L1","L1","Y1","1","B3",5,6,"G536","sparse_prep_MET",1000,41,7.1683716213252,27.4945348825473,34.3039985188193,102.531640789093,7.1683716213252,"F095","P19","P28"
"G7","Y1_L1","L1","Y1","1","B3",6,8,"G559","sparse_prep_MET",1000,42,5.75249534790512,25.9861610181018,31.0518108510872,94.80892606554,5.75249534790512,"F001","P1","P32"
"G5","Y1_L1","L1","Y1","1","B1",1,6,"G560","sparse_prep_MET",1000,43,5.75292552831949,22.0342702733415,29.3468955984782,93.8333509182289,5.75292552831949,"F001","P1","P32"
"G326","Y1_L1","L1","Y1","1","B4",8,1,"G572","sparse_prep_MET",1000,44,9.4676495244977,25.8486871086618,29.420014041448,92.5778492483716,9.4676495244977,"F033","P7","P67"
"G734","Y1_L1","L1","Y1","1","B1",2,4,"G581","sparse_prep_MET",1000,45,8.59110903006954,40.9566029948338,38.0486649646086,112.463786168067,8.59110903006954,"F074","P15","P36"
"G909","Y1_L1","L1","Y1","1","B1",2,7,"G599","sparse_prep_MET",1000,46,7.179915001396,25.1482315066436,31.6228992142604,100.276239520163,7.179915001396,"F091","P19","P26"
"G153","Y1_L1","L1","Y1","1","B3",7,5,"G626","sparse_prep_MET",1000,47,6.9148608091336,23.8682617483884,25,86.9523837128643,6.9148608091336,"F016","P4","P56"
"G766","Y1_L1","L1","Y1","1","B2",4,2,"G635","sparse_prep_MET",1000,48,8.90569558595134,28.2466530651575,29.0911437954966,104.572914425966,8.90569558595134,"F077","P16","P65"
"G11","Y1_L1","L1","Y1","1","B4",8,7,"G642","sparse_prep_MET",1000,49,8.03473134863729,36.6799235511856,31.5821810734077,92.6782055442659,8.03473134863729,"F002","P1","P36"
"G642","Y1_L1","L1","Y1","1","B2",4,1,"G669","sparse_prep_MET",1000,50,6.78409764969235,25.3470161434221,29.2764445620283,114.179456076404,6.78409764969235,"F065","P13","P71"
"G681","Y1_L1","L1","Y1","1","B4",8,5,"G681","sparse_prep_MET",1000,51,6.46689128668549,33.1893330034095,29.2174308197987,92.9135199343588,6.46689128668549,"F069","P14","P67"
"G2","Y1_L1","L1","Y1","1","B3",5,5,"G682","sparse_prep_MET",1000,52,7.68752328276095,38.2360185899079,27.240244446406,90.9703372350934,7.68752328276095,"F001","P1","P32"
"G4","Y1_L1","L1","Y1","1","B3",6,6,"G684","sparse_prep_MET",1000,53,5.96459222753216,22.3617625790204,29.0378343277111,95.1306649233056,5.96459222753216,"F001","P1","P32"
"G228","Y1_L1","L1","Y1","1","B3",6,2,"G693","sparse_prep_MET",1000,54,9.1749977865898,32.9336202214986,32.7434262574284,95.7699432857967,9.1749977865898,"F023","P5","P47"
"G265","Y1_L1","L1","Y1","1","B3",5,8,"G734","sparse_prep_MET",1000,55,6.40942001436207,23.1473850981237,29.2783210021436,107.173453700011,6.40942001436207,"F027","P6","P47"
"G449","Y1_L1","L1","Y1","1","B1",2,1,"G748","sparse_prep_MET",1000,56,6.33860610722154,37.7128944553038,29.7279558754194,112.912918283832,6.33860610722154,"F045","P9","P47"
"G385","Y1_L1","L1","Y1","1","B2",5,1,"G766","sparse_prep_MET",1000,57,8.25575507800187,25.6019038863321,34.0250044081721,93.9305303161525,8.25575507800187,"F039","P8","P30"
"G434","Y1_L1","L1","Y1","1","B4",8,8,"G770","sparse_prep_MET",1000,58,7.7768888873988,33.9569042971256,32.2111559621132,105.966835640063,7.7768888873988,"F044","P9","P26"
"G407","Y1_L1","L1","Y1","1","B1",2,2,"G772","sparse_prep_MET",1000,59,8.10679581386893,37.0133034290129,31.043265126503,104.309647532701,8.10679581386893,"F041","P9","P75"
"G626","Y1_L1","L1","Y1","1","B4",8,4,"G788","sparse_prep_MET",1000,60,8.57701589539612,21.7351954006241,32.7660138899636,95.2987297415491,8.57701589539612,"F063","P13","P25"
"G599","Y1_L1","L1","Y1","1","B2",5,3,"G795","sparse_prep_MET",1000,61,9.18110159318265,18.8499123114807,34.2195612487361,98.6692385719556,9.18110159318265,"F060","P12","P77"
"G500","Y1_L1","L1","Y1","1","B2",3,5,"G822","sparse_prep_MET",1000,62,8.63069144399953,30.5228418083688,30.4745271537037,89.8905854453691,8.63069144399953,"F050","P10","P69"
"G216","Y1_L1","L1","Y1","1","B1",3,1,"G826","sparse_prep_MET",1000,63,7.83554408819441,36.229094136584,30.6144314043773,110.345756206541,7.83554408819441,"F022","P5","P44"
"G822","Y1_L1","L1","Y1","1","B3",6,9,"G836","sparse_prep_MET",1000,64,8.60240970535147,26.2978940572216,33.6982691174336,97.9150947672375,8.60240970535147,"F083","P17","P37"
"G795","Y1_L1","L1","Y1","1","B2",3,6,"G863","sparse_prep_MET",1000,65,7.38840846805349,30.2350825767507,31.76911777941,107.839560835974,7.38840846805349,"F080","P16","P77"
"G132","Y1_L1","L1","Y1","1","B3",5,9,"G903","sparse_prep_MET",1000,66,9.5,35.0784353040477,32.8109779604547,106.797278839102,9.5,"F014","P3","P36"
"G247","Y1_L1","L1","Y1","1","B2",3,3,"G906","sparse_prep_MET",1000,67,8.68971504363384,23.7353201453446,30.0548739130889,96.2986564260988,8.68971504363384,"F025","P5","P64"
"G273","Y1_L1","L1","Y1","1","B3",7,3,"G909","sparse_prep_MET",1000,68,8.03190483199892,18.571050438338,32.3676595254316,100.766255470598,8.03190483199892,"F028","P6","P46"
"G914","Y1_L1","L1","Y1","1","B3",6,7,"G914","sparse_prep_MET",1000,69,8.34340702741034,15.3492075849209,31.2554491312626,114.749389523729,8.34340702741034,"F092","P19","P41"
"G863","Y1_L1","L1","Y1","1","B1",1,8,"G947","sparse_prep_MET",1000,70,5.94612141004984,23.721573204157,26.5051715013507,86.2448138231845,5.94612141004984,"F087","P18","P80"
"G23","Y1_L1","L1","Y1","1","B2",4,5,"G948","sparse_prep_MET",1000,71,5.93239264263797,33.4923039109736,27.4554962566148,91.6561896942244,5.93239264263797,"F003","P1","P24"
"G11","Y2_L1","L1","Y2","1","B2",5,4,"G1","sparse_prep_MET",1000,72,8.23303588258424,43.9607647429837,30.9045696541229,101.710449876767,8.23303588258424,"F002","P1","P36"
"G6","Y2_L1","L1","Y2","1","B3",7,1,"G2","sparse_prep_MET",1000,73,6.25952832052402,43.2849309754836,29.791203743802,94.7300900962942,6.25952832052402,"F001","P1","P32"
"G347","Y2_L1","L1","Y2","1","B3",5,8,"G3","sparse_prep_MET",1000,74,7.96242926725283,29.4266524873831,30.4779856914668,115.75473478292,7.96242926725283,"F035","P7","P21"
"G452","Y2_L1","L1","Y2","1","B1",2,6,"G4","sparse_prep_MET",1000,75,8.04653814975032,41.1212730084266,31.2207591073821,95.0399953506249,8.04653814975032,"F046","P10","P44"
"G10","Y2_L1","L1","Y2","1","B1",2,3,"G5","sparse_prep_MET",1000,76,7.30483733535369,33.4222590049791,32.8785607498411,110.805722916014,7.30483733535369,"F001","P1","P32"
"G392","Y2_L1","L1","Y2","1","B2",3,6,"G6","sparse_prep_MET",1000,77,4.96588335533982,37.9195992971379,31.7318865886091,109.86172487379,4.96588335533982,"F040","P8","P39"
"G54","Y2_L1","L1","Y2","1","B1",3,1,"G7","sparse_prep_MET",1000,78,8.53114178050492,26.9557065211762,34.5521614950643,101.406175409911,8.53114178050492,"F006","P2","P61"
"G22","Y2_L1","L1","Y2","1","B1",2,4,"G8","sparse_prep_MET",1000,79,7.62794046369977,35.1656434285961,25,81.4798994822152,7.62794046369977,"F003","P1","P24"
"G66","Y2_L1","L1","Y2","1","B4",8,3,"G9","sparse_prep_MET",1000,80,6.35191098254354,27.7883896729222,28.4726367283513,96.2432709178878,6.35191098254354,"F007","P2","P44"
"G162","Y2_L1","L1","Y2","1","B2",5,2,"G10","sparse_prep_MET",1000,81,5.55379786638583,45.6238287321303,32.1489100857008,96.0839756418588,5.55379786638583,"F017","P4","P54"
"G719","Y2_L1","L1","Y2","1","B2",3,5,"G11","sparse_prep_MET",1000,82,7.55237612126237,29.2253073345784,32.8086916640321,99.7297690464781,7.55237612126237,"F072","P15","P53"
"G555","Y2_L1","L1","Y2","1","B1",1,5,"G15","sparse_prep_MET",1000,83,8.11700500655584,21.021173676759,28.4831533041859,87.3371206087323,8.11700500655584,"F056","P12","P70"
"G321","Y2_L1","L1","Y2","1","B4",7,7,"G16","sparse_prep_MET",1000,84,6.44026707047691,27.9685129625526,28.9329968851907,94.1278423393279,6.44026707047691,"F033","P7","P67"
"G909","Y2_L1","L1","Y2","1","B2",3,3,"G22","sparse_prep_MET",1000,85,6.90383263614453,32.3756704361732,31.6256069935697,96.3661175193871,6.90383263614453,"F091","P19","P26"
"G200","Y2_L1","L1","Y2","1","B3",6,9,"G35","sparse_prep_MET",1000,86,6.0141432708783,30.2102024703345,25,80,6.0141432708783,"F020","P4","P52"
"G115","Y2_L1","L1","Y2","1","B1",1,9,"G44","sparse_prep_MET",1000,87,8.67219541411685,33.1992582681566,34.4030959370675,105.638822795212,8.67219541411685,"F012","P3","P41"
"G240","Y2_L1","L1","Y2","1","B3",6,5,"G54","sparse_prep_MET",1000,88,6.88061992527679,25.2315642518472,28.9743446244757,87.7455779537433,6.88061992527679,"F024","P5","P67"
"G3","Y2_L1","L1","Y2","1","B1",2,2,"G66","sparse_prep_MET",1000,89,8.05414532923881,35.8327369689281,30.9737811000399,92.4581346040264,8.05414532923881,"F001","P1","P32"
"G474","Y2_L1","L1","Y2","1","B4",8,4,"G75","sparse_prep_MET",1000,90,8.14083100885826,28.3548312036943,34.1564685773815,114.949127456955,8.14083100885826,"F048","P10","P41"
"G386","Y2_L1","L1","Y2","1","B3",7,3,"G80","sparse_prep_MET",1000,91,7.69632004604679,37.538848657635,27.2611054416149,98.4867887869501,7.69632004604679,"F039","P8","P30"
"G44","Y2_L1","L1","Y2","1","B4",8,2,"G94","sparse_prep_MET",1000,92,6.5298620296926,36.9573952379705,30.5493292784621,100.664408885196,6.5298620296926,"F005","P1","P46"
"G518","Y2_L1","L1","Y2","1","B3",5,6,"G111","sparse_prep_MET",1000,93,7.31977127538186,27.1136536984313,30.3008610108922,109.615581481847,7.31977127538186,"F052","P11","P43"
"G557","Y2_L1","L1","Y2","1","B1",1,3,"G115","sparse_prep_MET",1000,94,7.1480709958009,33.7223409506373,29.2987358564207,105.582808522224,7.1480709958009,"F056","P12","P70"
"G1","Y2_L1","L1","Y2","1","B1",1,4,"G130","sparse_prep_MET",1000,95,5.6523583344318,38.1341889667696,25.1030689003494,90.8872626681188,5.6523583344318,"F001","P1","P32"
"G621","Y2_L1","L1","Y2","1","B2",3,9,"G141","sparse_prep_MET",1000,96,7.06648493735644,26.2079465197303,31.8555236619699,102.128687144873,7.06648493735644,"F063","P13","P25"
"G94","Y2_L1","L1","Y2","1","B3",5,9,"G142","sparse_prep_MET",1000,97,9.5,35.8567050705008,28.9285941159495,99.9613067129586,9.5,"F010","P2","P30"
"G463","Y2_L1","L1","Y2","1","B1",1,6,"G162","sparse_prep_MET",1000,98,6.07185651148789,42.7572155915986,27.7946509545218,91.2045824269038,6.07185651148789,"F047","P10","P22"
"G188","Y2_L1","L1","Y2","1","B3",5,5,"G188","sparse_prep_MET",1000,99,7.65131406988156,38.8687494816519,26.1903190359341,96.259673916745,7.65131406988156,"F019","P4","P62"
"G768","Y2_L1","L1","Y2","1","B3",7,5,"G200","sparse_prep_MET",1000,100,7.91013704069934,36.7110990205788,29.8954133293899,99.9107655498421,7.91013704069934,"F077","P16","P65"
"G889","Y2_L1","L1","Y2","1","B2",4,3,"G209","sparse_prep_MET",1000,101,7.95164797828667,29.7905268365155,30.9562101344763,87.0230200107362,7.95164797828667,"F089","P18","P37"
"G9","Y2_L1","L1","Y2","1","B3",6,8,"G220","sparse_prep_MET",1000,102,7.72221646273248,35.733502505789,29.4034221459518,105.170101738531,7.72221646273248,"F001","P1","P32"
"G469","Y2_L1","L1","Y2","1","B2",4,2,"G240","sparse_prep_MET",1000,103,8.72668771301406,39.4497451277448,28.9100663556246,85.509509023469,8.72668771301406,"F047","P10","P22"
"G4","Y2_L1","L1","Y2","1","B3",7,2,"G241","sparse_prep_MET",1000,104,6.05786615872766,35.8615181589833,29.9730199512325,93.8359139953108,6.05786615872766,"F001","P1","P32"
"G220","Y2_L1","L1","Y2","1","B3",6,7,"G242","sparse_prep_MET",1000,105,7.96429343210242,29.3948996669929,33.9468699093753,105.618576880978,7.96429343210242,"F022","P5","P44"
"G929","Y2_L1","L1","Y2","1","B4",8,6,"G295","sparse_prep_MET",1000,106,7.31474092268759,40.655321274176,34.8830884769528,109.570546861188,7.31474092268759,"F093","P19","P26"
"G412","Y2_L1","L1","Y2","1","B4",8,8,"G303","sparse_prep_MET",1000,107,7.01563164002723,33.7572310182688,29.0199173091817,96.6103609316047,7.01563164002723,"F042","P9","P26"
"G209","Y2_L1","L1","Y2","1","B2",4,7,"G312","sparse_prep_MET",1000,108,7.27604592180379,27.5339345474275,34.3090074233709,94.5195129746699,7.27604592180379,"F021","P5","P80"
"G968","Y2_L1","L1","Y2","1","B2",4,6,"G320","sparse_prep_MET",1000,109,6.5381209160034,44.0243110446686,31.4144171245537,105.157287821511,6.5381209160034,"F097","P20","P78"
"G870","Y2_L1","L1","Y2","1","B1",1,1,"G321","sparse_prep_MET",1000,110,6.01173437195366,35.8415901709542,31.1513689852558,97.8414881805639,6.01173437195366,"F087","P18","P80"
"G783","Y2_L1","L1","Y2","1","B2",4,5,"G330","sparse_prep_MET",1000,111,8.93380872854911,35.2551528477315,28.1661355765619,106.591078416475,8.93380872854911,"F079","P16","P26"
"G75","Y2_L1","L1","Y2","1","B1",1,8,"G331","sparse_prep_MET",1000,112,6.74309293469745,22.8786482401351,31.9607737974861,100.453211368201,6.74309293469745,"F008","P2","P28"
"G7","Y2_L1","L1","Y2","1","B4",8,1,"G347","sparse_prep_MET",1000,113,7.37193291634369,31.0134098266524,34.089342653577,101.546820971951,7.37193291634369,"F001","P1","P32"
"G111","Y2_L1","L1","Y2","1","B4",8,5,"G360","sparse_prep_MET",1000,114,8.61315134680676,38.1982453562758,35.1789932578347,119.431015239541,8.61315134680676,"F012","P3","P41"
"G824","Y2_L1","L1","Y2","1","B2",3,4,"G377","sparse_prep_MET",1000,115,6.56642621385873,24.6627845050103,36.7604023192774,109.586721948215,6.56642621385873,"F083","P17","P37"
"G983","Y2_L1","L1","Y2","1","B2",3,8,"G386","sparse_prep_MET",1000,116,7.3727853492133,29.9146311669493,27.0685444955061,104.123935661017,7.3727853492133,"F099","P20","P25"
"G331","Y2_L1","L1","Y2","1","B4",7,9,"G392","sparse_prep_MET",1000,117,8.36688784469841,28.6026389466701,29.3996245658384,105.755859402737,8.36688784469841,"F034","P7","P76"
"G377","Y2_L1","L1","Y2","1","B3",6,1,"G412","sparse_prep_MET",1000,118,6.70290515023915,28.339819188294,39.3460766882664,101.356804853371,6.70290515023915,"F038","P8","P47"
"G241","Y2_L1","L1","Y2","1","B3",7,6,"G435","sparse_prep_MET",1000,119,9.5,28.2262045400084,32.2850641303588,85.9680968434251,9.5,"F025","P5","P64"
"G5","Y2_L1","L1","Y2","1","B2",3,7,"G437","sparse_prep_MET",1000,120,6.41063491401569,33.3323089957975,27.1362287810074,86.6921848222634,6.41063491401569,"F001","P1","P32"
"G2","Y2_L1","L1","Y2","1","B4",7,8,"G452","sparse_prep_MET",1000,121,6.44465970605019,40.7357741359833,32.8292875283199,105.040614914809,6.44465970605019,"F001","P1","P32"
"G972","Y2_L1","L1","Y2","1","B3",6,3,"G463","sparse_prep_MET",1000,122,8.10793634476705,26.6752032875541,30.0469252426903,101.233418473401,8.10793634476705,"F098","P20","P62"
"G360","Y2_L1","L1","Y2","1","B1",2,5,"G469","sparse_prep_MET",1000,123,7.38368948684038,39.8299212164496,29.3249935783547,86.0127592351764,7.38368948684038,"F036","P8","P59"
"G435","Y2_L1","L1","Y2","1","B2",5,3,"G474","sparse_prep_MET",1000,124,4.63927468222884,42.8846084896716,26.9636276421896,94.0860399016345,4.63927468222884,"F044","P9","P26"
"G15","Y2_L1","L1","Y2","1","B1",2,9,"G518","sparse_prep_MET",1000,125,7.93609133587533,38.8376523881198,30.0898197387827,99.2973644060028,7.93609133587533,"F002","P1","P36"
"G312","Y2_L1","L1","Y2","1","B1",2,8,"G555","sparse_prep_MET",1000,126,7.90559834599479,34.4711960965962,30.1176908218484,94.795983412117,7.90559834599479,"F032","P7","P42"
"G320","Y2_L1","L1","Y2","1","B1",1,2,"G557","sparse_prep_MET",1000,127,6.94773324028999,33.2423396635633,30.360673087169,112.023623800626,6.94773324028999,"F032","P7","P42"
"G330","Y2_L1","L1","Y2","1","B2",4,1,"G621","sparse_prep_MET",1000,128,9.04149620829163,38.4375931006559,32.7726419044757,92.8512819829827,9.04149620829163,"F033","P7","P67"
"G130","Y2_L1","L1","Y2","1","B3",6,6,"G679","sparse_prep_MET",1000,129,9.5,31.3001939461536,35.4185705338256,102.904818425005,9.5,"F013","P3","P54"
"G679","Y2_L1","L1","Y2","1","B3",6,4,"G719","sparse_prep_MET",1000,130,7.97108582146077,22.5973828480934,30.3693903189998,101.149525101511,7.97108582146077,"F068","P14","P49"
"G8","Y2_L1","L1","Y2","1","B1",2,1,"G768","sparse_prep_MET",1000,131,7.30799595863853,29.3924434110367,31.279436698872,112.855729837738,7.30799595863853,"F001","P1","P32"
"G844","Y2_L1","L1","Y2","1","B2",4,9,"G783","sparse_prep_MET",1000,132,5.79391907378453,34.6503958843692,27.1321933133866,90.1223021739073,5.79391907378453,"F085","P17","P40"
"G303","Y2_L1","L1","Y2","1","B4",8,7,"G824","sparse_prep_MET",1000,133,8.10338194086643,31.107912051938,29.2476022180382,107.700455649894,8.10338194086643,"F031","P7","P37"
"G142","Y2_L1","L1","Y2","1","B1",2,7,"G844","sparse_prep_MET",1000,134,7.18174795875259,38.1301312163779,34.0691193615313,98.212495349373,7.18174795875259,"F015","P3","P42"
"G295","Y2_L1","L1","Y2","1","B3",7,4,"G870","sparse_prep_MET",1000,135,8.7450792505129,17.5918547579355,35.6120036073694,108.174210755989,8.7450792505129,"F030","P6","P80"
"G35","Y2_L1","L1","Y2","1","B3",6,2,"G889","sparse_prep_MET",1000,136,7.19736287782688,46.0891728853899,29.5799554781123,82.6964802564448,7.19736287782688,"F004","P1","P71"
"G924","Y2_L1","L1","Y2","1","B1",3,2,"G909","sparse_prep_MET",1000,137,8.26318237229218,31.0356394006239,31.0418020258664,87.1960625027653,8.26318237229218,"F093","P19","P26"
"G141","Y2_L1","L1","Y2","1","B3",5,7,"G924","sparse_prep_MET",1000,138,8.5782018445781,33.9605347036494,37.2687330317261,97.0996894427683,8.5782018445781,"F015","P3","P42"
"G80","Y2_L1","L1","Y2","1","B2",4,8,"G929","sparse_prep_MET",1000,139,4.93969374368761,34.7569590577296,25,80,4.93969374368761,"F008","P2","P28"
"G16","Y2_L1","L1","Y2","1","B2",4,4,"G968","sparse_prep_MET",1000,140,8.08444677924626,28.6548312919665,34.6525814779716,103.728324146077,8.08444677924626,"F002","P1","P36"
"G242","Y2_L1","L1","Y2","1","B2",5,1,"G972","sparse_prep_MET",1000,141,7.7419658040139,42.0691508367033,32.2556358650891,104.235878661238,7.7419658040139,"F025","P5","P64"
"G437","Y2_L1","L1","Y2","1","B1",1,7,"G983","sparse_prep_MET",1000,142,7.36160950711893,29.5864446982294,31.1292363919199,107.238676854472,7.36160950711893,"F044","P9","P26"
"G204","Y1_L2","L2","Y1","1","B2",3,9,"G1","sparse_prep_MET",1000,143,7.89447479343917,15.3904915407931,25,90.9057114088682,7.89447479343917,"F021","P5","P80"
"G671","Y1_L2","L2","Y1","1","B3",7,2,"G2","sparse_prep_MET",1000,144,7.75193070431807,27.8432995248009,25.2355161130978,90.579360190986,7.75193070431807,"F068","P14","P49"
"G986","Y1_L2","L2","Y1","1","B4",8,1,"G3","sparse_prep_MET",1000,145,8.54322650001694,24.3617725540263,32.8276462822985,121.555649581704,8.54322650001694,"F099","P20","P25"
"G8","Y1_L2","L2","Y1","1","B1",1,5,"G4","sparse_prep_MET",1000,146,6.54425568512647,32.4297959464455,26.7793826202952,98.0758509289863,6.54425568512647,"F001","P1","P32"
"G861","Y1_L2","L2","Y1","1","B1",1,2,"G5","sparse_prep_MET",1000,147,6.80477939020258,19.7660915861797,25.592187838868,86.3894410207679,6.80477939020258,"F087","P18","P80"
"G443","Y1_L2","L2","Y1","1","B4",8,8,"G6","sparse_prep_MET",1000,148,9.27884962816466,28.8974316815413,30.5038834763348,96.7244120130924,9.27884962816466,"F045","P9","P47"
"G742","Y1_L2","L2","Y1","1","B3",6,8,"G7","sparse_prep_MET",1000,149,7.26361525550168,26.4127889937955,28.0163349670109,110.853766146799,7.26361525550168,"F075","P15","P79"
"G694","Y1_L2","L2","Y1","1","B2",4,1,"G8","sparse_prep_MET",1000,150,6.5928457637947,26.2272026908455,27.2635210374245,96.3540064275904,6.5928457637947,"F070","P14","P33"
"G9","Y1_L2","L2","Y1","1","B3",5,8,"G9","sparse_prep_MET",1000,151,7.01942760896794,32.1125298585929,25.9412122763469,100.426969749354,7.01942760896794,"F001","P1","P32"
"G655","Y1_L2","L2","Y1","1","B1",1,7,"G10","sparse_prep_MET",1000,152,5.37980848813203,19.9941028083615,29.0179331411096,86.4426031118245,5.37980848813203,"F066","P14","P80"
"G6","Y1_L2","L2","Y1","1","B2",4,4,"G11","sparse_prep_MET",1000,153,6.73839974584618,38.4087560710271,26.1415106155813,92.3624490350452,6.73839974584618,"F001","P1","P32"
"G916","Y1_L2","L2","Y1","1","B3",5,7,"G38","sparse_prep_MET",1000,154,6.42139740404135,15.2683818342706,33.2228435677971,101.569648580841,6.42139740404135,"F092","P19","P41"
"G38","Y1_L2","L2","Y1","1","B1",3,2,"G82","sparse_prep_MET",1000,155,8.40643327544289,32.6593503041294,27.0306060634855,109.355277718776,8.40643327544289,"F004","P1","P71"
"G840","Y1_L2","L2","Y1","1","B2",3,4,"G83","sparse_prep_MET",1000,156,6.60269256770603,40.2945646843334,27.6832664155828,89.9648557011065,6.60269256770603,"F084","P17","P52"
"G803","Y1_L2","L2","Y1","1","B4",7,7,"G106","sparse_prep_MET",1000,157,8.77448415314768,26.9959621984122,27.0234199093615,104.788452519099,8.77448415314768,"F081","P17","P72"
"G365","Y1_L2","L2","Y1","1","B1",1,9,"G119","sparse_prep_MET",1000,158,5.51299289217011,36.6742016596271,26.9005404104781,97.3172783777356,5.51299289217011,"F037","P8","P53"
"G143","Y1_L2","L2","Y1","1","B2",3,7,"G127","sparse_prep_MET",1000,159,7.42044675710353,40.9430918205302,27.5258585490456,100.727501341893,7.42044675710353,"F015","P3","P42"
"G230","Y1_L2","L2","Y1","1","B1",1,3,"G143","sparse_prep_MET",1000,160,8.26589650130373,14.0933425697804,30.0481347130145,93.1737445197022,8.26589650130373,"F023","P5","P47"
"G235","Y1_L2","L2","Y1","1","B1",3,1,"G147","sparse_prep_MET",1000,161,5.95652930506969,25.9790327244949,25,80,5.95652930506969,"F024","P5","P67"
"G119","Y1_L2","L2","Y1","1","B1",2,7,"G160","sparse_prep_MET",1000,162,8.26095622544881,33.6476614461318,32.4755902758635,113.83001115777,8.26095622544881,"F012","P3","P41"
"G700","Y1_L2","L2","Y1","1","B4",7,9,"G186","sparse_prep_MET",1000,163,5.43942587390459,29.7350638705256,28.2313649417202,96.0022036703628,5.43942587390459,"F070","P14","P33"
"G938","Y1_L2","L2","Y1","1","B1",1,4,"G204","sparse_prep_MET",1000,164,8.71562619048315,30.4998411455716,25.8022567735855,103.7372249135,8.71562619048315,"F094","P19","P75"
"G283","Y1_L2","L2","Y1","1","B2",5,1,"G208","sparse_prep_MET",1000,165,7.98177639022133,28.3647012736147,31.9845731240257,98.2053255516028,7.98177639022133,"F029","P6","P76"
"G415","Y1_L2","L2","Y1","1","B1",2,3,"G217","sparse_prep_MET",1000,166,7.39475625106648,22.3582084845977,34.8010131400094,89.5113373831075,7.39475625106648,"F042","P9","P26"
"G934","Y1_L2","L2","Y1","1","B1",2,5,"G230","sparse_prep_MET",1000,167,6.35140712086682,22.8654750336003,25,89.9569682345233,6.35140712086682,"F094","P19","P75"
"G11","Y1_L2","L2","Y1","1","B4",8,5,"G235","sparse_prep_MET",1000,168,8.96913695817093,37.1968546763109,31.2291484201732,98.023253203211,8.96913695817093,"F002","P1","P36"
"G993","Y1_L2","L2","Y1","1","B3",6,2,"G283","sparse_prep_MET",1000,169,6.03155363576927,22.1696898223112,30.2150953973616,94.320553112092,6.03155363576927,"F100","P20","P33"
"G147","Y1_L2","L2","Y1","1","B3",5,5,"G288","sparse_prep_MET",1000,170,8.1715408364659,31.456607402236,31.7623639648323,100.501268064786,8.1715408364659,"F015","P3","P42"
"G780","Y1_L2","L2","Y1","1","B3",6,3,"G309","sparse_prep_MET",1000,171,8.47322496679834,30.6415187081024,28.6824706130421,92.3360809385404,8.47322496679834,"F078","P16","P33"
"G917","Y1_L2","L2","Y1","1","B1",1,1,"G352","sparse_prep_MET",1000,172,8.82411105836458,22.0365775398912,30.5752098236603,106.159837439488,8.82411105836458,"F092","P19","P41"
"G217","Y1_L2","L2","Y1","1","B1",2,6,"G363","sparse_prep_MET",1000,173,7.87507770705675,32.4156292018357,28.6732862686394,92.7793119232249,7.87507770705675,"F022","P5","P44"
"G757","Y1_L2","L2","Y1","1","B3",5,6,"G365","sparse_prep_MET",1000,174,9.11717137582144,31.7949469799085,27.073470127749,95.0415362708795,9.11717137582144,"F076","P16","P34"
"G387","Y1_L2","L2","Y1","1","B3",6,1,"G387","sparse_prep_MET",1000,175,8.79587885691956,37.3062940841172,27.1752037793703,93.9543172450758,8.79587885691956,"F039","P8","P30"
"G208","Y1_L2","L2","Y1","1","B3",5,9,"G405","sparse_prep_MET",1000,176,7.01535973060965,14.823054990117,26.3972343595988,90.9666033038269,7.01535973060965,"F021","P5","P80"
"G718","Y1_L2","L2","Y1","1","B3",6,5,"G415","sparse_prep_MET",1000,177,8.54718829228739,31.0814955207811,29.5336265244759,101.091088017683,8.54718829228739,"F072","P15","P53"
"G521","Y1_L2","L2","Y1","1","B2",5,3,"G427","sparse_prep_MET",1000,178,6.51434343939015,33.2698584281199,31.9025388506653,110.512898719838,6.51434343939015,"F053","P11","P31"
"G427","Y1_L2","L2","Y1","1","B2",4,5,"G443","sparse_prep_MET",1000,179,8.07720966542342,24.9645272526302,26.1668030350876,95.306021143087,8.07720966542342,"F043","P9","P22"
"G3","Y1_L2","L2","Y1","1","B1",2,1,"G478","sparse_prep_MET",1000,180,6.70326711314476,28.6840683816608,27.860922664938,82.3003178788714,6.70326711314476,"F001","P1","P32"
"G363","Y1_L2","L2","Y1","1","B2",4,9,"G506","sparse_prep_MET",1000,181,7.12828479017048,34.5728322979504,30.8148152547718,102.414379648284,7.12828479017048,"F037","P8","P53"
"G820","Y1_L2","L2","Y1","1","B3",7,5,"G520","sparse_prep_MET",1000,182,7.06906750151811,16.8521428506543,27.7436196393086,99.8356325298418,7.06906750151811,"F082","P17","P44"
"G965","Y1_L2","L2","Y1","1","B1",1,8,"G521","sparse_prep_MET",1000,183,7.0743311659984,27.8512783483122,29.185058500602,94.5880714874891,7.0743311659984,"F097","P20","P78"
"G556","Y1_L2","L2","Y1","1","B4",8,2,"G556","sparse_prep_MET",1000,184,7.01013928995833,17.0085454483883,36.3073984974545,104.901599039935,7.01013928995833,"F056","P12","P70"
"G309","Y1_L2","L2","Y1","1","B3",7,4,"G574","sparse_prep_MET",1000,185,6.52766903932939,11.7624583421899,28.1678223768557,111.365796419078,6.52766903932939,"F031","P7","P37"
"G2","Y1_L2","L2","Y1","1","B3",7,6,"G578","sparse_prep_MET",1000,186,7.67153760947008,41.5987938133915,27.5432534709815,87.3920953269536,7.67153760947008,"F001","P1","P32"
"G1","Y1_L2","L2","Y1","1","B3",6,4,"G611","sparse_prep_MET",1000,187,5.94698806243923,35.7400720224913,25,92.5113743855878,5.94698806243923,"F001","P1","P32"
"G506","Y1_L2","L2","Y1","1","B1",2,8,"G655","sparse_prep_MET",1000,188,6.31116584509823,21.2424037518754,27.3764274234883,101.376610750351,6.31116584509823,"F051","P11","P56"
"G186","Y1_L2","L2","Y1","1","B2",5,4,"G671","sparse_prep_MET",1000,189,7.98936819133383,27.8404395313272,25.1603631250685,80,7.98936819133383,"F019","P4","P62"
"G10","Y1_L2","L2","Y1","1","B3",7,3,"G692","sparse_prep_MET",1000,190,6.68292198307456,29.0384179126742,29.6247885535646,92.2618164380021,6.68292198307456,"F001","P1","P32"
"G478","Y1_L2","L2","Y1","1","B1",2,4,"G694","sparse_prep_MET",1000,191,8.79490002708969,33.051221500389,33.6254983462475,100.005873564719,8.79490002708969,"F048","P10","P41"
"G578","Y1_L2","L2","Y1","1","B3",7,1,"G700","sparse_prep_MET",1000,192,9.43110568205725,10.7126434826845,27.3948642646403,112.795801237242,9.43110568205725,"F058","P12","P53"
"G574","Y1_L2","L2","Y1","1","B3",6,7,"G707","sparse_prep_MET",1000,193,8.60211309139475,22.8181841470833,36.3610615267243,106.831902876294,8.60211309139475,"F058","P12","P53"
"G611","Y1_L2","L2","Y1","1","B1",2,2,"G718","sparse_prep_MET",1000,194,8.40120899589718,33.4539669376838,25.706549480636,101.058681146004,8.40120899589718,"F062","P13","P40"
"G106","Y1_L2","L2","Y1","1","B2",3,6,"G742","sparse_prep_MET",1000,195,6.08502693216463,40.7497569343973,30.9130584011812,89.7230126368411,6.08502693216463,"F011","P3","P46"
"G520","Y1_L2","L2","Y1","1","B2",3,3,"G757","sparse_prep_MET",1000,196,6.86408504640852,30.613914849762,30.6256139686028,91.8697787992405,6.86408504640852,"F052","P11","P43"
"G955","Y1_L2","L2","Y1","1","B4",7,8,"G774","sparse_prep_MET",1000,197,6.38606016734176,40.1012915328519,27.776987987004,106.586752256236,6.38606016734176,"F096","P20","P44"
"G4","Y1_L2","L2","Y1","1","B4",8,6,"G780","sparse_prep_MET",1000,198,7.51240479775357,27.4752445881168,25,94.9063477745583,7.51240479775357,"F001","P1","P32"
"G997","Y1_L2","L2","Y1","1","B2",4,8,"G803","sparse_prep_MET",1000,199,5.8894117846024,30.4208098252368,28.0579722650542,100.951894787764,5.8894117846024,"F100","P20","P33"
"G707","Y1_L2","L2","Y1","1","B2",4,2,"G820","sparse_prep_MET",1000,200,7.12899165092166,35.436084725428,29.1331678762926,98.4786848948641,7.12899165092166,"F071","P15","P30"
"G352","Y1_L2","L2","Y1","1","B4",8,3,"G839","sparse_prep_MET",1000,201,6.27428007593629,34.6247233832953,26.1823250550718,104.458847700174,6.27428007593629,"F036","P8","P59"
"G405","Y1_L2","L2","Y1","1","B2",5,2,"G840","sparse_prep_MET",1000,202,7.65219815432833,31.4685552851229,29.7460648037554,101.890451165688,7.65219815432833,"F041","P9","P75"
"G127","Y1_L2","L2","Y1","1","B2",4,6,"G861","sparse_prep_MET",1000,203,9.5,33.9591416594472,30.8672133039014,93.0852129347362,9.5,"F013","P3","P54"
"G82","Y1_L2","L2","Y1","1","B1",2,9,"G916","sparse_prep_MET",1000,204,7.61649129758854,15.0220097415347,28.9618836315816,91.9508145748856,7.61649129758854,"F009","P2","P73"
"G839","Y1_L2","L2","Y1","1","B4",8,4,"G917","sparse_prep_MET",1000,205,6.41686376874713,25.9040152564673,27.8288691505791,107.150814442481,6.41686376874713,"F084","P17","P52"
"G7","Y1_L2","L2","Y1","1","B2",3,5,"G932","sparse_prep_MET",1000,206,6.64169552277773,28.4436021710337,26.9977886680098,106.024447595647,6.64169552277773,"F001","P1","P32"
"G932","Y1_L2","L2","Y1","1","B3",6,6,"G934","sparse_prep_MET",1000,207,6.86100811134336,19.66851546858,27.7319771202154,96.870687026063,6.86100811134336,"F094","P19","P75"
"G5","Y1_L2","L2","Y1","1","B2",3,8,"G938","sparse_prep_MET",1000,208,7.27288564301155,22.4743498264955,27.0347053873458,91.8512447393863,7.27288564301155,"F001","P1","P32"
"G288","Y1_L2","L2","Y1","1","B4",8,7,"G955","sparse_prep_MET",1000,209,7.58131570016757,23.5943130116075,29.9688303843711,94.164109095264,7.58131570016757,"F029","P6","P76"
"G160","Y1_L2","L2","Y1","1","B2",4,7,"G965","sparse_prep_MET",1000,210,7.02775076545716,29.999582502239,28.758005274696,85.3600280865649,7.02775076545716,"F016","P4","P56"
"G692","Y1_L2","L2","Y1","1","B3",6,9,"G986","sparse_prep_MET",1000,211,7.16333655050759,22.9173091170672,25.0263325803419,81.2250545701322,7.16333655050759,"F070","P14","P33"
"G83","Y1_L2","L2","Y1","1","B2",4,3,"G993","sparse_prep_MET",1000,212,7.89256977499246,13.3810946395136,29.620033187969,98.0163588619103,7.89256977499246,"F009","P2","P73"
"G774","Y1_L2","L2","Y1","1","B1",1,6,"G997","sparse_prep_MET",1000,213,7.91181075314287,36.9986328378759,27.5190134417229,91.4101039458855,7.91181075314287,"F078","P16","P33"
"G10","Y2_L2","L2","Y2","1","B3",6,7,"G1","sparse_prep_MET",1000,214,6.8375894918092,32.8549556500794,30.5672160450514,89.9409973308506,6.8375894918092,"F001","P1","P32"
"G941","Y2_L2","L2","Y2","1","B2",4,5,"G2","sparse_prep_MET",1000,215,8.18446636980514,13.4877851463934,29.9842908440554,89.8613643063734,8.18446636980514,"F095","P19","P28"
"G335","Y2_L2","L2","Y2","1","B2",4,7,"G3","sparse_prep_MET",1000,216,7.1895965624692,21.0627727345195,26.6709204422547,98.8362416002017,7.1895965624692,"F034","P7","P76"
"G227","Y2_L2","L2","Y2","1","B2",4,6,"G4","sparse_prep_MET",1000,217,7.21572921360091,29.112181492356,30.4004169805286,96.7337531065789,7.21572921360091,"F023","P5","P47"
"G554","Y2_L2","L2","Y2","1","B4",8,1,"G5","sparse_prep_MET",1000,218,7.52720265441449,30.8185830453577,35.6326700406507,97.7220074724868,7.52720265441449,"F056","P12","P70"
"G224","Y2_L2","L2","Y2","1","B2",5,2,"G6","sparse_prep_MET",1000,219,8.39087630277781,35.155490789863,31.1798035270808,90.7112615702842,8.39087630277781,"F023","P5","P47"
"G14","Y2_L2","L2","Y2","1","B4",8,4,"G7","sparse_prep_MET",1000,220,7.20728164396514,33.0994377592217,27.9734669902402,103.079100636819,7.20728164396514,"F002","P1","P36"
"G134","Y2_L2","L2","Y2","1","B1",2,7,"G8","sparse_prep_MET",1000,221,9.5,49.587126745176,31.5935972139446,91.9024626476311,9.5,"F014","P3","P36"
"G1","Y2_L2","L2","Y2","1","B4",7,8,"G9","sparse_prep_MET",1000,222,6.26436274173255,25.3633227828479,25.7767161128712,101.254879976143,6.26436274173255,"F001","P1","P32"
"G471","Y2_L2","L2","Y2","1","B3",5,9,"G10","sparse_prep_MET",1000,223,8.52348750778897,26.9291635485797,33.1254298676556,96.4369695989787,8.52348750778897,"F048","P10","P41"
"G764","Y2_L2","L2","Y2","1","B1",2,4,"G11","sparse_prep_MET",1000,224,9.5,27.2940031956521,33.9984751305104,94.1343535629913,9.5,"F077","P16","P65"
"G357","Y2_L2","L2","Y2","1","B2",3,9,"G14","sparse_prep_MET",1000,225,8.01875878686448,23.4705292758163,25.6868941917988,81.8236631089443,8.01875878686448,"F036","P8","P59"
"G379","Y2_L2","L2","Y2","1","B1",1,3,"G17","sparse_prep_MET",1000,226,7.05436360804813,26.1578589323871,36.2499325010346,98.3781996032309,7.05436360804813,"F038","P8","P47"
"G7","Y2_L2","L2","Y2","1","B1",1,4,"G48","sparse_prep_MET",1000,227,6.40808492278429,17.0359660554605,30.6238361151194,95.0815838262307,6.40808492278429,"F001","P1","P32"
"G280","Y2_L2","L2","Y2","1","B2",5,4,"G52","sparse_prep_MET",1000,228,6.592304993213,15.5662851264624,31.8413612449376,103.783420113257,6.592304993213,"F028","P6","P46"
"G683","Y2_L2","L2","Y2","1","B1",2,1,"G63","sparse_prep_MET",1000,229,7.30667926496245,28.9854235732564,33.2346872163973,80.943808286628,7.30667926496245,"F069","P14","P67"
"G913","Y2_L2","L2","Y2","1","B1",3,2,"G70","sparse_prep_MET",1000,230,7.89213771822222,25.2009152212581,32.3626075005761,90.7202537337635,7.89213771822222,"F092","P19","P41"
"G503","Y2_L2","L2","Y2","1","B4",8,7,"G101","sparse_prep_MET",1000,231,8.17785848888036,16.4516307806393,34.0440409113394,101.08734357023,8.17785848888036,"F051","P11","P56"
"G704","Y2_L2","L2","Y2","1","B3",6,1,"G117","sparse_prep_MET",1000,232,7.38432815989912,38.7079106297886,31.3837916233509,80,7.38432815989912,"F071","P15","P30"
"G650","Y2_L2","L2","Y2","1","B4",8,6,"G123","sparse_prep_MET",1000,233,8.10579754538464,21.3440180356645,30.6803741081287,102.225363140688,8.10579754538464,"F065","P13","P71"
"G755","Y2_L2","L2","Y2","1","B4",8,5,"G134","sparse_prep_MET",1000,234,7.31166972682264,26.6942013412898,31.0874190870499,92.3573836258644,7.31166972682264,"F076","P16","P34"
"G892","Y2_L2","L2","Y2","1","B3",6,4,"G148","sparse_prep_MET",1000,235,9.5,29.6892150851943,36.8870485842373,107.777969358259,9.5,"F090","P18","P71"
"G706","Y2_L2","L2","Y2","1","B2",5,1,"G224","sparse_prep_MET",1000,236,8.96702464659817,32.2062179422494,28.982848953637,91.5071768416927,8.96702464659817,"F071","P15","P30"
"G945","Y2_L2","L2","Y2","1","B4",7,9,"G227","sparse_prep_MET",1000,237,8.14667801884766,22.7339574244537,27.7421422972565,101.322991392491,8.14667801884766,"F095","P19","P28"
"G48","Y2_L2","L2","Y2","1","B3",7,6,"G232","sparse_prep_MET",1000,238,6.43991776918085,34.3639607314877,28.1829011124392,95.2119050932492,6.43991776918085,"F005","P1","P46"
"G723","Y2_L2","L2","Y2","1","B1",2,3,"G262","sparse_prep_MET",1000,239,5.95006531370174,28.6037578235791,30.9310192179101,99.0914043969992,5.95006531370174,"F073","P15","P44"
"G17","Y2_L2","L2","Y2","1","B2",3,7,"G274","sparse_prep_MET",1000,240,6.87249800588837,32.3278385050666,27.7158524508922,86.4338565733967,6.87249800588837,"F002","P1","P36"
"G349","Y2_L2","L2","Y2","1","B3",5,8,"G280","sparse_prep_MET",1000,241,9.26342059879928,27.669510239254,29.0958968865581,108.577530968387,9.26342059879928,"F035","P7","P21"
"G497","Y2_L2","L2","Y2","1","B4",8,8,"G310","sparse_prep_MET",1000,242,8.51913680075505,29.3540914992795,33.0632895272014,88.928427322341,8.51913680075505,"F050","P10","P69"
"G555","Y2_L2","L2","Y2","1","B3",7,5,"G335","sparse_prep_MET",1000,243,7.29442545796523,27.3620709618449,27.3316255084558,86.224060898782,7.29442545796523,"F056","P12","P70"
"G274","Y2_L2","L2","Y2","1","B1",1,5,"G338","sparse_prep_MET",1000,244,7.60333008622308,16.2590917573589,32.2677860676684,102.863442845722,7.60333008622308,"F028","P6","P46"
"G423","Y2_L2","L2","Y2","1","B1",1,2,"G348","sparse_prep_MET",1000,245,8.12565525509287,32.2070456811398,34.1908058981613,98.3236917812348,8.12565525509287,"F043","P9","P22"
"G101","Y2_L2","L2","Y2","1","B1",1,9,"G349","sparse_prep_MET",1000,246,7.74656278162927,26.8655460558179,32.8879377260314,98.659009346396,7.74656278162927,"F011","P3","P46"
"G673","Y2_L2","L2","Y2","1","B1",2,2,"G357","sparse_prep_MET",1000,247,7.04061617741961,25.9104527117345,31.0852097467358,95.3653199534261,7.04061617741961,"F068","P14","P49"
"G4","Y2_L2","L2","Y2","1","B1",2,5,"G379","sparse_prep_MET",1000,248,6.52975871600507,27.3155765793514,27.1209842137502,94.8964207715502,6.52975871600507,"F001","P1","P32"
"G674","Y2_L2","L2","Y2","1","B3",6,5,"G393","sparse_prep_MET",1000,249,7.06577120269864,24.5911195583773,29.357426188654,97.3732828485951,7.06577120269864,"F068","P14","P49"
"G566","Y2_L2","L2","Y2","1","B1",1,1,"G411","sparse_prep_MET",1000,250,9.5,24.7498774847162,31.3701695685057,82.575410686354,9.5,"F057","P12","P48"
"G411","Y2_L2","L2","Y2","1","B2",4,4,"G420","sparse_prep_MET",1000,251,8.94517511888763,21.0611682364014,35.0343802819722,101.407857618177,8.94517511888763,"F042","P9","P26"
"G691","Y2_L2","L2","Y2","1","B2",3,3,"G423","sparse_prep_MET",1000,252,7.03164938968884,30.9759539548309,27.209463417907,87.8067169775445,7.03164938968884,"F070","P14","P33"
"G633","Y2_L2","L2","Y2","1","B3",6,3,"G471","sparse_prep_MET",1000,253,9.5,19.4869783144239,29.0634054751763,106.294338892923,9.5,"F064","P13","P79"
"G762","Y2_L2","L2","Y2","1","B1",3,1,"G497","sparse_prep_MET",1000,254,8.91678402804614,29.6105361748522,27.0263767102709,94.6874367876787,8.91678402804614,"F077","P16","P65"
"G5","Y2_L2","L2","Y2","1","B1",2,9,"G503","sparse_prep_MET",1000,255,6.91959509869311,24.384329567478,27.7271347551664,84.6515497951372,6.91959509869311,"F001","P1","P32"
"G689","Y2_L2","L2","Y2","1","B3",6,6,"G554","sparse_prep_MET",1000,256,7.80895042454997,16.8480598511954,33.6797468797742,91.4674433065,7.80895042454997,"F069","P14","P67"
"G262","Y2_L2","L2","Y2","1","B2",4,9,"G555","sparse_prep_MET",1000,257,5.95938994268603,16.1034502762069,32.7945180330376,104.878068870588,5.95938994268603,"F027","P6","P47"
"G338","Y2_L2","L2","Y2","1","B2",3,8,"G566","sparse_prep_MET",1000,258,7.20542173821454,30.6211979704833,30.5350904590666,95.5002546748299,7.20542173821454,"F034","P7","P76"
"G232","Y2_L2","L2","Y2","1","B3",6,2,"G577","sparse_prep_MET",1000,259,7.35877148499429,28.8357750469491,26.9498766378737,85.7544795050092,7.35877148499429,"F024","P5","P67"
"G8","Y2_L2","L2","Y2","1","B2",3,6,"G610","sparse_prep_MET",1000,260,7.16714649501698,25.6863727307828,30.0224604937808,89.796422948768,7.16714649501698,"F001","P1","P32"
"G920","Y2_L2","L2","Y2","1","B2",4,8,"G633","sparse_prep_MET",1000,261,8.45530491062251,11.2516607555262,36.1559134095647,113.11706195215,8.45530491062251,"F092","P19","P41"
"G393","Y2_L2","L2","Y2","1","B3",6,8,"G650","sparse_prep_MET",1000,262,6.53322724879293,20.6327461891189,29.1087214331397,100.892095418529,6.53322724879293,"F040","P8","P39"
"G610","Y2_L2","L2","Y2","1","B1",1,6,"G664","sparse_prep_MET",1000,263,9.5,28.2295544829654,30.1401314972808,94.85724565947,9.5,"F061","P13","P74"
"G797","Y2_L2","L2","Y2","1","B2",4,2,"G665","sparse_prep_MET",1000,264,9.5,32.9228177509328,34.8244787340109,97.3409430925695,9.5,"F080","P16","P77"
"G11","Y2_L2","L2","Y2","1","B3",5,5,"G673","sparse_prep_MET",1000,265,7.87910323566861,37.2934853940064,35.9810071894981,94.0338000811653,7.87910323566861,"F002","P1","P36"
"G9","Y2_L2","L2","Y2","1","B4",7,7,"G674","sparse_prep_MET",1000,266,6.11088989401886,26.1250559233754,33.0300262641153,94.4571963684921,6.11088989401886,"F001","P1","P32"
"G864","Y2_L2","L2","Y2","1","B4",8,2,"G683","sparse_prep_MET",1000,267,6.86423013966006,27.5419537226839,30.3787114939345,102.224338152806,6.86423013966006,"F087","P18","P80"
"G664","Y2_L2","L2","Y2","1","B2",5,3,"G689","sparse_prep_MET",1000,268,8.88950792676922,15.8471125839707,33.4131868368163,92.5785344522156,8.88950792676922,"F067","P14","P21"
"G148","Y2_L2","L2","Y2","1","B2",3,5,"G691","sparse_prep_MET",1000,269,9.5,30.044903168188,31.8757159824004,88.9001691621852,9.5,"F015","P3","P42"
"G2","Y2_L2","L2","Y2","1","B3",5,6,"G704","sparse_prep_MET",1000,270,7.39339709985461,38.2447549174687,30.6364057359527,92.2789371316978,7.39339709985461,"F001","P1","P32"
"G117","Y2_L2","L2","Y2","1","B3",5,7,"G706","sparse_prep_MET",1000,271,8.47615212011554,28.2304146330163,32.9135952049222,100.071902255072,8.47615212011554,"F012","P3","P41"
"G52","Y2_L2","L2","Y2","1","B2",4,1,"G723","sparse_prep_MET",1000,272,7.7801977688015,22.2715646279757,32.4049854921504,98.5614838435529,7.7801977688015,"F006","P2","P61"
"G123","Y2_L2","L2","Y2","1","B2",4,3,"G755","sparse_prep_MET",1000,273,9.29027284551461,33.2925652875524,29.8073691928573,92.3768239474224,9.29027284551461,"F013","P3","P54"
"G310","Y2_L2","L2","Y2","1","B1",2,8,"G762","sparse_prep_MET",1000,274,7.64310805325462,16.0731829560915,30.2888348959106,98.8724505314693,7.64310805325462,"F031","P7","P37"
"G420","Y2_L2","L2","Y2","1","B3",7,3,"G764","sparse_prep_MET",1000,275,8.9406381682713,41.3164693654347,31.4868761111048,104.377026339925,8.9406381682713,"F042","P9","P26"
"G790","Y2_L2","L2","Y2","1","B3",7,2,"G790","sparse_prep_MET",1000,276,8.4364266771118,39.7695828519232,26.5734457436508,80,8.4364266771118,"F079","P16","P26"
"G665","Y2_L2","L2","Y2","1","B3",7,1,"G797","sparse_prep_MET",1000,277,7.37798327343218,32.7663581833234,32.4884624693588,100.410945028765,7.37798327343218,"F067","P14","P21"
"G63","Y2_L2","L2","Y2","1","B3",7,4,"G864","sparse_prep_MET",1000,278,6.11705223205945,34.5553939332653,25.4079301389717,94.51881807375,6.11705223205945,"F007","P2","P44"
"G577","Y2_L2","L2","Y2","1","B3",6,9,"G869","sparse_prep_MET",1000,279,9.33932005376583,26.0757025859973,33.7540785780519,98.1843405801738,9.33932005376583,"F058","P12","P53"
"G869","Y2_L2","L2","Y2","1","B1",1,7,"G892","sparse_prep_MET",1000,280,9.5,29.6514641310642,25.6346183165767,80,9.5,"F087","P18","P80"
"G70","Y2_L2","L2","Y2","1","B2",3,4,"G913","sparse_prep_MET",1000,281,8.24913144839855,29.6900349058035,28.9486399468226,89.8297723212592,8.24913144839855,"F007","P2","P44"
"G6","Y2_L2","L2","Y2","1","B1",2,6,"G920","sparse_prep_MET",1000,282,5.75273078698948,39.8120690801444,31.3323557276832,80,5.75273078698948,"F001","P1","P32"
"G3","Y2_L2","L2","Y2","1","B4",8,3,"G941","sparse_prep_MET",1000,283,7.21724437088566,32.3989248240064,28.3935864813738,87.9477524678298,7.21724437088566,"F001","P1","P32"
"G348","Y2_L2","L2","Y2","1","B1",1,8,"G945","sparse_prep_MET",1000,284,9.24444891761451,14.9087903829488,27.7383844622466,118.691792872409,9.24444891761451,"F035","P7","P21"
"G318","Y1_L3","L3","Y1","1","B2",3,4,"G1","sparse_prep_MET",1000,285,6.82872704753411,35.9964109415142,29.0042119640605,105.540144656991,6.82872704753411,"F032","P7","P42"
"G391","Y1_L3","L3","Y1","1","B1",2,8,"G2","sparse_prep_MET",1000,286,5.1998309096526,30.1791441476121,25.9300645681984,91.3286407981287,5.1998309096526,"F040","P8","P39"
"G10","Y1_L3","L3","Y1","1","B1",2,1,"G3","sparse_prep_MET",1000,287,6.08770702159181,29.7398947720131,28.3351171046161,98.4935878328874,6.08770702159181,"F001","P1","P32"
"G450","Y1_L3","L3","Y1","1","B4",7,7,"G4","sparse_prep_MET",1000,288,7.01267042750426,17.7900636454533,29.3381026544499,98.831886542222,7.01267042750426,"F045","P9","P47"
"G6","Y1_L3","L3","Y1","1","B3",5,5,"G5","sparse_prep_MET",1000,289,6.94049367854245,47.6643612694443,26.1222385941612,94.6418142249563,6.94049367854245,"F001","P1","P32"
"G1","Y1_L3","L3","Y1","1","B2",4,9,"G6","sparse_prep_MET",1000,290,5.67188409415016,23.4298557492734,25,91.0091105618884,5.67188409415016,"F001","P1","P32"
"G662","Y1_L3","L3","Y1","1","B3",7,6,"G7","sparse_prep_MET",1000,291,8.21471443667694,32.3609853299616,28.1373763430715,98.1063867577166,8.21471443667694,"F067","P14","P21"
"G481","Y1_L3","L3","Y1","1","B2",3,7,"G8","sparse_prep_MET",1000,292,8.33826219711823,23.2627979023109,25,96.1883810346599,8.33826219711823,"F049","P10","P41"
"G178","Y1_L3","L3","Y1","1","B4",8,7,"G9","sparse_prep_MET",1000,293,6.32399380237537,34.7686895598723,30.8569223798745,100.067293848344,6.32399380237537,"F018","P4","P71"
"G3","Y1_L3","L3","Y1","1","B1",1,1,"G10","sparse_prep_MET",1000,294,6.38623228073337,25.8843085865978,27.9510668994514,85.9003423414453,6.38623228073337,"F001","P1","P32"
"G8","Y1_L3","L3","Y1","1","B3",6,9,"G11","sparse_prep_MET",1000,295,6.31927362634329,19.861432183537,28.8294143177543,107.168534633855,6.31927362634329,"F001","P1","P32"
"G804","Y1_L3","L3","Y1","1","B1",2,6,"G21","sparse_prep_MET",1000,296,5.34131367879704,19.0976449335832,29.6829297877794,82.2747585807931,5.34131367879704,"F081","P17","P72"
"G46","Y1_L3","L3","Y1","1","B2",5,4,"G36","sparse_prep_MET",1000,297,5.22765684784816,26.1509816560509,28.0468226204216,90.3913217515232,5.22765684784816,"F005","P1","P46"
"G57","Y1_L3","L3","Y1","1","B3",6,8,"G46","sparse_prep_MET",1000,298,6.24481053909738,26.326050989604,26.9034167239765,99.9217501981439,6.24481053909738,"F006","P2","P61"
"G519","Y1_L3","L3","Y1","1","B2",4,2,"G57","sparse_prep_MET",1000,299,7.06766267259193,22.4634341352149,29.4476114924194,109.195144170134,7.06766267259193,"F052","P11","P43"
"G837","Y1_L3","L3","Y1","1","B4",8,4,"G67","sparse_prep_MET",1000,300,5.84206562921443,29.3500812171557,25,91.8339710806106,5.84206562921443,"F084","P17","P52"
"G609","Y1_L3","L3","Y1","1","B2",4,7,"G85","sparse_prep_MET",1000,301,6.9251151198576,24.7399001740778,25.4880012323184,89.850527609173,6.9251151198576,"F061","P13","P74"
"G120","Y1_L3","L3","Y1","1","B2",3,8,"G114","sparse_prep_MET",1000,302,6.45942056117656,25.9986408806817,28.7897115413534,121.063765219271,6.45942056117656,"F012","P3","P41"
"G9","Y1_L3","L3","Y1","1","B3",5,7,"G120","sparse_prep_MET",1000,303,6.21966738170189,30.8884389813636,27.7371689441619,104.849924845421,6.21966738170189,"F001","P1","P32"
"G336","Y1_L3","L3","Y1","1","B1",2,3,"G126","sparse_prep_MET",1000,304,8.10199270030957,33.3871094542417,26.1509606687247,90.4464180300159,8.10199270030957,"F034","P7","P76"
"G563","Y1_L3","L3","Y1","1","B1",1,2,"G133","sparse_prep_MET",1000,305,6.69667960279979,37.3378572470689,27.7275981647505,95.0743316303863,6.69667960279979,"F057","P12","P48"
"G752","Y1_L3","L3","Y1","1","B4",7,8,"G171","sparse_prep_MET",1000,306,6.42771007152898,10.1661941191468,27.8493004713241,92.0641146518064,6.42771007152898,"F076","P16","P34"
"G67","Y1_L3","L3","Y1","1","B1",1,3,"G178","sparse_prep_MET",1000,307,5.31315718315539,27.0615268718799,25,94.2089398547731,5.31315718315539,"F007","P2","P44"
"G85","Y1_L3","L3","Y1","1","B2",4,8,"G226","sparse_prep_MET",1000,308,7.66480123679162,5.59278607066015,30.5731647461885,108.151323135871,7.66480123679162,"F009","P2","P73"
"G226","Y1_L3","L3","Y1","1","B3",7,3,"G248","sparse_prep_MET",1000,309,5.24374425180173,25.5742006334826,26.3886280422842,98.4473682416144,5.24374425180173,"F023","P5","P47"
"G512","Y1_L3","L3","Y1","1","B4",8,5,"G249","sparse_prep_MET",1000,310,5.47886630956256,27.7152933527637,26.2967245952864,106.984910131205,5.47886630956256,"F052","P11","P43"
"G455","Y1_L3","L3","Y1","1","B2",5,1,"G257","sparse_prep_MET",1000,311,6.69886215723219,42.8748176298638,35.3204652627472,107.80137665678,6.69886215723219,"F046","P10","P44"
"G565","Y1_L3","L3","Y1","1","B1",2,4,"G269","sparse_prep_MET",1000,312,7.37155416431119,20.700236145457,25,116.494780033586,7.37155416431119,"F057","P12","P48"
"G637","Y1_L3","L3","Y1","1","B3",6,1,"G276","sparse_prep_MET",1000,313,5.5335904373365,31.109836145901,26.8049707356246,103.855931284368,5.5335904373365,"F064","P13","P79"
"G348","Y1_L3","L3","Y1","1","B2",4,6,"G318","sparse_prep_MET",1000,314,8.57806413707964,18.4310969364986,28.9950586498347,110.134023327365,8.57806413707964,"F035","P7","P21"
"G133","Y1_L3","L3","Y1","1","B2",4,4,"G324","sparse_prep_MET",1000,315,8.31496886676969,37.6604006067552,31.6203021104272,99.3306321686667,8.31496886676969,"F014","P3","P36"
"G248","Y1_L3","L3","Y1","1","B2",3,5,"G336","sparse_prep_MET",1000,316,6.36157085822667,22.261060994677,28.1890621334107,95.74523895021,6.36157085822667,"F025","P5","P64"
"G5","Y1_L3","L3","Y1","1","B3",5,8,"G348","sparse_prep_MET",1000,317,5.40547731287286,12.2500580491267,25,87.0514442767726,5.40547731287286,"F001","P1","P32"
"G573","Y1_L3","L3","Y1","1","B3",7,5,"G391","sparse_prep_MET",1000,318,6.50434353704017,14.1097320858978,28.953441989399,100.928221210594,6.50434353704017,"F058","P12","P53"
"G461","Y1_L3","L3","Y1","1","B1",1,9,"G450","sparse_prep_MET",1000,319,6.42213133006547,34.119930661382,26.5445386618422,83.0289371258097,6.42213133006547,"F047","P10","P22"
"G765","Y1_L3","L3","Y1","1","B2",3,6,"G455","sparse_prep_MET",1000,320,9.5,27.0911097749988,33.7914485409986,98.9928303667409,9.5,"F077","P16","P65"
"G886","Y1_L3","L3","Y1","1","B3",6,2,"G461","sparse_prep_MET",1000,321,8.33788283826513,26.1927100310698,29.0108736697818,100.548924876736,8.33788283826513,"F089","P18","P37"
"G888","Y1_L3","L3","Y1","1","B3",6,3,"G481","sparse_prep_MET",1000,322,6.77655889179429,24.8047417861481,30.3698916242757,96.8654584450807,6.77655889179429,"F089","P18","P37"
"G845","Y1_L3","L3","Y1","1","B1",1,5,"G486","sparse_prep_MET",1000,323,6.22056602986704,23.1593072698018,30.96363533524,113.340409861053,6.22056602986704,"F085","P17","P40"
"G969","Y1_L3","L3","Y1","1","B4",8,2,"G506","sparse_prep_MET",1000,324,7.18332257306004,23.3814143223621,33.1647085374451,103.142780824298,7.18332257306004,"F097","P20","P78"
"G668","Y1_L3","L3","Y1","1","B4",8,8,"G512","sparse_prep_MET",1000,325,5.28717191081063,21.8825955230757,28.9348874255723,88.4722395876173,5.28717191081063,"F067","P14","P21"
"G276","Y1_L3","L3","Y1","1","B1",1,7,"G519","sparse_prep_MET",1000,326,6.06486288096061,17.1200253217241,25,121.030920395278,6.06486288096061,"F028","P6","P46"
"G249","Y1_L3","L3","Y1","1","B3",5,9,"G540","sparse_prep_MET",1000,327,7.42139333325761,26.1494611077071,27.9728637800626,98.6467452051098,7.42139333325761,"F025","P5","P64"
"G540","Y1_L3","L3","Y1","1","B2",3,3,"G563","sparse_prep_MET",1000,328,6.49307537120338,21.8558913223522,26.015392666773,106.094500491162,6.49307537120338,"F054","P11","P80"
"G924","Y1_L3","L3","Y1","1","B4",8,1,"G565","sparse_prep_MET",1000,329,6.67188025336293,30.1528956030092,25.6259487570658,91.4371407600693,6.67188025336293,"F093","P19","P26"
"G2","Y1_L3","L3","Y1","1","B4",8,6,"G571","sparse_prep_MET",1000,330,6.51141865845981,30.1446020735421,25,88.740132388956,6.51141865845981,"F001","P1","P32"
"G746","Y1_L3","L3","Y1","1","B3",6,5,"G573","sparse_prep_MET",1000,331,6.96032367089046,33.3189757344607,31.6788915880213,104.058468336557,6.96032367089046,"F075","P15","P79"
"G324","Y1_L3","L3","Y1","1","B3",7,4,"G583","sparse_prep_MET",1000,332,8.01954530764033,32.1237105616486,27.3356836767757,105.98732054315,8.01954530764033,"F033","P7","P67"
"G893","Y1_L3","L3","Y1","1","B3",5,6,"G593","sparse_prep_MET",1000,333,8.37595811485011,31.8257104689907,27.6130269352639,96.9463463975354,8.37595811485011,"F090","P18","P71"
"G4","Y1_L3","L3","Y1","1","B4",7,9,"G609","sparse_prep_MET",1000,334,4,29.8830645328239,26.8742369593712,98.2574549426124,4,"F001","P1","P32"
"G506","Y1_L3","L3","Y1","1","B1",3,1,"G631","sparse_prep_MET",1000,335,6.97971132805965,33.290943850295,26.9748015024294,100.210096291404,6.97971132805965,"F051","P11","P56"
"G571","Y1_L3","L3","Y1","1","B4",8,3,"G637","sparse_prep_MET",1000,336,9.2385336449234,13.1971343920566,26.9589696662791,120.953986880714,9.2385336449234,"F058","P12","P53"
"G257","Y1_L3","L3","Y1","1","B1",3,2,"G662","sparse_prep_MET",1000,337,6.73996341819712,29.221287359406,27.0220537009204,106.567517129327,6.73996341819712,"F026","P6","P40"
"G269","Y1_L3","L3","Y1","1","B1",2,9,"G668","sparse_prep_MET",1000,338,5.68560187758352,18.5021844278403,27.5111542013064,88.806280165457,5.68560187758352,"F027","P6","P47"
"G631","Y1_L3","L3","Y1","1","B3",6,4,"G746","sparse_prep_MET",1000,339,6.88954040475217,26.4485902211791,29.1266815785568,92.6796795835054,6.88954040475217,"F064","P13","P79"
"G850","Y1_L3","L3","Y1","1","B2",5,3,"G750","sparse_prep_MET",1000,340,6.56736335543127,25.8870808620733,29.0273298982586,110.717200866764,6.56736335543127,"F085","P17","P40"
"G583","Y1_L3","L3","Y1","1","B2",5,2,"G752","sparse_prep_MET",1000,341,6.40332812575103,24.6336974619647,27.8385540548016,97.3870329840807,6.40332812575103,"F059","P12","P74"
"G11","Y1_L3","L3","Y1","1","B2",4,5,"G765","sparse_prep_MET",1000,342,7.27057431690793,28.5008956948195,32.3049835292124,94.2617836947423,7.27057431690793,"F002","P1","P36"
"G979","Y1_L3","L3","Y1","1","B1",2,2,"G804","sparse_prep_MET",1000,343,7.7507588857385,34.8574235896048,31.9103495919857,103.72765633661,7.7507588857385,"F098","P20","P62"
"G36","Y1_L3","L3","Y1","1","B3",7,1,"G837","sparse_prep_MET",1000,344,4.59729136658855,32.171157532578,27.1417869805607,101.174994920911,4.59729136658855,"F004","P1","P71"
"G126","Y1_L3","L3","Y1","1","B2",3,9,"G838","sparse_prep_MET",1000,345,8.66137514740419,21.92306593314,34.3905505975192,107.904412504826,8.66137514740419,"F013","P3","P54"
"G486","Y1_L3","L3","Y1","1","B1",1,4,"G845","sparse_prep_MET",1000,346,7.65350660114653,27.4697506074485,32.1588270481548,104.983529478245,7.65350660114653,"F049","P10","P41"
"G750","Y1_L3","L3","Y1","1","B2",4,1,"G850","sparse_prep_MET",1000,347,6.39952409130797,26.8570190091735,29.5674356647828,102.62369256027,6.39952409130797,"F075","P15","P79"
"G7","Y1_L3","L3","Y1","1","B3",6,6,"G868","sparse_prep_MET",1000,348,6.58867331946855,26.3200995869312,28.4904622316212,100.384497853432,6.58867331946855,"F001","P1","P32"
"G114","Y1_L3","L3","Y1","1","B1",1,8,"G886","sparse_prep_MET",1000,349,7.61602807497093,24.9602046222117,27.3934379085703,96.6266119121759,7.61602807497093,"F012","P3","P41"
"G838","Y1_L3","L3","Y1","1","B3",7,2,"G888","sparse_prep_MET",1000,350,7.93794987120527,26.0814480179813,27.034269195651,105.731893153541,7.93794987120527,"F084","P17","P52"
"G930","Y1_L3","L3","Y1","1","B2",4,3,"G893","sparse_prep_MET",1000,351,6.98247379990274,23.0181526659196,28.1505947359903,102.926381089472,6.98247379990274,"F093","P19","P26"
"G868","Y1_L3","L3","Y1","1","B1",2,5,"G924","sparse_prep_MET",1000,352,5.22598340219158,30.8804083149943,26.0609076772275,83.8117720532961,5.22598340219158,"F087","P18","P80"
"G593","Y1_L3","L3","Y1","1","B1",1,6,"G930","sparse_prep_MET",1000,353,6.52543704724036,18.565305837714,30.3270445972034,106.863823204802,6.52543704724036,"F060","P12","P77"
"G21","Y1_L3","L3","Y1","1","B3",6,7,"G969","sparse_prep_MET",1000,354,5.63251589787633,34.077078043592,29.2421076087884,85.7324553792265,5.63251589787633,"F003","P1","P24"
"G171","Y1_L3","L3","Y1","1","B1",2,7,"G979","sparse_prep_MET",1000,355,5.80060989961241,22.5798394537896,28.1023284037223,101.159696095886,5.80060989961241,"F018","P4","P71"
"G397","Y2_L3","L3","Y2","1","B4",8,8,"G1","sparse_prep_MET",1000,356,4,37.5298034137136,25.6476408609172,109.744318995564,4,"F040","P8","P39"
"G542","Y2_L3","L3","Y2","1","B3",5,7,"G2","sparse_prep_MET",1000,357,6.68374368407852,27.1064881579067,32.8151468162135,121.277430650142,6.68374368407852,"F055","P11","P29"
"G649","Y2_L3","L3","Y2","1","B2",3,5,"G3","sparse_prep_MET",1000,358,6.64530855624807,29.5778604786162,28.3969128441799,115.036221100262,6.64530855624807,"F065","P13","P71"
"G200","Y2_L3","L3","Y2","1","B2",4,6,"G4","sparse_prep_MET",1000,359,5.29058761110394,13.5108861569239,25,92.0571979036457,5.29058761110394,"F020","P4","P52"
"G638","Y2_L3","L3","Y2","1","B3",7,3,"G5","sparse_prep_MET",1000,360,6.5575365435732,31.5458849069266,27.137461743677,117.144852153552,6.5575365435732,"F064","P13","P79"
"G6","Y2_L3","L3","Y2","1","B4",7,7,"G6","sparse_prep_MET",1000,361,6.30639177069549,38.7859992599674,25.3328554559404,105.374251749718,6.30639177069549,"F001","P1","P32"
"G304","Y2_L3","L3","Y2","1","B2",4,2,"G7","sparse_prep_MET",1000,362,7.83015799892615,21.9222952635386,27.7644991406949,93.7615287178144,7.83015799892615,"F031","P7","P37"
"G582","Y2_L3","L3","Y2","1","B4",8,2,"G8","sparse_prep_MET",1000,363,6.5818284459673,24.2490342617827,27.0492265386968,91.2695640162883,6.5818284459673,"F059","P12","P74"
"G370","Y2_L3","L3","Y2","1","B1",1,8,"G9","sparse_prep_MET",1000,364,6.14900505554335,22.8047910509029,25,81.5265319279502,6.14900505554335,"F037","P8","P53"
"G613","Y2_L3","L3","Y2","1","B2",4,3,"G10","sparse_prep_MET",1000,365,7.9924161871142,28.6033724020324,29.518641238248,101.859388262558,7.9924161871142,"F062","P13","P40"
"G932","Y2_L3","L3","Y2","1","B1",1,2,"G11","sparse_prep_MET",1000,366,8.3022827347216,10.1982145337104,30.2687108700895,116.704766885748,8.3022827347216,"F094","P19","P75"
"G657","Y2_L3","L3","Y2","1","B1",1,1,"G26","sparse_prep_MET",1000,367,5.91208879992074,22.3037234933327,25,102.586103642786,5.91208879992074,"F066","P14","P80"
"G314","Y2_L3","L3","Y2","1","B1",2,1,"G40","sparse_prep_MET",1000,368,7.25665224285112,29.3204235697639,26.1276071619873,91.527301329237,7.25665224285112,"F032","P7","P42"
"G495","Y2_L3","L3","Y2","1","B2",3,9,"G65","sparse_prep_MET",1000,369,8.93197210191987,15.3285631264593,28.9590204161868,115.387569435135,8.93197210191987,"F050","P10","P69"
"G523","Y2_L3","L3","Y2","1","B4",8,7,"G77","sparse_prep_MET",1000,370,6.56405763508297,35.1801693112364,29.9457842474431,115.485345662765,6.56405763508297,"F053","P11","P31"
"G113","Y2_L3","L3","Y2","1","B2",5,4,"G113","sparse_prep_MET",1000,371,9.5,21.9329506725624,33.2845863255483,117.147239696382,9.5,"F012","P3","P41"
"G483","Y2_L3","L3","Y2","1","B1",1,6,"G175","sparse_prep_MET",1000,372,8.26364949275159,21.6014373506258,31.3236491552648,110.829405521046,8.26364949275159,"F049","P10","P41"
"G726","Y2_L3","L3","Y2","1","B4",8,3,"G184","sparse_prep_MET",1000,373,7.68880668381971,34.439031538215,28.5507075079985,91.0349895248194,7.68880668381971,"F073","P15","P44"
"G678","Y2_L3","L3","Y2","1","B3",6,7,"G200","sparse_prep_MET",1000,374,6.3964507032444,27.8533001387417,30.248260522559,103.05273423698,6.3964507032444,"F068","P14","P49"
"G902","Y2_L3","L3","Y2","1","B2",4,7,"G223","sparse_prep_MET",1000,375,7.04762472487898,24.2690227771649,29.2805184291841,97.0960590032749,7.04762472487898,"F091","P19","P26"
"G8","Y2_L3","L3","Y2","1","B2",5,3,"G239","sparse_prep_MET",1000,376,8.03968994166877,27.1258710488132,28.9852015737357,89.3617316576149,8.03968994166877,"F001","P1","P32"
"G476","Y2_L3","L3","Y2","1","B4",8,1,"G249","sparse_prep_MET",1000,377,6.90265137957975,25.772567829709,29.3524663626477,98.8853556986836,6.90265137957975,"F048","P10","P41"
"G640","Y2_L3","L3","Y2","1","B2",3,4,"G253","sparse_prep_MET",1000,378,6.58069184070781,27.0775837964832,26.9827551676341,112.902715013369,6.58069184070781,"F064","P13","P79"
"G253","Y2_L3","L3","Y2","1","B2",3,6,"G258","sparse_prep_MET",1000,379,8.34432018463817,23.8573651245446,31.4065031689112,111.298263961432,8.34432018463817,"F026","P6","P40"
"G800","Y2_L3","L3","Y2","1","B1",1,9,"G261","sparse_prep_MET",1000,380,8.17492751996792,28.1591423183893,30.0520305043974,106.476780584982,8.17492751996792,"F080","P16","P77"
"G751","Y2_L3","L3","Y2","1","B1",3,2,"G304","sparse_prep_MET",1000,381,6.68703573259683,28.4770025287883,26.8076962072644,95.9826106591721,6.68703573259683,"F076","P16","P34"
"G593","Y2_L3","L3","Y2","1","B1",2,9,"G311","sparse_prep_MET",1000,382,7.62156208253692,20.9254258673813,29.7288064098549,98.0225236820356,7.62156208253692,"F060","P12","P77"
"G702","Y2_L3","L3","Y2","1","B1",1,4,"G314","sparse_prep_MET",1000,383,8.23636279105501,30.3764329140093,30.7516538057405,103.573983437902,8.23636279105501,"F071","P15","P30"
"G1","Y2_L3","L3","Y2","1","B4",7,8,"G319","sparse_prep_MET",1000,384,5.91844107213648,30.5942263356652,26.8553491896148,104.032697242281,5.91844107213648,"F001","P1","P32"
"G65","Y2_L3","L3","Y2","1","B1",2,7,"G344","sparse_prep_MET",1000,385,5.79909376149813,30.0170957355035,28.3052332844838,98.7687964390868,5.79909376149813,"F007","P2","P44"
"G249","Y2_L3","L3","Y2","1","B4",8,5,"G370","sparse_prep_MET",1000,386,7.31191292006574,33.5755535959384,29.480761233096,106.255845333486,7.31191292006574,"F025","P5","P64"
"G184","Y2_L3","L3","Y2","1","B1",2,2,"G394","sparse_prep_MET",1000,387,5.65556043506652,32.1903634277105,25,98.8382794467148,5.65556043506652,"F019","P4","P62"
"G9","Y2_L3","L3","Y2","1","B3",5,9,"G397","sparse_prep_MET",1000,388,5.16725648608493,35.2684555591984,25,109.4669701492,5.16725648608493,"F001","P1","P32"
"G239","Y2_L3","L3","Y2","1","B3",5,8,"G408","sparse_prep_MET",1000,389,8.17137823402849,24.2994236920186,25,89.3514054844887,8.17137823402849,"F024","P5","P67"
"G10","Y2_L3","L3","Y2","1","B2",5,1,"G425","sparse_prep_MET",1000,390,6.86258837652318,33.7566106275829,26.5153382812857,102.258307578817,6.86258837652318,"F001","P1","P32"
"G26","Y2_L3","L3","Y2","1","B2",4,4,"G464","sparse_prep_MET",1000,391,7.15975952584358,26.4525876491206,25,95.438268878532,7.15975952584358,"F003","P1","P24"
"G958","Y2_L3","L3","Y2","1","B3",6,8,"G476","sparse_prep_MET",1000,392,7.06150488463484,43.7138001633058,28.6212449618004,106.01081865571,7.06150488463484,"F096","P20","P44"
"G897","Y2_L3","L3","Y2","1","B1",2,8,"G482","sparse_prep_MET",1000,393,8.41867345401663,32.6277099429357,26.6067073370473,95.8474283539397,8.41867345401663,"F090","P18","P71"
"G607","Y2_L3","L3","Y2","1","B1",1,7,"G483","sparse_prep_MET",1000,394,7.5206977684829,20.5209133207352,25.7623615112883,96.0240684154764,7.5206977684829,"F061","P13","P74"
"G700","Y2_L3","L3","Y2","1","B1",2,5,"G495","sparse_prep_MET",1000,395,4,21.9432167279891,25,95.4191185222958,4,"F070","P14","P33"
"G425","Y2_L3","L3","Y2","1","B1",1,3,"G497","sparse_prep_MET",1000,396,6.93541422438419,21.7747183825245,32.6681086880556,104.986597253184,6.93541422438419,"F043","P9","P22"
"G514","Y2_L3","L3","Y2","1","B3",7,4,"G514","sparse_prep_MET",1000,397,7.68876513292411,37.441568876665,25,120.659081043626,7.68876513292411,"F052","P11","P43"
"G482","Y2_L3","L3","Y2","1","B3",6,5,"G523","sparse_prep_MET",1000,398,6.85244396601834,27.5056048374458,30.7778651955201,104.137201271021,6.85244396601834,"F049","P10","P41"
"G497","Y2_L3","L3","Y2","1","B3",7,1,"G542","sparse_prep_MET",1000,399,8.4041026594636,28.6538750661589,32.2819772975424,84.7806242899583,8.4041026594636,"F050","P10","P69"
"G5","Y2_L3","L3","Y2","1","B2",3,3,"G582","sparse_prep_MET",1000,400,5.68608728492564,17.5843913599382,26.1370781850032,94.2783318146007,5.68608728492564,"F001","P1","P32"
"G11","Y2_L3","L3","Y2","1","B3",6,1,"G593","sparse_prep_MET",1000,401,6.5025861086726,34.3241143580419,29.8738987665162,95.4050841915537,6.5025861086726,"F002","P1","P36"
"G778","Y2_L3","L3","Y2","1","B4",8,6,"G603","sparse_prep_MET",1000,402,5.44755857389151,17.3770304596991,28.2275099484181,91.1134594532412,5.44755857389151,"F078","P16","P33"
"G603","Y2_L3","L3","Y2","1","B2",4,9,"G607","sparse_prep_MET",1000,403,7.62063274972751,25.8481418213181,26.8807933643306,107.188830580833,7.62063274972751,"F061","P13","P74"
"G175","Y2_L3","L3","Y2","1","B1",1,5,"G613","sparse_prep_MET",1000,404,7.28382542148795,20.5622206244801,26.9230524486848,95.8039137358059,7.28382542148795,"F018","P4","P71"
"G3","Y2_L3","L3","Y2","1","B2",4,8,"G626","sparse_prep_MET",1000,405,7.05454137283065,30.4826974995822,28.5970817658982,91.4054949446619,7.05454137283065,"F001","P1","P32"
"G408","Y2_L3","L3","Y2","1","B1",2,4,"G638","sparse_prep_MET",1000,406,7.21989483378773,30.8542510244423,27.0640259297288,108.953074596766,7.21989483378773,"F041","P9","P75"
"G464","Y2_L3","L3","Y2","1","B3",6,9,"G640","sparse_prep_MET",1000,407,6.74662223743419,23.8066764303342,30.6399148317597,100.15378237851,6.74662223743419,"F047","P10","P22"
"G311","Y2_L3","L3","Y2","1","B3",7,2,"G649","sparse_prep_MET",1000,408,7.19753614208248,26.134474127644,28.1668226542725,117.056979751131,7.19753614208248,"F032","P7","P42"
"G394","Y2_L3","L3","Y2","1","B3",6,4,"G657","sparse_prep_MET",1000,409,4.56086770398929,38.4358696767953,25,92.4304276025853,4.56086770398929,"F040","P8","P39"
"G626","Y2_L3","L3","Y2","1","B2",4,1,"G678","sparse_prep_MET",1000,410,7.96427088846402,11.4038968415209,27.6112386477966,93.053585831142,7.96427088846402,"F063","P13","P25"
"G319","Y2_L3","L3","Y2","1","B3",5,5,"G700","sparse_prep_MET",1000,411,6.78258453525638,33.3376568951996,31.7661206001143,108.123918488124,6.78258453525638,"F032","P7","P42"
"G883","Y2_L3","L3","Y2","1","B2",5,2,"G702","sparse_prep_MET",1000,412,8.9659238722321,18.8046113323868,32.9366361298969,101.755315966356,8.9659238722321,"F089","P18","P37"
"G724","Y2_L3","L3","Y2","1","B4",8,4,"G724","sparse_prep_MET",1000,413,7.65668575616158,33.2047203246377,30.2842713460386,103.386494732944,7.65668575616158,"F073","P15","P44"
"G77","Y2_L3","L3","Y2","1","B1",3,1,"G726","sparse_prep_MET",1000,414,6.18938508729913,28.3479564146087,25,95.6076240467199,6.18938508729913,"F008","P2","P28"
"G2","Y2_L3","L3","Y2","1","B3",7,5,"G731","sparse_prep_MET",1000,415,6.8517081405622,45.112608675844,26.6519871176416,99.5302520587937,6.8517081405622,"F001","P1","P32"
"G258","Y2_L3","L3","Y2","1","B3",6,3,"G751","sparse_prep_MET",1000,416,7.11221338066396,21.3071573208835,31.3635766681412,106.061446024131,7.11221338066396,"F026","P6","P40"
"G788","Y2_L3","L3","Y2","1","B4",7,9,"G778","sparse_prep_MET",1000,417,7.05908211188459,25.8990768081336,29.9383798541022,93.3041438254563,7.05908211188459,"F079","P16","P26"
"G261","Y2_L3","L3","Y2","1","B2",4,5,"G788","sparse_prep_MET",1000,418,6.02380001238743,17.3021963001863,28.4883054529288,130,6.02380001238743,"F027","P6","P47"
"G944","Y2_L3","L3","Y2","1","B2",3,8,"G800","sparse_prep_MET",1000,419,7.60370768461947,22.5914013513136,25.4906198170235,98.196592889839,7.60370768461947,"F095","P19","P28"
"G7","Y2_L3","L3","Y2","1","B3",6,2,"G883","sparse_prep_MET",1000,420,5.0958538341663,26.0295471322852,29.7885665446377,94.9871285697204,5.0958538341663,"F001","P1","P32"
"G4","Y2_L3","L3","Y2","1","B3",5,6,"G897","sparse_prep_MET",1000,421,6.03667520591683,26.6074012935566,27.0898160564949,98.5970059230192,6.03667520591683,"F001","P1","P32"
"G40","Y2_L3","L3","Y2","1","B1",2,3,"G902","sparse_prep_MET",1000,422,7.17181881266279,36.266147433543,30.777532871971,97.7416013604578,7.17181881266279,"F004","P1","P71"
"G992","Y2_L3","L3","Y2","1","B1",2,6,"G932","sparse_prep_MET",1000,423,5.64031627829175,25.7357938375113,26.6482364360815,97.337762918631,5.64031627829175,"F100","P20","P33"
"G344","Y2_L3","L3","Y2","1","B3",7,6,"G944","sparse_prep_MET",1000,424,6.50384083174956,16.9189864669495,26.556788795583,120.965130166799,6.50384083174956,"F035","P7","P21"
"G731","Y2_L3","L3","Y2","1","B3",6,6,"G958","sparse_prep_MET",1000,425,7.07515287448538,39.0427921151099,34.5274458895189,118.961763800929,7.07515287448538,"F074","P15","P36"
"G223","Y2_L3","L3","Y2","1","B2",3,7,"G992","sparse_prep_MET",1000,426,6.443168690332,23.8244253947834,26.4183912501442,103.12166697401,6.443168690332,"F023","P5","P47"
"G473","Y1_L4","L4","Y1","1","B1",2,1,"G1","sparse_prep_MET",1000,427,7.81892220019207,27.8946945015259,29.0282062204343,104.861093693931,7.81892220019207,"F048","P10","P41"
"G818","Y1_L4","L4","Y1","1","B1",1,9,"G2","sparse_prep_MET",1000,428,6.40876813837033,29.9302863663771,27.3385979553166,108.269329035116,6.40876813837033,"F082","P17","P44"
"G519","Y1_L4","L4","Y1","1","B3",6,4,"G3","sparse_prep_MET",1000,429,6.88994389967926,31.9156559454866,31.7282328300642,119.453897019595,6.88994389967926,"F052","P11","P43"
"G821","Y1_L4","L4","Y1","1","B1",1,2,"G4","sparse_prep_MET",1000,430,6.87961983410061,17.1440081976042,32.4073891890474,117.461216871476,6.87961983410061,"F083","P17","P37"
"G191","Y1_L4","L4","Y1","1","B4",8,3,"G5","sparse_prep_MET",1000,431,7.11674980881029,30.4850627381039,25,90.8538385114012,7.11674980881029,"F020","P4","P52"
"G847","Y1_L4","L4","Y1","1","B3",6,7,"G6","sparse_prep_MET",1000,432,6.47391356848723,30.413899570666,29.0561684293185,99.8383965415028,6.47391356848723,"F085","P17","P40"
"G7","Y1_L4","L4","Y1","1","B3",5,9,"G7","sparse_prep_MET",1000,433,5.46425879734776,27.9547994394501,31.6524667403213,90.4575068957501,5.46425879734776,"F001","P1","P32"
"G667","Y1_L4","L4","Y1","1","B4",7,8,"G8","sparse_prep_MET",1000,434,6.52317841508415,20.7627334508268,30.82270296306,111.671366487878,6.52317841508415,"F067","P14","P21"
"G3","Y1_L4","L4","Y1","1","B1",1,3,"G9","sparse_prep_MET",1000,435,5.76696485500351,40.0107291681043,25,99.8126374649385,5.76696485500351,"F001","P1","P32"
"G43","Y1_L4","L4","Y1","1","B1",2,5,"G10","sparse_prep_MET",1000,436,4.99038641216938,35.457754730715,27.3099394869205,100.045240122933,4.99038641216938,"F005","P1","P46"
"G45","Y1_L4","L4","Y1","1","B4",8,8,"G11","sparse_prep_MET",1000,437,4.43620509421327,30.3346296850752,31.8152585233948,107.244227164556,4.43620509421327,"F005","P1","P46"
"G64","Y1_L4","L4","Y1","1","B3",7,2,"G21","sparse_prep_MET",1000,438,5.66418139461153,46.2359425690097,30.6989900568717,98.2454074571342,5.66418139461153,"F007","P2","P44"
"G108","Y1_L4","L4","Y1","1","B4",8,2,"G43","sparse_prep_MET",1000,439,7.63095188659061,43.2387997656068,32.0293786259905,109.70876267317,7.63095188659061,"F011","P3","P46"
"G197","Y1_L4","L4","Y1","1","B2",4,3,"G45","sparse_prep_MET",1000,440,7.4768385398093,34.2979486176143,25,98.0088326153577,7.4768385398093,"F020","P4","P52"
"G426","Y1_L4","L4","Y1","1","B2",3,5,"G50","sparse_prep_MET",1000,441,8.31333703776949,37.2462768621434,31.5463379800514,99.7238817580928,8.31333703776949,"F043","P9","P22"
"G846","Y1_L4","L4","Y1","1","B2",5,3,"G64","sparse_prep_MET",1000,442,7.12056018489623,36.5341427815157,33.1389932787072,116.821914082405,7.12056018489623,"F085","P17","P40"
"G149","Y1_L4","L4","Y1","1","B3",7,5,"G91","sparse_prep_MET",1000,443,8.30506087698003,35.3415951744533,35.8544611754155,108.180638487456,8.30506087698003,"F015","P3","P42"
"G785","Y1_L4","L4","Y1","1","B2",3,8,"G108","sparse_prep_MET",1000,444,7.75741266566205,45.04265170167,32.1110412649806,99.2646386627826,7.75741266566205,"F079","P16","P26"
"G465","Y1_L4","L4","Y1","1","B4",8,6,"G116","sparse_prep_MET",1000,445,6.20385142627059,29.8514557879894,27.2629880766803,103.614537120156,6.20385142627059,"F047","P10","P22"
"G823","Y1_L4","L4","Y1","1","B1",1,1,"G122","sparse_prep_MET",1000,446,6.07178127074883,20.097248096817,31.3621025091376,91.071207996996,6.07178127074883,"F083","P17","P37"
"G8","Y1_L4","L4","Y1","1","B2",5,1,"G136","sparse_prep_MET",1000,447,7.03062010228239,33.9977673142077,30.2181455019861,110.532378538572,7.03062010228239,"F001","P1","P32"
"G658","Y1_L4","L4","Y1","1","B1",3,2,"G138","sparse_prep_MET",1000,448,7.60301047724139,27.3967493976233,33.7329613450864,102.115935272669,7.60301047724139,"F066","P14","P80"
"G122","Y1_L4","L4","Y1","1","B2",5,4,"G149","sparse_prep_MET",1000,449,9.5,40.9475406211484,32.7722276147201,112.280188696606,9.5,"F013","P3","P54"
"G791","Y1_L4","L4","Y1","1","B4",8,1,"G169","sparse_prep_MET",1000,450,5.58564797921863,38.4580833536274,30.4048766892129,96.1064728010759,5.58564797921863,"F080","P16","P77"
"G942","Y1_L4","L4","Y1","1","B3",6,3,"G170","sparse_prep_MET",1000,451,7.40049485388025,30.2901557080404,25.65961886015,106.145401163455,7.40049485388025,"F095","P19","P28"
"G285","Y1_L4","L4","Y1","1","B3",5,6,"G176","sparse_prep_MET",1000,452,6.99041931370271,28.6338052454452,35.3065086201541,120.01198166218,6.99041931370271,"F029","P6","P76"
"G949","Y1_L4","L4","Y1","1","B4",8,5,"G191","sparse_prep_MET",1000,453,5.72704802731996,25.7231588344236,27.7650558495981,106.115850888524,5.72704802731996,"F095","P19","P28"
"G293","Y1_L4","L4","Y1","1","B2",4,4,"G197","sparse_prep_MET",1000,454,7.55897196548987,23.3845689180556,32.1692451298488,111.430248121013,7.55897196548987,"F030","P6","P80"
"G325","Y1_L4","L4","Y1","1","B3",5,7,"G205","sparse_prep_MET",1000,455,6.96120017321878,22.3281709970997,29.1573197574053,118.33308000416,6.96120017321878,"F033","P7","P67"
"G535","Y1_L4","L4","Y1","1","B3",7,1,"G213","sparse_prep_MET",1000,456,6.18717590996101,31.6573003221402,26.8222586654926,106.080048591563,6.18717590996101,"F054","P11","P80"
"G176","Y1_L4","L4","Y1","1","B3",6,8,"G243","sparse_prep_MET",1000,457,5.49450687172589,36.5546837090255,25,96.0760138988243,5.49450687172589,"F018","P4","P71"
"G976","Y1_L4","L4","Y1","1","B3",6,5,"G266","sparse_prep_MET",1000,458,8.84910410057843,28.8541623194476,27.4313917173575,100.560486728015,8.84910410057843,"F098","P20","P62"
"G4","Y1_L4","L4","Y1","1","B1",2,4,"G285","sparse_prep_MET",1000,459,5.68438011616725,34.582334948224,29.4213124343919,103.802054657875,5.68438011616725,"F001","P1","P32"
"G138","Y1_L4","L4","Y1","1","B4",7,9,"G290","sparse_prep_MET",1000,460,6.84215944745288,42.7922523679538,31.8602758396019,108.231147626566,6.84215944745288,"F014","P3","P36"
"G836","Y1_L4","L4","Y1","1","B4",8,7,"G293","sparse_prep_MET",1000,461,5.02338174968394,41.850943717771,27.0216824069592,102.410226142163,5.02338174968394,"F084","P17","P52"
"G457","Y1_L4","L4","Y1","1","B2",3,9,"G325","sparse_prep_MET",1000,462,7.28553172615511,35.1204288595766,25.9761456638389,105.387397754525,7.28553172615511,"F046","P10","P44"
"G205","Y1_L4","L4","Y1","1","B2",4,2,"G414","sparse_prep_MET",1000,463,6.50916266433583,29.5002732744274,29.4792320403763,91.0501616641233,6.50916266433583,"F021","P5","P80"
"G2","Y1_L4","L4","Y1","1","B1",2,7,"G426","sparse_prep_MET",1000,464,5.30221517338774,45.2041855343307,25.4009096931897,96.606946263762,5.30221517338774,"F001","P1","P32"
"G116","Y1_L4","L4","Y1","1","B2",5,2,"G457","sparse_prep_MET",1000,465,7.45238259961108,37.9126414760602,33.6745049928135,105.098058392788,7.45238259961108,"F012","P3","P41"
"G985","Y1_L4","L4","Y1","1","B2",4,5,"G465","sparse_prep_MET",1000,466,7.69498328253658,27.7228335093764,34.6328191722187,115.584006469318,7.69498328253658,"F099","P20","P25"
"G6","Y1_L4","L4","Y1","1","B2",3,4,"G473","sparse_prep_MET",1000,467,5.90424307053369,45.7233484382192,29.0962715240554,91.0377445993652,5.90424307053369,"F001","P1","P32"
"G290","Y1_L4","L4","Y1","1","B1",1,8,"G502","sparse_prep_MET",1000,468,7.55778361653233,23.2548127350932,30.5344602204319,110.109973069755,7.55778361653233,"F029","P6","P76"
"G10","Y1_L4","L4","Y1","1","B3",6,2,"G519","sparse_prep_MET",1000,469,6.91767405495143,40.1930637561378,28.7121443178736,105.487472293003,6.91767405495143,"F001","P1","P32"
"G639","Y1_L4","L4","Y1","1","B2",4,7,"G535","sparse_prep_MET",1000,470,7.2419826077381,21.0979717789496,25.4702573066376,94.8613414300981,7.2419826077381,"F064","P13","P79"
"G676","Y1_L4","L4","Y1","1","B1",2,6,"G567","sparse_prep_MET",1000,471,6.71217342446005,22.7196295941658,30.4708622581427,104.564847296073,6.71217342446005,"F068","P14","P49"
"G783","Y1_L4","L4","Y1","1","B1",1,7,"G583","sparse_prep_MET",1000,472,6.78246424770115,31.8914064571562,31.455943587523,95.1299975240202,6.78246424770115,"F079","P16","P26"
"G957","Y1_L4","L4","Y1","1","B1",2,8,"G639","sparse_prep_MET",1000,473,5.82491253410172,37.8283925257092,25.744011032409,98.1701779611977,5.82491253410172,"F096","P20","P44"
"G243","Y1_L4","L4","Y1","1","B2",4,8,"G645","sparse_prep_MET",1000,474,6.61544951554327,24.2893245763007,26.9903867746711,97.9474280725561,6.61544951554327,"F025","P5","P64"
"G21","Y1_L4","L4","Y1","1","B2",3,3,"G658","sparse_prep_MET",1000,475,5.79460809446924,32.4164114027005,27.2000874192364,96.7913144927612,5.79460809446924,"F003","P1","P24"
"G136","Y1_L4","L4","Y1","1","B3",7,6,"G667","sparse_prep_MET",1000,476,7.57463756614664,46.3863201085323,30.3021705545166,99.5903091266348,7.57463756614664,"F014","P3","P36"
"G874","Y1_L4","L4","Y1","1","B3",7,3,"G676","sparse_prep_MET",1000,477,8.10810646509853,37.0992031758019,25.8805897897132,106.536801498015,8.10810646509853,"F088","P18","P63"
"G91","Y1_L4","L4","Y1","1","B3",6,9,"G758","sparse_prep_MET",1000,478,8.15595429035643,29.6592925787795,29.4582837241319,102.479684699523,8.15595429035643,"F010","P2","P30"
"G1","Y1_L4","L4","Y1","1","B2",4,9,"G783","sparse_prep_MET",1000,479,5.37457238083372,34.735050807855,25.6653802173693,113.418403106404,5.37457238083372,"F001","P1","P32"
"G645","Y1_L4","L4","Y1","1","B3",6,6,"G785","sparse_prep_MET",1000,480,6.57883787983885,24.7139807466628,31.0924931542756,114.695526440384,6.57883787983885,"F065","P13","P71"
"G998","Y1_L4","L4","Y1","1","B2",3,6,"G791","sparse_prep_MET",1000,481,6.13942988711254,28.2786452528238,32.7415397970573,103.866864430842,6.13942988711254,"F100","P20","P33"
"G169","Y1_L4","L4","Y1","1","B1",2,9,"G818","sparse_prep_MET",1000,482,6.46680017369756,31.2591934038964,27.7711865094518,97.5851021551183,6.46680017369756,"F017","P4","P54"
"G170","Y1_L4","L4","Y1","1","B1",1,4,"G821","sparse_prep_MET",1000,483,7.7712236022309,27.0844248971813,26.2696178179422,109.09016367741,7.7712236022309,"F017","P4","P54"
"G213","Y1_L4","L4","Y1","1","B1",1,6,"G823","sparse_prep_MET",1000,484,6.70637227961374,32.1495839558931,26.4694082160321,96.4363317615492,6.70637227961374,"F022","P5","P44"
"G502","Y1_L4","L4","Y1","1","B3",5,8,"G830","sparse_prep_MET",1000,485,6.53822678375635,35.9046400407319,25.6991908620243,94.5220107413993,6.53822678375635,"F051","P11","P56"
"G583","Y1_L4","L4","Y1","1","B2",4,1,"G836","sparse_prep_MET",1000,486,7.59794712783735,32.3183024870993,26.3948587839722,101.511796741054,7.59794712783735,"F059","P12","P74"
"G981","Y1_L4","L4","Y1","1","B4",7,7,"G846","sparse_prep_MET",1000,487,6.66348470461866,21.1561915198229,28.9017336143715,112.58813549481,6.66348470461866,"F099","P20","P25"
"G567","Y1_L4","L4","Y1","1","B3",5,5,"G847","sparse_prep_MET",1000,488,9.5,27.3160447247886,30.8023183630826,108.831567843183,9.5,"F057","P12","P48"
"G266","Y1_L4","L4","Y1","1","B3",7,4,"G874","sparse_prep_MET",1000,489,7.47296391019517,22.0017381262025,32.6465848523174,123.126751340091,7.47296391019517,"F027","P6","P47"
"G9","Y1_L4","L4","Y1","1","B2",4,6,"G942","sparse_prep_MET",1000,490,6.02387769261164,36.8339806902889,25.282589932621,111.655373871308,6.02387769261164,"F001","P1","P32"
"G990","Y1_L4","L4","Y1","1","B3",6,1,"G949","sparse_prep_MET",1000,491,7.69295842111074,33.9764524327616,33.6492657164259,97.8514970797755,7.69295842111074,"F099","P20","P25"
"G830","Y1_L4","L4","Y1","1","B1",2,2,"G957","sparse_prep_MET",1000,492,5.99526202369973,20.4857322661094,28.5382662323821,112.959117435719,5.99526202369973,"F083","P17","P37"
"G50","Y1_L4","L4","Y1","1","B1",1,5,"G976","sparse_prep_MET",1000,493,6.06777286465763,38.2053286882045,27.0115201700464,113.786831996055,6.06777286465763,"F005","P1","P46"
"G414","Y1_L4","L4","Y1","1","B1",3,1,"G981","sparse_prep_MET",1000,494,7.88493592555443,30.5432007961198,31.92317293008,114.807766073275,7.88493592555443,"F042","P9","P26"
"G758","Y1_L4","L4","Y1","1","B2",3,7,"G985","sparse_prep_MET",1000,495,6.14437240208581,39.4865773836889,32.6539837231444,103.314218447247,6.14437240208581,"F076","P16","P34"
"G5","Y1_L4","L4","Y1","1","B1",2,3,"G990","sparse_prep_MET",1000,496,5.6437106437545,28.118711673487,28.9081905370822,106.823078407159,5.6437106437545,"F001","P1","P32"
"G11","Y1_L4","L4","Y1","1","B4",8,4,"G998","sparse_prep_MET",1000,497,8.32045753969202,40.5259568309861,34.1639835608052,101.734390158852,8.32045753969202,"F002","P1","P36"
"G639","Y2_L4","L4","Y2","1","B4",8,6,"G1","sparse_prep_MET",1000,498,5.58940866396369,23.951635687086,25.3244796611302,91.9938293125166,5.58940866396369,"F064","P13","P79"
"G174","Y2_L4","L4","Y2","1","B1",1,9,"G2","sparse_prep_MET",1000,499,6.61033533491636,32.8911169878949,32.9296093991114,98.9457116570004,6.61033533491636,"F018","P4","P71"
"G275","Y2_L4","L4","Y2","1","B3",5,6,"G3","sparse_prep_MET",1000,500,5.9925119166702,19.9020218663578,31.5996919228002,86.6127881338801,5.9925119166702,"F028","P6","P46"
"G973","Y2_L4","L4","Y2","1","B2",4,4,"G4","sparse_prep_MET",1000,501,6.55171492460235,22.3805635053095,30.0660121831076,105.846972547505,6.55171492460235,"F098","P20","P62"
"G470","Y2_L4","L4","Y2","1","B1",2,3,"G5","sparse_prep_MET",1000,502,7.47343718000819,37.9817515895976,35.1561321699239,91.3542620438963,7.47343718000819,"F047","P10","P22"
"G541","Y2_L4","L4","Y2","1","B1",1,3,"G6","sparse_prep_MET",1000,503,7.52766648868135,30.1178350781981,31.2131114944415,99.5146740997758,7.52766648868135,"F055","P11","P29"
"G979","Y2_L4","L4","Y2","1","B2",4,1,"G7","sparse_prep_MET",1000,504,7.0902688217022,36.9473707761361,32.0833427875092,103.615525799031,7.0902688217022,"F098","P20","P62"
"G796","Y2_L4","L4","Y2","1","B1",3,1,"G8","sparse_prep_MET",1000,505,7.93597551535261,38.7461312795359,39.7067225763667,87.9453473535334,7.93597551535261,"F080","P16","P77"
"G124","Y2_L4","L4","Y2","1","B4",8,4,"G9","sparse_prep_MET",1000,506,8.29397414987885,32.5345628714946,34.0494826197986,105.306475120111,8.29397414987885,"F013","P3","P54"
"G651","Y2_L4","L4","Y2","1","B3",7,2,"G10","sparse_prep_MET",1000,507,5.62624651155211,28.3551673710264,29.1368387228986,84.4861581154394,5.62624651155211,"F066","P14","P80"
"G406","Y2_L4","L4","Y2","1","B3",5,8,"G11","sparse_prep_MET",1000,508,6.42258031513925,39.2662928253618,25,92.3321881260428,6.42258031513925,"F041","P9","P75"
"G12","Y2_L4","L4","Y2","1","B2",3,8,"G12","sparse_prep_MET",1000,509,6.84104149991902,43.0945100973691,32.8522553732269,102.172292849111,6.84104149991902,"F002","P1","P36"
"G9","Y2_L4","L4","Y2","1","B1",2,1,"G51","sparse_prep_MET",1000,510,5.09290641706495,36.2235597430517,29.0933137796128,96.4429344721275,5.09290641706495,"F001","P1","P32"
"G860","Y2_L4","L4","Y2","1","B3",6,9,"G118","sparse_prep_MET",1000,511,7.04904554377032,29.2012228791591,27.4532167592638,93.3406578470631,7.04904554377032,"F086","P18","P41"
"G919","Y2_L4","L4","Y2","1","B4",8,3,"G124","sparse_prep_MET",1000,512,6.49783001992534,29.5742117861541,34.7779428394607,111.804527204265,6.49783001992534,"F092","P19","P41"
"G600","Y2_L4","L4","Y2","1","B3",5,5,"G137","sparse_prep_MET",1000,513,9.08327326875266,16.2527131537723,37.0568582814902,97.3294287222424,9.08327326875266,"F060","P12","P77"
"G354","Y2_L4","L4","Y2","1","B2",4,9,"G145","sparse_prep_MET",1000,514,7.53719202879356,27.9772683258517,28.1017547214428,90.2410194421218,7.53719202879356,"F036","P8","P59"
"G278","Y2_L4","L4","Y2","1","B1",2,4,"G174","sparse_prep_MET",1000,515,7.45886507629227,29.9837196481569,32.3735487999055,92.1956134599925,7.45886507629227,"F028","P6","P46"
"G878","Y2_L4","L4","Y2","1","B2",3,5,"G179","sparse_prep_MET",1000,516,6.09278853111611,37.2877786183599,25.213317806625,90.1655311911224,6.09278853111611,"F088","P18","P63"
"G833","Y2_L4","L4","Y2","1","B4",8,1,"G203","sparse_prep_MET",1000,517,6.57097052775105,18.7732834748781,30.2007289065236,102.011494412701,6.57097052775105,"F084","P17","P52"
"G3","Y2_L4","L4","Y2","1","B3",7,6,"G219","sparse_prep_MET",1000,518,6.21202775122012,30.5947671271131,29.6960819358284,94.2478076039283,6.21202775122012,"F001","P1","P32"
"G6","Y2_L4","L4","Y2","1","B1",1,4,"G237","sparse_prep_MET",1000,519,5.07014664866407,40.6811630163269,28.2189402241678,90.0152569931454,5.07014664866407,"F001","P1","P32"
"G314","Y2_L4","L4","Y2","1","B2",3,9,"G275","sparse_prep_MET",1000,520,5.55892494329074,44.2336274979833,33.0185456673649,85.5146600097619,5.55892494329074,"F032","P7","P42"
"G8","Y2_L4","L4","Y2","1","B4",8,2,"G278","sparse_prep_MET",1000,521,6.00538042417735,29.1142857941934,34.234750995689,101.423848834393,6.00538042417735,"F001","P1","P32"
"G399","Y2_L4","L4","Y2","1","B2",3,3,"G314","sparse_prep_MET",1000,522,4.92015130117191,46.6235922688019,26.8216668016564,101.238128361105,4.92015130117191,"F040","P8","P39"
"G368","Y2_L4","L4","Y2","1","B3",6,3,"G335","sparse_prep_MET",1000,523,7.40035152168696,18.9791155357376,33.9188685778009,116.831504473471,7.40035152168696,"F037","P8","P53"
"G10","Y2_L4","L4","Y2","1","B4",7,9,"G354","sparse_prep_MET",1000,524,6.25698277285075,32.9792934190454,30.8936964198795,95.1706607658071,6.25698277285075,"F001","P1","P32"
"G179","Y2_L4","L4","Y2","1","B3",7,5,"G368","sparse_prep_MET",1000,525,8.26430898705943,21.2939048873681,26.9407040154668,108.650932009309,8.26430898705943,"F018","P4","P71"
"G5","Y2_L4","L4","Y2","1","B4",8,8,"G399","sparse_prep_MET",1000,526,6.24321061062931,16.9334363647855,30.7175677783418,90.258160125878,6.24321061062931,"F001","P1","P32"
"G987","Y2_L4","L4","Y2","1","B4",7,8,"G401","sparse_prep_MET",1000,527,6.8749637045758,18.9166668762439,34.1812353062845,106.944567559354,6.8749637045758,"F099","P20","P25"
"G2","Y2_L4","L4","Y2","1","B4",8,7,"G406","sparse_prep_MET",1000,528,5.94153993168361,35.9138893640138,26.6537399500332,101.974335204934,5.94153993168361,"F001","P1","P32"
"G480","Y2_L4","L4","Y2","1","B4",7,7,"G431","sparse_prep_MET",1000,529,7.67420448128968,26.8786089830367,38.4558365440465,115.06463876863,7.67420448128968,"F048","P10","P41"
"G118","Y2_L4","L4","Y2","1","B1",1,8,"G470","sparse_prep_MET",1000,530,8.26487959196051,32.5545440655139,31.7800283755606,107.512556457167,8.26487959196051,"F012","P3","P41"
"G744","Y2_L4","L4","Y2","1","B3",6,2,"G480","sparse_prep_MET",1000,531,7.03052053148125,31.3183739361988,29.0472975176589,99.8659326446932,7.03052053148125,"F075","P15","P79"
"G508","Y2_L4","L4","Y2","1","B2",5,1,"G485","sparse_prep_MET",1000,532,5.8479763062791,30.0225895940394,31.8390417434599,94.837827223407,5.8479763062791,"F051","P11","P56"
"G1","Y2_L4","L4","Y2","1","B3",6,4,"G508","sparse_prep_MET",1000,533,7.20633349628139,28.7429722224295,29.0941127106519,108.071577528705,7.20633349628139,"F001","P1","P32"
"G832","Y2_L4","L4","Y2","1","B1",2,2,"G522","sparse_prep_MET",1000,534,4.56935417543854,25.7046792839903,27.8415166530663,91.9543552120938,4.56935417543854,"F084","P17","P52"
"G401","Y2_L4","L4","Y2","1","B1",2,9,"G541","sparse_prep_MET",1000,535,6.50525297004258,34.3825960068396,33.3078630065529,96.2898871799281,6.50525297004258,"F041","P9","P75"
"G743","Y2_L4","L4","Y2","1","B1",2,6,"G592","sparse_prep_MET",1000,536,6.46236201594847,30.0088947715178,31.0595446955485,94.1530573802489,6.46236201594847,"F075","P15","P79"
"G632","Y2_L4","L4","Y2","1","B3",6,1,"G600","sparse_prep_MET",1000,537,5.37441966554631,27.4348593244616,25,100.482715006766,5.37441966554631,"F064","P13","P79"
"G659","Y2_L4","L4","Y2","1","B1",1,5,"G601","sparse_prep_MET",1000,538,7.32600200189479,30.804195685325,29.3322656952203,100.455050234288,7.32600200189479,"F066","P14","P80"
"G51","Y2_L4","L4","Y2","1","B3",6,7,"G602","sparse_prep_MET",1000,539,5.35533840176198,31.2479306112751,28.7983957445573,102.559937341371,5.35533840176198,"F006","P2","P61"
"G884","Y2_L4","L4","Y2","1","B2",5,3,"G605","sparse_prep_MET",1000,540,5.41339020614238,25.8877856287551,31.5358916583638,89.9410988150486,5.41339020614238,"F089","P18","P37"
"G960","Y2_L4","L4","Y2","1","B2",3,6,"G632","sparse_prep_MET",1000,541,6.83557818613851,34.5861382758586,32.7936235845446,111.548698957186,6.83557818613851,"F096","P20","P44"
"G819","Y2_L4","L4","Y2","1","B3",7,3,"G639","sparse_prep_MET",1000,542,6.27424147373086,36.8957334096639,30.8609708095365,99.7238759959278,6.27424147373086,"F082","P17","P44"
"G775","Y2_L4","L4","Y2","1","B1",1,1,"G651","sparse_prep_MET",1000,543,7.83337280496794,26.4741574772759,31.0827550685238,80,7.83337280496794,"F078","P16","P33"
"G237","Y2_L4","L4","Y2","1","B1",1,6,"G659","sparse_prep_MET",1000,544,7.46759386733958,23.3379648968114,31.4823285033727,80.066601386176,7.46759386733958,"F024","P5","P67"
"G602","Y2_L4","L4","Y2","1","B2",4,7,"G725","sparse_prep_MET",1000,545,8.12280088294545,21.7719644834809,30.6130419025341,103.959986754292,8.12280088294545,"F061","P13","P74"
"G962","Y2_L4","L4","Y2","1","B2",5,4,"G743","sparse_prep_MET",1000,546,7.5070783351079,33.1833707117529,35.4762952122692,99.6109474191042,7.5070783351079,"F097","P20","P78"
"G431","Y2_L4","L4","Y2","1","B3",6,5,"G744","sparse_prep_MET",1000,547,7.78078070171249,30.4467427859075,29.0450604356473,106.612403545067,7.78078070171249,"F044","P9","P26"
"G219","Y2_L4","L4","Y2","1","B4",8,5,"G751","sparse_prep_MET",1000,548,7.46957520978378,31.594654840627,27.7575013021106,87.8937548064932,7.46957520978378,"F022","P5","P44"
"G145","Y2_L4","L4","Y2","1","B3",7,1,"G775","sparse_prep_MET",1000,549,8.50264105554131,31.4714669199235,36.4403828065328,103.280846241255,8.50264105554131,"F015","P3","P42"
"G592","Y2_L4","L4","Y2","1","B3",5,9,"G796","sparse_prep_MET",1000,550,6.98462047120403,25.5885270578167,33.9928284589082,85.566250271743,6.98462047120403,"F060","P12","P77"
"G7","Y2_L4","L4","Y2","1","B2",3,7,"G819","sparse_prep_MET",1000,551,7.33146869698739,24.1851746032971,32.5787367846582,88.7836329840443,7.33146869698739,"F001","P1","P32"
"G751","Y2_L4","L4","Y2","1","B2",4,8,"G832","sparse_prep_MET",1000,552,8.16280456740115,32.9223521875854,28.0824835348207,81.6211158895037,8.16280456740115,"F076","P16","P34"
"G601","Y2_L4","L4","Y2","1","B1",2,5,"G833","sparse_prep_MET",1000,553,6.08829658827235,29.592969406404,27.0887432833917,107.510609576031,6.08829658827235,"F061","P13","P74"
"G4","Y2_L4","L4","Y2","1","B3",5,7,"G857","sparse_prep_MET",1000,554,6.63993108021476,29.7389448755768,30.6154151470631,97.115748073822,6.63993108021476,"F001","P1","P32"
"G865","Y2_L4","L4","Y2","1","B1",1,2,"G860","sparse_prep_MET",1000,555,6.18033500566199,29.6548450555484,27.4210459452365,93.5317117983119,6.18033500566199,"F087","P18","P80"
"G335","Y2_L4","L4","Y2","1","B2",4,2,"G865","sparse_prep_MET",1000,556,6.39681636869595,34.8542390937255,29.7820123240978,102.242208449563,6.39681636869595,"F034","P7","P76"
"G867","Y2_L4","L4","Y2","1","B2",3,4,"G867","sparse_prep_MET",1000,557,6.48173485184624,37.6281858848021,29.3480809608814,103.314736932226,6.48173485184624,"F087","P18","P80"
"G485","Y2_L4","L4","Y2","1","B3",6,6,"G878","sparse_prep_MET",1000,558,7.36896328133481,30.149127916033,35.7864395135953,105.362984140556,7.36896328133481,"F049","P10","P41"
"G996","Y2_L4","L4","Y2","1","B2",4,5,"G879","sparse_prep_MET",1000,559,6.81391908225558,25.7886431326584,29.936050921743,107.104427605469,6.81391908225558,"F100","P20","P33"
"G857","Y2_L4","L4","Y2","1","B3",6,8,"G884","sparse_prep_MET",1000,560,6.68544665029156,25.5294445538972,29.2546267745882,94.202821407612,6.68544665029156,"F086","P18","P41"
"G203","Y2_L4","L4","Y2","1","B1",1,7,"G919","sparse_prep_MET",1000,561,5.01062605768285,21.5044214357996,28.9586724473651,80,5.01062605768285,"F021","P5","P80"
"G605","Y2_L4","L4","Y2","1","B2",4,3,"G960","sparse_prep_MET",1000,562,5.98690445889869,40.1415590521439,25.6730941002806,88.151491498427,5.98690445889869,"F061","P13","P74"
"G879","Y2_L4","L4","Y2","1","B2",4,6,"G962","sparse_prep_MET",1000,563,7.26386523700788,38.0247607760651,28.7419357194721,80,7.26386523700788,"F088","P18","P63"
"G966","Y2_L4","L4","Y2","1","B1",3,2,"G966","sparse_prep_MET",1000,564,7.70018459704643,35.8951473027519,35.2322084398502,101.186501274194,7.70018459704643,"F097","P20","P78"
"G137","Y2_L4","L4","Y2","1","B2",5,2,"G973","sparse_prep_MET",1000,565,8.49567669167732,46.6345659369235,32.1096951797994,95.02895218922,8.49567669167732,"F014","P3","P36"
"G725","Y2_L4","L4","Y2","1","B3",7,4,"G979","sparse_prep_MET",1000,566,5.57280822621475,35.9791967381252,33.2821565682242,97.2317683759832,5.57280822621475,"F073","P15","P44"
"G11","Y2_L4","L4","Y2","1","B1",2,8,"G987","sparse_prep_MET",1000,567,7.33527730874091,37.4919823263528,37.1836228003064,91.2188212218804,7.33527730874091,"F002","P1","P36"
"G522","Y2_L4","L4","Y2","1","B1",2,7,"G996","sparse_prep_MET",1000,568,5.85502395555721,20.1194545301596,32.8745468306504,105.319789498982,5.85502395555721,"F053","P11","P31"
"G76","Y1_L5","L5","Y1","1","B1",2,1,"G1","sparse_prep_MET",1000,569,7.80542398622557,34.1568342472706,33.1563809424368,109.35851682777,7.80542398622557,"F008","P2","P28"
"G388","Y1_L5","L5","Y1","1","B1",1,5,"G2","sparse_prep_MET",1000,570,7.63634110925114,34.4494056401515,28.5754157806421,93.1856817670559,7.63634110925114,"F039","P8","P30"
"G32","Y1_L5","L5","Y1","1","B1",2,3,"G3","sparse_prep_MET",1000,571,7.18095217493196,52.0344897358575,32.0069733045398,111.279428648921,7.18095217493196,"F004","P1","P71"
"G73","Y1_L5","L5","Y1","1","B4",8,6,"G4","sparse_prep_MET",1000,572,6.60104046090219,20.6383618435932,34.2502185685469,108.860442461382,6.60104046090219,"F008","P2","P28"
"G608","Y1_L5","L5","Y1","1","B1",1,6,"G5","sparse_prep_MET",1000,573,7.60060571011234,41.1909287968202,28.4896746973004,104.806338091496,7.60060571011234,"F061","P13","P74"
"G270","Y1_L5","L5","Y1","1","B4",7,8,"G6","sparse_prep_MET",1000,574,6.60515545195924,27.2199027830634,30.2808704713463,108.835055758963,6.60515545195924,"F027","P6","P47"
"G483","Y1_L5","L5","Y1","1","B3",6,4,"G7","sparse_prep_MET",1000,575,7.26430282484729,34.6740824730671,31.4847641331467,115.31507883669,7.26430282484729,"F049","P10","P41"
"G877","Y1_L5","L5","Y1","1","B2",3,5,"G8","sparse_prep_MET",1000,576,7.78603058054787,50.0601343420023,26.0542879754569,108.828267660064,7.78603058054787,"F088","P18","P63"
"G743","Y1_L5","L5","Y1","1","B2",4,7,"G9","sparse_prep_MET",1000,577,6.36421075949184,38.8886516142287,32.9353159475269,118.808094668127,6.36421075949184,"F075","P15","P79"
"G988","Y1_L5","L5","Y1","1","B2",4,8,"G10","sparse_prep_MET",1000,578,6.95795637775105,37.0176442130321,37.3839678628754,123.327654784605,6.95795637775105,"F099","P20","P25"
"G333","Y1_L5","L5","Y1","1","B4",8,1,"G11","sparse_prep_MET",1000,579,7.65781766370139,37.7859998225895,29.8763365228187,100.120621909214,7.65781766370139,"F034","P7","P76"
"G806","Y1_L5","L5","Y1","1","B2",4,6,"G24","sparse_prep_MET",1000,580,6.75387097984101,40.6650236134401,32.1450849280265,113.578526205592,6.75387097984101,"F081","P17","P72"
"G7","Y1_L5","L5","Y1","1","B2",5,3,"G28","sparse_prep_MET",1000,581,6.40313450441948,30.4924973630892,31.7262431963874,94.5425590299942,6.40313450441948,"F001","P1","P32"
"G943","Y1_L5","L5","Y1","1","B3",6,7,"G32","sparse_prep_MET",1000,582,5.10554932757948,44.5722841655125,30.7729513690358,89.5701868365817,5.10554932757948,"F095","P19","P28"
"G747","Y1_L5","L5","Y1","1","B4",8,2,"G49","sparse_prep_MET",1000,583,5.37048499892197,26.9448843127943,32.1452469832396,129.212059555649,5.37048499892197,"F075","P15","P79"
"G846","Y1_L5","L5","Y1","1","B1",2,8,"G73","sparse_prep_MET",1000,584,7.74536164234113,33.8857429037012,33.0180094748759,119.364405300588,7.74536164234113,"F085","P17","P40"
"G448","Y1_L5","L5","Y1","1","B2",3,6,"G76","sparse_prep_MET",1000,585,6.80821918141563,32.9822048575251,33.5876516189492,118.243468543212,6.80821918141563,"F045","P9","P47"
"G353","Y1_L5","L5","Y1","1","B3",6,2,"G103","sparse_prep_MET",1000,586,7.84936102257688,48.1348770316618,32.3074531553015,105.722295061768,7.84936102257688,"F036","P8","P59"
"G786","Y1_L5","L5","Y1","1","B2",3,3,"G105","sparse_prep_MET",1000,587,7.82960093526148,34.7517187740318,33.4357049571543,104.980827122899,7.82960093526148,"F079","P16","P26"
"G982","Y1_L5","L5","Y1","1","B3",6,8,"G112","sparse_prep_MET",1000,588,8.87074358057358,33.9596371377689,37.718648269684,101.857937277667,8.87074358057358,"F099","P20","P25"
"G961","Y1_L5","L5","Y1","1","B4",7,7,"G128","sparse_prep_MET",1000,589,9.5,46.831128039974,30.0519075433786,107.429608492199,9.5,"F097","P20","P78"
"G385","Y1_L5","L5","Y1","1","B3",6,1,"G129","sparse_prep_MET",1000,590,6.95640389910631,34.4307105463955,31.6717130341382,98.6807819343633,6.95640389910631,"F039","P8","P30"
"G398","Y1_L5","L5","Y1","1","B3",5,7,"G140","sparse_prep_MET",1000,591,5.13569885153867,44.7552109383372,27.0674249069894,116.734034564839,5.13569885153867,"F040","P8","P39"
"G828","Y1_L5","L5","Y1","1","B3",7,3,"G146","sparse_prep_MET",1000,592,6.77039723929917,28.4217339437102,31.6526816738532,104.968507077557,6.77039723929917,"F083","P17","P37"
"G103","Y1_L5","L5","Y1","1","B2",4,4,"G172","sparse_prep_MET",1000,593,9.13816218048079,28.6885733175927,33.7219118988554,113.296919107297,9.13816218048079,"F011","P3","P46"
"G172","Y1_L5","L5","Y1","1","B2",3,7,"G210","sparse_prep_MET",1000,594,8.68151244421004,32.945796978866,29.9002009787137,117.605149541212,8.68151244421004,"F018","P4","P71"
"G6","Y1_L5","L5","Y1","1","B2",3,8,"G264","sparse_prep_MET",1000,595,5.53769282458469,46.278804791349,27.8241107281047,97.3522189916917,5.53769282458469,"F001","P1","P32"
"G140","Y1_L5","L5","Y1","1","B2",4,1,"G270","sparse_prep_MET",1000,596,8.35782759994688,46.7549468981265,32.8615855061057,102.626184453833,8.35782759994688,"F014","P3","P36"
"G663","Y1_L5","L5","Y1","1","B1",3,1,"G272","sparse_prep_MET",1000,597,7.39820904534142,31.6287997790397,34.062289536436,100.757709173728,7.39820904534142,"F067","P14","P21"
"G901","Y1_L5","L5","Y1","1","B2",4,2,"G313","sparse_prep_MET",1000,598,7.31849277822773,32.6369218472002,30.0949511787887,100.286554256678,7.31849277822773,"F091","P19","P26"
"G28","Y1_L5","L5","Y1","1","B1",1,4,"G333","sparse_prep_MET",1000,599,8.09203105482281,39.7341651145918,29.339506582232,89.3046174264325,8.09203105482281,"F003","P1","P24"
"G636","Y1_L5","L5","Y1","1","B2",5,2,"G353","sparse_prep_MET",1000,600,6.67158387234889,42.4000300050545,27.7662513855973,114.210613252117,6.67158387234889,"F064","P13","P79"
"G4","Y1_L5","L5","Y1","1","B2",4,9,"G381","sparse_prep_MET",1000,601,5.89426733439243,34.1179797301747,30.4107483394204,104.290307620383,5.89426733439243,"F001","P1","P32"
"G105","Y1_L5","L5","Y1","1","B2",4,3,"G385","sparse_prep_MET",1000,602,6.91075690494081,26.5354065270471,35.0339368499342,113.96481220167,6.91075690494081,"F011","P3","P46"
"G817","Y1_L5","L5","Y1","1","B2",4,5,"G388","sparse_prep_MET",1000,603,6.9622552930775,33.7589408962157,29.5612856609394,110.51386966663,6.9622552930775,"F082","P17","P44"
"G313","Y1_L5","L5","Y1","1","B1",1,9,"G398","sparse_prep_MET",1000,604,7.35098669855291,34.8120995288652,26.8122310456144,110.305280483038,7.35098669855291,"F032","P7","P42"
"G915","Y1_L5","L5","Y1","1","B2",3,4,"G442","sparse_prep_MET",1000,605,8.77157304993037,25.2545326788969,32.8117571570229,107.547271584999,8.77157304993037,"F092","P19","P41"
"G264","Y1_L5","L5","Y1","1","B3",7,6,"G448","sparse_prep_MET",1000,606,7.44473968968376,31.2604633520478,27.4368697474368,107.587324989107,7.44473968968376,"F027","P6","P47"
"G210","Y1_L5","L5","Y1","1","B4",8,4,"G453","sparse_prep_MET",1000,607,5.88472762838668,17.965012774631,25,94.2120707822464,5.88472762838668,"F021","P5","P80"
"G927","Y1_L5","L5","Y1","1","B4",8,3,"G483","sparse_prep_MET",1000,608,6.78039634435121,33.7730112958915,32.8929592242255,110.059959127396,6.78039634435121,"F093","P19","P26"
"G128","Y1_L5","L5","Y1","1","B1",2,5,"G526","sparse_prep_MET",1000,609,9.5,40.2354587315791,35.5798362953691,111.961220608014,9.5,"F013","P3","P54"
"G1","Y1_L5","L5","Y1","1","B1",2,2,"G530","sparse_prep_MET",1000,610,6.14901300184691,38.4218750661964,25,106.269465063313,6.14901300184691,"F001","P1","P32"
"G272","Y1_L5","L5","Y1","1","B4",7,9,"G596","sparse_prep_MET",1000,611,6.83692949224493,29.3626115643421,32.2747047248945,123.418570336101,6.83692949224493,"F028","P6","P46"
"G5","Y1_L5","L5","Y1","1","B2",3,9,"G608","sparse_prep_MET",1000,612,5.8433401538186,25.8174650786576,29.4960354344471,98.246143148849,5.8433401538186,"F001","P1","P32"
"G872","Y1_L5","L5","Y1","1","B3",6,6,"G624","sparse_prep_MET",1000,613,7.14257120124303,49.2108069897407,25,99.822421252963,7.14257120124303,"F088","P18","P63"
"G442","Y1_L5","L5","Y1","1","B3",5,5,"G631","sparse_prep_MET",1000,614,5.24292952318894,44.0191245607572,32.1868318406746,120.43368760839,5.24292952318894,"F045","P9","P47"
"G8","Y1_L5","L5","Y1","1","B1",2,7,"G636","sparse_prep_MET",1000,615,7.09594284619929,33.3837778996655,29.9563049310806,102.008538541716,7.09594284619929,"F001","P1","P32"
"G11","Y1_L5","L5","Y1","1","B1",1,3,"G663","sparse_prep_MET",1000,616,8.79439414106256,47.8928455164512,31.3350481902032,97.871362421103,8.79439414106256,"F002","P1","P36"
"G792","Y1_L5","L5","Y1","1","B3",7,5,"G696","sparse_prep_MET",1000,617,6.34042393741155,34.3970276977827,34.271171168011,101.705954261971,6.34042393741155,"F080","P16","P77"
"G381","Y1_L5","L5","Y1","1","B1",2,6,"G743","sparse_prep_MET",1000,618,9.5,28.8372940231649,27.4898288897373,112.512330475877,9.5,"F039","P8","P30"
"G146","Y1_L5","L5","Y1","1","B1",1,1,"G747","sparse_prep_MET",1000,619,6.62766116656324,40.8089091063682,32.2221690771842,90.0343961969158,6.62766116656324,"F015","P3","P42"
"G3","Y1_L5","L5","Y1","1","B1",1,7,"G786","sparse_prep_MET",1000,620,6.52451266275914,31.743732261603,31.0324599381521,105.136059014954,6.52451266275914,"F001","P1","P32"
"G526","Y1_L5","L5","Y1","1","B3",6,9,"G792","sparse_prep_MET",1000,621,6.2004520690445,36.1981648223166,26.4909768784454,100.486671107635,6.2004520690445,"F053","P11","P31"
"G24","Y1_L5","L5","Y1","1","B1",2,4,"G806","sparse_prep_MET",1000,622,8.49777079581639,54.6134811950448,25,102.992552900169,8.49777079581639,"F003","P1","P24"
"G9","Y1_L5","L5","Y1","1","B3",7,4,"G817","sparse_prep_MET",1000,623,5.84692792244453,29.6925137741811,29.2205578058935,117.088995647954,5.84692792244453,"F001","P1","P32"
"G530","Y1_L5","L5","Y1","1","B1",3,2,"G828","sparse_prep_MET",1000,624,6.44060842556266,40.440996826803,30.1899878476678,114.978545703327,6.44060842556266,"F053","P11","P31"
"G596","Y1_L5","L5","Y1","1","B4",8,8,"G829","sparse_prep_MET",1000,625,7.66227338168571,21.7051437909648,35.5058705509838,105.406883105023,7.66227338168571,"F060","P12","P77"
"G940","Y1_L5","L5","Y1","1","B1",1,8,"G841","sparse_prep_MET",1000,626,6.07112293720813,37.0650803706239,25,101.802741193268,6.07112293720813,"F094","P19","P75"
"G2","Y1_L5","L5","Y1","1","B3",7,2,"G846","sparse_prep_MET",1000,627,7.71869486692673,45.3059200118838,27.3747162035348,114.073559941782,7.71869486692673,"F001","P1","P32"
"G624","Y1_L5","L5","Y1","1","B3",5,8,"G850","sparse_prep_MET",1000,628,7.43345341465615,33.528491633042,32.6606028320303,105.360235641559,7.43345341465615,"F063","P13","P25"
"G49","Y1_L5","L5","Y1","1","B4",8,7,"G872","sparse_prep_MET",1000,629,4.37692060253393,36.3656829953476,27.6517588257175,118.162880243506,4.37692060253393,"F005","P1","P46"
"G829","Y1_L5","L5","Y1","1","B4",8,5,"G877","sparse_prep_MET",1000,630,4.59274785388798,23.2645636699016,29.6941933849922,104.45067854128,4.59274785388798,"F083","P17","P37"
"G631","Y1_L5","L5","Y1","1","B2",5,1,"G901","sparse_prep_MET",1000,631,7.43591200855859,28.6641958206848,34.0690718120452,110.244446652562,7.43591200855859,"F064","P13","P79"
"G841","Y1_L5","L5","Y1","1","B3",5,9,"G915","sparse_prep_MET",1000,632,6.46604673008805,43.8420072148016,32.376567558544,111.159944453723,6.46604673008805,"F085","P17","P40"
"G129","Y1_L5","L5","Y1","1","B3",7,1,"G927","sparse_prep_MET",1000,633,7.80670303324734,38.2616709981402,32.6952352793444,122.510023877866,7.80670303324734,"F013","P3","P54"
"G10","Y1_L5","L5","Y1","1","B3",6,5,"G940","sparse_prep_MET",1000,634,6.46294423041453,42.1119122141034,28.3607196281805,103.588402231105,6.46294423041453,"F001","P1","P32"
"G850","Y1_L5","L5","Y1","1","B1",2,9,"G943","sparse_prep_MET",1000,635,5.97626766111752,39.4285703819985,26.3504997803707,110.713209524035,5.97626766111752,"F085","P17","P40"
"G453","Y1_L5","L5","Y1","1","B1",1,2,"G961","sparse_prep_MET",1000,636,7.0944491887584,36.3473001564436,26.7101175138416,100.049936786731,7.0944491887584,"F046","P10","P44"
"G696","Y1_L5","L5","Y1","1","B2",5,4,"G963","sparse_prep_MET",1000,637,7.35767255008768,31.7922718080169,31.8669314708233,98.606508254377,7.35767255008768,"F070","P14","P33"
"G963","Y1_L5","L5","Y1","1","B3",6,3,"G982","sparse_prep_MET",1000,638,5.99485589829586,37.6298655026505,35.6105288248088,104.003606843693,5.99485589829586,"F097","P20","P78"
"G112","Y1_L5","L5","Y1","1","B3",5,6,"G988","sparse_prep_MET",1000,639,6.66387106932727,48.7136698573995,33.2229616337532,115.500241780187,6.66387106932727,"F012","P3","P41"
"G215","Y2_L5","L5","Y2","1","B2",4,6,"G1","sparse_prep_MET",1000,640,7.46253044093877,41.9932372020223,32.5655181624418,113.352559264806,7.46253044093877,"F022","P5","P44"
"G760","Y2_L5","L5","Y2","1","B1",1,5,"G2","sparse_prep_MET",1000,641,9.11535053631455,33.3157618223409,30.0044863837146,96.4688780378478,9.11535053631455,"F076","P16","P34"
"G625","Y2_L5","L5","Y2","1","B2",3,8,"G3","sparse_prep_MET",1000,642,7.9699950416675,35.2191334997114,31.1771873800068,121.183411164787,7.9699950416675,"F063","P13","P25"
"G372","Y2_L5","L5","Y2","1","B3",6,4,"G4","sparse_prep_MET",1000,643,7.24016085330539,39.3384734956255,33.9492119907058,121.095221081382,7.24016085330539,"F038","P8","P47"
"G174","Y2_L5","L5","Y2","1","B3",5,9,"G5","sparse_prep_MET",1000,644,8.34145330802321,42.700236137784,32.6084610790125,115.571251361078,8.34145330802321,"F018","P4","P71"
"G336","Y2_L5","L5","Y2","1","B3",7,4,"G6","sparse_prep_MET",1000,645,7.51891025322944,47.5849168658909,27.7894431456137,116.96350136394,7.51891025322944,"F034","P7","P76"
"G9","Y2_L5","L5","Y2","1","B1",2,9,"G7","sparse_prep_MET",1000,646,7.03410360643853,44.6708068117671,25,113.028811648335,7.03410360643853,"F001","P1","P32"
"G514","Y2_L5","L5","Y2","1","B3",6,8,"G8","sparse_prep_MET",1000,647,5.56508755148003,42.6748567810652,30.8003696901391,120.238255240088,5.56508755148003,"F052","P11","P43"
"G218","Y2_L5","L5","Y2","1","B4",8,5,"G9","sparse_prep_MET",1000,648,5.56000361837524,46.7739689220406,31.4169549093917,105.914329540983,5.56000361837524,"F022","P5","P44"
"G853","Y2_L5","L5","Y2","1","B1",2,4,"G10","sparse_prep_MET",1000,649,7.94166907084056,36.1282996217702,33.745757628519,120.762205383328,7.94166907084056,"F086","P18","P41"
"G580","Y2_L5","L5","Y2","1","B3",5,7,"G11","sparse_prep_MET",1000,650,9.5,30.797106601999,29.0603576831936,113.52037127906,9.5,"F058","P12","P53"
"G6","Y2_L5","L5","Y2","1","B3",5,8,"G14","sparse_prep_MET",1000,651,6.75857093418408,42.7011340020272,31.3052667587535,106.546415993348,6.75857093418408,"F001","P1","P32"
"G10","Y2_L5","L5","Y2","1","B3",7,3,"G30","sparse_prep_MET",1000,652,7.424748081074,42.0780449151069,32.7408902336686,101.496418185964,7.424748081074,"F001","P1","P32"
"G833","Y2_L5","L5","Y2","1","B2",4,8,"G98","sparse_prep_MET",1000,653,5.80868136314386,24.6527475065837,30.1490504117449,105.717337553091,5.80868136314386,"F084","P17","P52"
"G156","Y2_L5","L5","Y2","1","B4",8,8,"G156","sparse_prep_MET",1000,654,7.13511117524933,38.8035058448028,28.8754481733916,91.2655919837186,7.13511117524933,"F016","P4","P56"
"G194","Y2_L5","L5","Y2","1","B1",1,2,"G169","sparse_prep_MET",1000,655,5.81498818275859,38.327383810377,26.7873051034336,113.364253443235,5.81498818275859,"F020","P4","P52"
"G11","Y2_L5","L5","Y2","1","B3",6,2,"G174","sparse_prep_MET",1000,656,8.01780222296931,47.9694676351611,32.1696195731121,113.853117960182,8.01780222296931,"F002","P1","P36"
"G1000","Y2_L5","L5","Y2","1","B4",8,3,"G194","sparse_prep_MET",1000,657,8.08740589491479,36.5553397282547,30.4184154620241,113.039310701887,8.08740589491479,"F100","P20","P33"
"G994","Y2_L5","L5","Y2","1","B1",2,1,"G195","sparse_prep_MET",1000,658,4.4740087880096,44.4120489328841,29.6852898975038,106.798849404494,4.4740087880096,"F100","P20","P33"
"G281","Y2_L5","L5","Y2","1","B1",2,5,"G211","sparse_prep_MET",1000,659,6.89548086261138,41.7880177181009,31.3939392858479,112.29453602823,6.89548086261138,"F029","P6","P76"
"G546","Y2_L5","L5","Y2","1","B1",2,2,"G215","sparse_prep_MET",1000,660,7.87839477892931,41.5527930030781,32.7449647136633,130,7.87839477892931,"F055","P11","P29"
"G900","Y2_L5","L5","Y2","1","B3",6,6,"G218","sparse_prep_MET",1000,661,8.3408883304842,44.0119044788148,30.8407448722052,113.465101196419,8.3408883304842,"F090","P18","P71"
"G169","Y2_L5","L5","Y2","1","B3",5,5,"G272","sparse_prep_MET",1000,662,6.11503424592817,42.7004287269039,34.4542974973364,116.617753715866,6.11503424592817,"F017","P4","P54"
"G873","Y2_L5","L5","Y2","1","B4",8,1,"G281","sparse_prep_MET",1000,663,8.71199152579798,37.8559668652501,25,89.8588551501104,8.71199152579798,"F088","P18","P63"
"G211","Y2_L5","L5","Y2","1","B3",6,1,"G303","sparse_prep_MET",1000,664,7.48338053186733,49.380421183746,27.5173429388687,109.297488398727,7.48338053186733,"F022","P5","P44"
"G764","Y2_L5","L5","Y2","1","B4",8,4,"G336","sparse_prep_MET",1000,665,9.5,34.8821829982272,34.3698494328743,120.041055128573,9.5,"F077","P16","P65"
"G430","Y2_L5","L5","Y2","1","B3",7,6,"G351","sparse_prep_MET",1000,666,8.69028665597219,43.1189867748329,32.6854004151927,118.983101283703,8.69028665597219,"F043","P9","P22"
"G493","Y2_L5","L5","Y2","1","B1",1,9,"G372","sparse_prep_MET",1000,667,8.75737464374821,42.5936624923868,30.06348024649,108.721914026619,8.75737464374821,"F050","P10","P69"
"G475","Y2_L5","L5","Y2","1","B1",1,8,"G378","sparse_prep_MET",1000,668,9.42085108710259,38.4372454442997,29.4913300466272,122.869943006009,9.42085108710259,"F048","P10","P41"
"G351","Y2_L5","L5","Y2","1","B2",3,6,"G430","sparse_prep_MET",1000,669,7.44297112872652,49.2265487143159,31.943154687345,116.607155762371,7.44297112872652,"F036","P8","P59"
"G5","Y2_L5","L5","Y2","1","B2",4,9,"G462","sparse_prep_MET",1000,670,6.08185075121398,31.0889206121745,30.826698691915,107.553843114089,6.08185075121398,"F001","P1","P32"
"G881","Y2_L5","L5","Y2","1","B1",2,8,"G475","sparse_prep_MET",1000,671,9.5,39.825315730654,34.3522328866112,121.133150209806,9.5,"F089","P18","P37"
"G272","Y2_L5","L5","Y2","1","B2",4,2,"G479","sparse_prep_MET",1000,672,6.90958006084757,42.8432892938484,36.9809433635959,106.256086062592,6.90958006084757,"F028","P6","P46"
"G14","Y2_L5","L5","Y2","1","B1",2,7,"G489","sparse_prep_MET",1000,673,5.85479733517851,40.0830791285442,29.5713135884932,113.810430008687,5.85479733517851,"F002","P1","P36"
"G825","Y2_L5","L5","Y2","1","B2",3,3,"G493","sparse_prep_MET",1000,674,7.55799663670031,30.1284484143895,32.4446681678053,104.971488870546,7.55799663670031,"F083","P17","P37"
"G905","Y2_L5","L5","Y2","1","B2",4,7,"G501","sparse_prep_MET",1000,675,6.80641177897726,33.6161430754353,32.6607887021612,118.867240046511,6.80641177897726,"F091","P19","P26"
"G848","Y2_L5","L5","Y2","1","B3",6,9,"G505","sparse_prep_MET",1000,676,7.50378797322227,35.9613929513998,31.3696438685225,117.880162689954,7.50378797322227,"F085","P17","P40"
"G2","Y2_L5","L5","Y2","1","B4",8,6,"G514","sparse_prep_MET",1000,677,5.73963058558389,41.4974646316493,28.0300182641614,118.793373537939,5.73963058558389,"F001","P1","P32"
"G3","Y2_L5","L5","Y2","1","B4",8,7,"G516","sparse_prep_MET",1000,678,6.4680272306756,37.733823517263,32.3399584383111,108.086806405285,6.4680272306756,"F001","P1","P32"
"G722","Y2_L5","L5","Y2","1","B3",5,6,"G531","sparse_prep_MET",1000,679,5.79980059723845,51.2251711440692,32.9969361471649,100.108047519317,5.79980059723845,"F073","P15","P44"
"G644","Y2_L5","L5","Y2","1","B1",1,4,"G544","sparse_prep_MET",1000,680,8.40026071719011,35.4628387596125,34.8433535729316,111.641870325097,8.40026071719011,"F065","P13","P71"
"G516","Y2_L5","L5","Y2","1","B2",4,3,"G546","sparse_prep_MET",1000,681,6.83470800985874,47.8514756096091,32.1923847098483,107.477121544089,6.83470800985874,"F052","P11","P43"
"G505","Y2_L5","L5","Y2","1","B3",6,3,"G552","sparse_prep_MET",1000,682,8.01108330931256,39.5940488381501,31.5131857277335,110.175440637677,8.01108330931256,"F051","P11","P56"
"G479","Y2_L5","L5","Y2","1","B2",4,5,"G572","sparse_prep_MET",1000,683,7.52507647260212,24.8065728637083,37.2226645713924,116.728757710314,7.52507647260212,"F048","P10","P41"
"G462","Y2_L5","L5","Y2","1","B1",1,3,"G580","sparse_prep_MET",1000,684,9.5,32.73750986694,32.9729029025062,111.936756087888,9.5,"F047","P10","P22"
"G619","Y2_L5","L5","Y2","1","B4",8,2,"G587","sparse_prep_MET",1000,685,8.72520755625224,37.1733739798388,31.7602242146525,113.426149564826,8.72520755625224,"F062","P13","P40"
"G8","Y2_L5","L5","Y2","1","B1",1,1,"G614","sparse_prep_MET",1000,686,7.18474923978365,40.5406524903338,33.3152485226032,112.146484079426,7.18474923978365,"F001","P1","P32"
"G587","Y2_L5","L5","Y2","1","B2",3,4,"G619","sparse_prep_MET",1000,687,8.00522406913963,36.3964964017137,37.7838150804316,114.646699219627,8.00522406913963,"F059","P12","P74"
"G728","Y2_L5","L5","Y2","1","B3",6,5,"G625","sparse_prep_MET",1000,688,5.54850972683726,53.8573715077264,27.6397280546174,109.205765400954,5.54850972683726,"F073","P15","P44"
"G894","Y2_L5","L5","Y2","1","B2",4,4,"G640","sparse_prep_MET",1000,689,6.49310831361409,47.6742230522115,33.2426592078162,104.954621475142,6.49310831361409,"F090","P18","P71"
"G378","Y2_L5","L5","Y2","1","B4",7,8,"G644","sparse_prep_MET",1000,690,6.4374638658606,41.3559580475383,37.3473714103961,114.048815645847,6.4374638658606,"F038","P8","P47"
"G489","Y2_L5","L5","Y2","1","B1",3,1,"G648","sparse_prep_MET",1000,691,8.71481345444919,34.1913478657128,28.2883597551887,111.57160503736,8.71481345444919,"F049","P10","P41"
"G531","Y2_L5","L5","Y2","1","B2",3,7,"G697","sparse_prep_MET",1000,692,7.79904290148145,41.1478820865373,32.4765368997702,116.536018525523,7.79904290148145,"F054","P11","P80"
"G501","Y2_L5","L5","Y2","1","B4",7,7,"G722","sparse_prep_MET",1000,693,5.78059097401289,49.5469990386709,25.8363447125391,101.636251462452,5.78059097401289,"F051","P11","P56"
"G30","Y2_L5","L5","Y2","1","B4",7,9,"G728","sparse_prep_MET",1000,694,8.33944548569691,26.0619447944253,25,114.696433191703,8.33944548569691,"F003","P1","P24"
"G640","Y2_L5","L5","Y2","1","B1",1,6,"G737","sparse_prep_MET",1000,695,6.33254872232347,39.5492700352409,26.7505537632876,120.840942007382,6.33254872232347,"F064","P13","P79"
"G737","Y2_L5","L5","Y2","1","B3",7,1,"G760","sparse_prep_MET",1000,696,9.20256606800463,41.7345279221288,36.5265259611947,122.802959101944,9.20256606800463,"F074","P15","P36"
"G812","Y2_L5","L5","Y2","1","B1",2,3,"G764","sparse_prep_MET",1000,697,7.01872559760954,39.7185487944104,30.5885248110734,95.0159990219617,7.01872559760954,"F082","P17","P44"
"G544","Y2_L5","L5","Y2","1","B2",4,1,"G812","sparse_prep_MET",1000,698,8.06221424376484,41.9043910650905,35.500909488382,122.963354285894,8.06221424376484,"F055","P11","P29"
"G1","Y2_L5","L5","Y2","1","B3",6,7,"G825","sparse_prep_MET",1000,699,5.33399808653772,35.3063949140827,26.0295066720567,108.749113558146,5.33399808653772,"F001","P1","P32"
"G7","Y2_L5","L5","Y2","1","B3",7,2,"G833","sparse_prep_MET",1000,700,5.85275836906696,34.4887572752697,35.1016616841109,104.872495315175,5.85275836906696,"F001","P1","P32"
"G98","Y2_L5","L5","Y2","1","B1",3,2,"G843","sparse_prep_MET",1000,701,9.26239386182859,36.3634930222791,32.0528481218716,123.802773789071,9.26239386182859,"F010","P2","P30"
"G195","Y2_L5","L5","Y2","1","B2",5,3,"G848","sparse_prep_MET",1000,702,5.70734775948553,38.690118190229,25,93.7969313845473,5.70734775948553,"F020","P4","P52"
"G4","Y2_L5","L5","Y2","1","B2",5,1,"G853","sparse_prep_MET",1000,703,7.93376177068308,42.9881844998259,33.5350799356523,104.112159686358,7.93376177068308,"F001","P1","P32"
"G572","Y2_L5","L5","Y2","1","B2",5,2,"G873","sparse_prep_MET",1000,704,9.5,41.1224664907183,31.7342268494873,118.221135646735,9.5,"F058","P12","P53"
"G648","Y2_L5","L5","Y2","1","B1",2,6,"G881","sparse_prep_MET",1000,705,7.24609131400253,35.5501787268754,27.305870602224,99.8426909991634,7.24609131400253,"F065","P13","P71"
"G614","Y2_L5","L5","Y2","1","B2",3,9,"G894","sparse_prep_MET",1000,706,8.15154348140032,29.7311941999082,32.8062143302206,103.302615965403,8.15154348140032,"F062","P13","P40"
"G552","Y2_L5","L5","Y2","1","B3",7,5,"G900","sparse_prep_MET",1000,707,6.60314612039156,30.7082646527299,39.6360663379665,122.612771365489,6.60314612039156,"F056","P12","P70"
"G697","Y2_L5","L5","Y2","1","B1",1,7,"G905","sparse_prep_MET",1000,708,5.91796517613543,45.1896075879915,25,95.3715891988,5.91796517613543,"F070","P14","P33"
"G303","Y2_L5","L5","Y2","1","B2",3,5,"G994","sparse_prep_MET",1000,709,7.09886779662344,35.8926235559714,32.7144052721679,119.697123137966,7.09886779662344,"F031","P7","P37"
"G843","Y2_L5","L5","Y2","1","B2",5,4,"G1000","sparse_prep_MET",1000,710,4.98516387771193,36.036064517379,39.6084283522808,126.54400521491,4.98516387771193,"F085","P17","P40"
"G5","Y1_L2","L2","Y1","2","B1",2,5,"G938","sparse_prep_MET",1000,711,7.4566063122811,22.4644672307761,29.9448980606864,84.5608906657314,7.4566063122811,"F001","P1","P32"
"G351","Y2_L5","L5","Y2","2","B1",3,6,"G430","sparse_prep_MET",1000,712,7.46138369951149,47.3024581416584,31.4117903063988,106.91600052644,7.46138369951149,"F036","P8","P59"
"G153","Y1_L1","L1","Y1","2","B1",1,5,"G626","sparse_prep_MET",1000,713,7.93560366967426,12.2050308066205,25,90.9101609193187,7.93560366967426,"F016","P4","P56"
"G625","Y2_L5","L5","Y2","2","B1",3,3,"G3","sparse_prep_MET",1000,714,8.55640421428465,32.5956544431578,34.2003656891455,113.552306005734,8.55640421428465,"F063","P13","P25"
"G2","Y1_L3","L3","Y1","2","B1",2,5,"G571","sparse_prep_MET",1000,715,8.08732404484687,34.8727768598871,25.3645437732506,85.7234409786788,8.08732404484687,"F001","P1","P32"
"G879","Y2_L4","L4","Y2","2","B2",4,4,"G962","sparse_prep_MET",1000,716,9.21161275642416,34.2667425688254,30.9208969251894,87.2387873039872,9.21161275642416,"F088","P18","P63"
"G84","Y1_L1","L1","Y1","2","B1",1,4,"G341","sparse_prep_MET",1000,717,8.05418667611866,13.5241666399038,35.0938426675775,112.650789438969,8.05418667611866,"F009","P2","P73"
"G783","Y2_L1","L1","Y2","2","B2",5,1,"G330","sparse_prep_MET",1000,718,8.38912320619561,40.8444759987312,33.6298732400097,106.439394757447,8.38912320619561,"F079","P16","P26"
"G734","Y1_L1","L1","Y1","2","B2",5,2,"G581","sparse_prep_MET",1000,719,7.87472549510454,40.9532492940397,38.5707819135606,105.36517200483,7.87472549510454,"F074","P15","P36"
"G668","Y1_L3","L3","Y1","2","B1",1,5,"G512","sparse_prep_MET",1000,720,5.997803775203,28.904056595904,30.3712095070753,95.7531777809983,5.997803775203,"F067","P14","P21"
"G742","Y1_L2","L2","Y1","2","B2",5,5,"G7","sparse_prep_MET",1000,721,6.6362430236572,34.7095231070597,31.095848916409,112.501106553922,6.6362430236572,"F075","P15","P79"
"G174","Y2_L5","L5","Y2","2","B1",2,5,"G5","sparse_prep_MET",1000,722,7.91699696437645,36.9709670059727,32.6427099058263,118.834417278937,7.91699696437645,"F018","P4","P71"
"G528","Y1_L1","L1","Y1","2","B2",5,5,"G23","sparse_prep_MET",1000,723,7.50336358436796,18.4371612774845,31.9442927964374,97.5095588108274,7.50336358436796,"F053","P11","P31"
"G357","Y2_L2","L2","Y2","2","B1",3,3,"G14","sparse_prep_MET",1000,724,7.74325264405548,26.1344242004482,25.4206963720165,94.8026735082572,7.74325264405548,"F036","P8","P59"
"G640","Y2_L3","L3","Y2","2","B1",4,5,"G253","sparse_prep_MET",1000,725,6.75676062009905,30.7491666498491,25.9084682797612,110.450707100357,6.75676062009905,"F064","P13","P79"
"G8","Y1_L5","L5","Y1","2","B1",3,3,"G636","sparse_prep_MET",1000,726,6.42327530194037,30.4012604772012,30.9125319907816,110.799085774485,6.42327530194037,"F001","P1","P32"
"G261","Y2_L3","L3","Y2","2","B1",2,1,"G788","sparse_prep_MET",1000,727,4.51445772082278,20.3215186660068,32.3808259340933,119.244948396052,4.51445772082278,"F027","P6","P47"
"G902","Y2_L3","L3","Y2","2","B2",5,3,"G223","sparse_prep_MET",1000,728,8.28175587165289,24.0569192210184,32.7051070357352,107.749801723681,8.28175587165289,"F091","P19","P26"
"G605","Y2_L4","L4","Y2","2","B2",5,1,"G960","sparse_prep_MET",1000,729,7.60000630850566,36.5526885132656,25.8264206787127,97.00185652413,7.60000630850566,"F061","P13","P74"
"G143","Y1_L2","L2","Y1","2","B2",6,4,"G127","sparse_prep_MET",1000,730,6.89853426849143,37.5305222926857,28.714578479382,84.1430784558374,6.89853426849143,"F015","P3","P42"
"G344","Y2_L3","L3","Y2","2","B1",1,2,"G944","sparse_prep_MET",1000,731,8.044958018528,20.8998141691209,26.3258049583658,115.630462761115,8.044958018528,"F035","P7","P21"
"G6","Y2_L5","L5","Y2","2","B1",2,4,"G14","sparse_prep_MET",1000,732,6.59649467677646,38.9059840862939,28.6685345493036,108.794390387717,6.59649467677646,"F001","P1","P32"
"G462","Y2_L5","L5","Y2","2","B1",4,1,"G580","sparse_prep_MET",1000,733,8.79538296974657,31.0434045824006,35.7846229844979,106.082033889858,8.79538296974657,"F047","P10","P22"
"G476","Y2_L3","L3","Y2","2","B1",3,4,"G249","sparse_prep_MET",1000,734,7.50691795467362,19.7147706263151,26.0386495337664,95.7735208827767,7.50691795467362,"F048","P10","P41"
"G195","Y2_L5","L5","Y2","2","B2",4,5,"G848","sparse_prep_MET",1000,735,5.53188575143792,39.0192236916497,25,96.453672080018,5.53188575143792,"F020","P4","P52"
"G726","Y2_L3","L3","Y2","2","B2",5,4,"G184","sparse_prep_MET",1000,736,8.03448419420836,25.4514588448347,32.6688311000032,102.568765514934,8.03448419420836,"F073","P15","P44"
"G567","Y1_L4","L4","Y1","2","B2",5,1,"G847","sparse_prep_MET",1000,737,9.39068495757897,23.9577060082778,32.5504959480127,96.9800867145927,9.39068495757897,"F057","P12","P48"
"G32","Y1_L5","L5","Y1","2","B1",1,3,"G3","sparse_prep_MET",1000,738,6.10113497982001,58.8511172765108,34.5985559959942,117.280650317318,6.10113497982001,"F004","P1","P71"
"G3","Y1_L1","L1","Y1","2","B2",5,4,"G84","sparse_prep_MET",1000,739,6.23390498376162,24.7995800986772,28.6184700704677,86.5154942381391,6.23390498376162,"F001","P1","P32"
"G10","Y1_L4","L4","Y1","2","B1",1,4,"G519","sparse_prep_MET",1000,740,5.35614345033413,37.1330167763943,29.8519057621372,90.935016889076,5.35614345033413,"F001","P1","P32"
"G46","Y1_L3","L3","Y1","2","B2",4,2,"G36","sparse_prep_MET",1000,741,6.71975225979642,23.6899075054963,28.284565988339,91.0651831810364,6.71975225979642,"F005","P1","P46"
"G825","Y2_L5","L5","Y2","2","B1",3,1,"G493","sparse_prep_MET",1000,742,7.68414905547611,31.4233881083387,30.3737153531508,111.069699800792,7.68414905547611,"F083","P17","P37"
"G64","Y1_L4","L4","Y1","2","B1",3,1,"G21","sparse_prep_MET",1000,743,6.1205863745982,40.8320096240037,25.9171092424978,105.446286028317,6.1205863745982,"F007","P2","P44"
"G278","Y2_L4","L4","Y2","2","B1",4,1,"G174","sparse_prep_MET",1000,744,6.78420619104777,23.5764164880066,30.5287163102473,103.133208402782,6.78420619104777,"F028","P6","P46"
"G360","Y2_L1","L1","Y2","2","B1",2,5,"G469","sparse_prep_MET",1000,745,7.92890096006529,40.1235589023328,30.0420049702606,101.269355746185,7.92890096006529,"F036","P8","P59"
"G52","Y2_L2","L2","Y2","2","B1",2,4,"G723","sparse_prep_MET",1000,746,7.19787873355353,17.65463604202,30.5394384951456,95.8595073002667,7.19787873355353,"F006","P2","P61"
"G134","Y2_L2","L2","Y2","2","B1",4,3,"G8","sparse_prep_MET",1000,747,8.16519397108175,54.1661971548982,30.7549764687527,98.3172543437268,8.16519397108175,"F014","P3","P36"
"G262","Y2_L2","L2","Y2","2","B1",1,4,"G555","sparse_prep_MET",1000,748,6.33538602989163,23.2202357085904,30.7526003133033,106.21128177146,6.33538602989163,"F027","P6","P47"
"G737","Y2_L5","L5","Y2","2","B2",4,6,"G760","sparse_prep_MET",1000,749,9.1326238893886,43.8949448190182,36.4759479614386,117.909970005281,9.1326238893886,"F074","P15","P36"
"G7","Y2_L2","L2","Y2","2","B1",2,5,"G48","sparse_prep_MET",1000,750,6.33368969978216,17.2774733810893,30.2568220595675,96.4430679030412,6.33368969978216,"F001","P1","P32"
"G766","Y1_L1","L1","Y1","2","B1",2,3,"G635","sparse_prep_MET",1000,751,8.59476496371489,29.0437014322094,30.9564858092223,98.0364071001194,8.59476496371489,"F077","P16","P65"
"G387","Y1_L2","L2","Y1","2","B2",6,1,"G387","sparse_prep_MET",1000,752,6.7556893317204,38.2355783564747,31.530484967379,96.7316512126853,6.7556893317204,"F039","P8","P30"
"G957","Y1_L4","L4","Y1","2","B1",3,3,"G639","sparse_prep_MET",1000,753,5.66963532940622,37.1360730534652,29.4777715569326,95.1816449740747,5.66963532940622,"F096","P20","P44"
"G610","Y2_L2","L2","Y2","2","B1",1,2,"G664","sparse_prep_MET",1000,754,7.0998796311626,22.1619392262052,30.414480141264,104.476148222369,7.0998796311626,"F061","P13","P74"
"G536","Y1_L1","L1","Y1","2","B2",6,4,"G265","sparse_prep_MET",1000,755,5.08364207400825,16.5137683624169,28.2611784571642,108.343411438318,5.08364207400825,"F054","P11","P80"
"G892","Y2_L2","L2","Y2","2","B1",3,2,"G148","sparse_prep_MET",1000,756,8.01750763987545,24.7152916791292,37.3693319272338,108.494929155296,8.01750763987545,"F090","P18","P71"
"G943","Y1_L5","L5","Y1","2","B1",2,5,"G32","sparse_prep_MET",1000,757,5.66777003707858,41.4794055214421,28.8864820526868,105.523757937877,5.66777003707858,"F095","P19","P28"
"G103","Y1_L5","L5","Y1","2","B1",1,4,"G172","sparse_prep_MET",1000,758,8.91317334797337,26.2517193370553,31.5950546624812,119.020773826652,8.91317334797337,"F011","P3","P46"
"G836","Y1_L4","L4","Y1","2","B1",4,2,"G293","sparse_prep_MET",1000,759,5.35666791348739,32.7424815130828,25.7649358316017,110.076127469608,5.35666791348739,"F084","P17","P52"
"G648","Y2_L5","L5","Y2","2","B1",3,5,"G881","sparse_prep_MET",1000,760,7.76854781333338,32.8300164387194,29.6211034397072,106.383037600637,7.76854781333338,"F065","P13","P71"
"G138","Y1_L4","L4","Y1","2","B1",1,1,"G290","sparse_prep_MET",1000,761,8.00688469834404,38.5598779305905,30.2234345348032,116.635106967016,8.00688469834404,"F014","P3","P36"
"G381","Y1_L5","L5","Y1","2","B2",4,3,"G743","sparse_prep_MET",1000,762,9.33829875950071,31.4315594185184,30.383354619622,123.991389482308,9.33829875950071,"F039","P8","P30"
"G821","Y1_L4","L4","Y1","2","B1",1,5,"G4","sparse_prep_MET",1000,763,6.65210329468389,16.0398988178173,32.2327221179662,109.89406207954,6.65210329468389,"F083","P17","P37"
"G4","Y1_L5","L5","Y1","2","B1",4,2,"G381","sparse_prep_MET",1000,764,6.02689332408402,42.0192018503548,34.8970157853975,104.037068107091,6.02689332408402,"F001","P1","P32"
"G962","Y2_L4","L4","Y2","2","B1",2,2,"G743","sparse_prep_MET",1000,765,7.92051744746409,35.1649079465246,34.9511452977376,115.274790095351,7.92051744746409,"F097","P20","P78"
"G411","Y2_L2","L2","Y2","2","B2",5,2,"G420","sparse_prep_MET",1000,766,8.966680679651,21.812818419997,32.4467352251367,107.252168345228,8.966680679651,"F042","P9","P26"
"G947","Y1_L1","L1","Y1","2","B1",1,7,"G247","sparse_prep_MET",1000,767,8.88163990167694,7.29228494135154,28.899130060698,92.5621971382481,8.88163990167694,"F095","P19","P28"
"G30","Y2_L5","L5","Y2","2","B1",1,1,"G728","sparse_prep_MET",1000,768,7.94450998316058,32.6228545015295,27.9872960841187,119.994043110674,7.94450998316058,"F003","P1","P24"
"G148","Y2_L2","L2","Y2","2","B2",5,1,"G691","sparse_prep_MET",1000,769,9.5,20.5868689973003,34.2669279859228,90.9952008094648,9.5,"F015","P3","P42"
"G747","Y1_L5","L5","Y1","2","B1",2,4,"G49","sparse_prep_MET",1000,770,6.1778595692303,29.014400265588,35.6934262357193,119.958413273362,6.1778595692303,"F075","P15","P79"
"G354","Y2_L4","L4","Y2","2","B1",2,6,"G145","sparse_prep_MET",1000,771,7.37856321547824,26.564715034925,29.3312731883336,91.4265704244784,7.37856321547824,"F036","P8","P59"
"G188","Y2_L1","L1","Y2","2","B1",2,2,"G188","sparse_prep_MET",1000,772,5.97246536534151,43.2335530192674,27.5457893788218,95.9109645882083,5.97246536534151,"F019","P4","P62"
"G718","Y1_L2","L2","Y1","2","B1",1,3,"G415","sparse_prep_MET",1000,773,7.25876839891114,30.9738558785723,29.9306591006377,106.273390411859,7.25876839891114,"F072","P15","P53"
"G850","Y1_L3","L3","Y1","2","B2",4,7,"G750","sparse_prep_MET",1000,774,6.52236482855801,30.3756657109213,25,112.379007468926,6.52236482855801,"F085","P17","P40"
"G146","Y1_L5","L5","Y1","2","B1",2,6,"G747","sparse_prep_MET",1000,775,6.38859753920595,39.7416996399321,32.6560593671486,89.9813663064171,6.38859753920595,"F015","P3","P42"
"G368","Y2_L4","L4","Y2","2","B1",2,5,"G335","sparse_prep_MET",1000,776,8.66930765455852,21.3361496317006,31.061747408789,113.487079270301,8.66930765455852,"F037","P8","P53"
"G826","Y1_L1","L1","Y1","2","B1",3,3,"G153","sparse_prep_MET",1000,777,7.60254394616852,11.6225790062004,33.1650444722673,108.547967866266,7.60254394616852,"F083","P17","P37"
"G614","Y2_L5","L5","Y2","2","B2",5,2,"G894","sparse_prep_MET",1000,778,8.10623853474415,31.7356535981107,33.1064540455682,109.762704604609,8.10623853474415,"F062","P13","P40"
"G118","Y2_L4","L4","Y2","2","B1",4,2,"G470","sparse_prep_MET",1000,779,8.85841137755676,34.0342551741543,28.2639355045606,110.477457237683,8.85841137755676,"F012","P3","P41"
"G1","Y1_L5","L5","Y1","2","B2",4,6,"G530","sparse_prep_MET",1000,780,5.96117386247076,33.762414906679,26.5370290065108,106.901620439833,5.96117386247076,"F001","P1","P32"
"G485","Y2_L4","L4","Y2","2","B1",1,4,"G878","sparse_prep_MET",1000,781,8.34438776387613,24.9081777395713,36.7869110858666,114.318951457103,8.34438776387613,"F049","P10","P41"
"G10","Y1_L3","L3","Y1","2","B2",6,1,"G3","sparse_prep_MET",1000,782,7.10936747467039,35.6323849436571,26.2497187780059,93.3089771512483,7.10936747467039,"F001","P1","P32"
"G845","Y1_L3","L3","Y1","2","B2",4,1,"G486","sparse_prep_MET",1000,783,6.41593800301335,21.8508700322798,27.8724456218579,112.063983896165,6.41593800301335,"F085","P17","P40"
"G669","Y1_L1","L1","Y1","2","B1",3,2,"G8","sparse_prep_MET",1000,784,8.6023751414922,25.8963978520246,30.0682753118263,107.331371626885,8.6023751414922,"F067","P14","P21"
"G4","Y2_L4","L4","Y2","2","B1",3,5,"G857","sparse_prep_MET",1000,785,5.18849923725035,31.1299370948763,32.0635450421271,92.4714015665136,5.18849923725035,"F001","P1","P32"
"G478","Y1_L2","L2","Y1","2","B2",4,3,"G694","sparse_prep_MET",1000,786,7.63645601875762,28.4007590333032,32.1655565098789,101.817404353767,7.63645601875762,"F048","P10","P41"
"G555","Y2_L2","L2","Y2","2","B1",4,5,"G335","sparse_prep_MET",1000,787,7.64031384279657,22.2880158027772,25.1543592441767,84.544983378669,7.64031384279657,"F056","P12","P70"
"G631","Y1_L3","L3","Y1","2","B2",5,6,"G746","sparse_prep_MET",1000,788,7.10502343559002,21.1763384078724,25.4153098020992,106.854861990734,7.10502343559002,"F064","P13","P79"
"G469","Y2_L1","L1","Y2","2","B1",4,1,"G240","sparse_prep_MET",1000,789,8.01545727708255,37.3823336051303,33.2388463759228,85.6435256862338,8.01545727708255,"F047","P10","P22"
"G9","Y1_L5","L5","Y1","2","B1",3,6,"G817","sparse_prep_MET",1000,790,6.68402315271639,36.7313467717935,25,119.02548802908,6.68402315271639,"F001","P1","P32"
"G820","Y1_L2","L2","Y1","2","B2",5,2,"G520","sparse_prep_MET",1000,791,5.9137755902531,18.0841898114291,29.2733575529585,87.5129384483115,5.9137755902531,"F082","P17","P44"
"G7","Y2_L1","L1","Y2","2","B1",3,1,"G347","sparse_prep_MET",1000,792,8.24494852638824,32.4794095019144,34.4670769856585,97.539781507646,8.24494852638824,"F001","P1","P32"
"G839","Y1_L2","L2","Y1","2","B2",6,3,"G917","sparse_prep_MET",1000,793,8.02228723320949,29.7252593868566,25,92.5368867819863,8.02228723320949,"F084","P17","P52"
"G112","Y1_L5","L5","Y1","2","B1",4,1,"G988","sparse_prep_MET",1000,794,9.39228619866889,48.5636407432616,35.3883601938776,115.904432254245,9.39228619866889,"F012","P3","P41"
"G681","Y1_L1","L1","Y1","2","B2",4,4,"G681","sparse_prep_MET",1000,795,6.89855671458228,25.4829655378951,28.7408563709205,95.8347993470419,6.89855671458228,"F069","P14","P67"
"G426","Y1_L4","L4","Y1","2","B1",4,1,"G50","sparse_prep_MET",1000,796,8.36756853367485,32.7053284638884,28.4414632970709,95.8055081393119,8.36756853367485,"F043","P9","P22"
"G242","Y2_L1","L1","Y2","2","B1",4,5,"G972","sparse_prep_MET",1000,797,8.71342031275045,32.9725152684802,29.3134507574563,97.0813566727574,8.71342031275045,"F025","P5","P64"
"G3","Y2_L4","L4","Y2","2","B1",3,4,"G219","sparse_prep_MET",1000,798,6.33065212816641,25.5741162923119,33.3338152861353,102.658331754866,6.33065212816641,"F001","P1","P32"
"G8","Y2_L1","L1","Y2","2","B1",4,2,"G768","sparse_prep_MET",1000,799,7.63533845681378,35.4150340075227,31.9202573240395,101.240710344256,7.63533845681378,"F001","P1","P32"
"G724","Y2_L3","L3","Y2","2","B1",4,4,"G724","sparse_prep_MET",1000,800,6.82201553732095,33.3925061728218,33.4627550122779,107.625858059439,6.82201553732095,"F073","P15","P44"
"G226","Y1_L3","L3","Y1","2","B1",1,3,"G248","sparse_prep_MET",1000,801,5.31409371372947,21.7049134710564,28.1050392105878,102.568744163598,5.31409371372947,"F023","P5","P47"
"G8","Y1_L4","L4","Y1","2","B1",2,3,"G136","sparse_prep_MET",1000,802,6.56234939355483,24.0494552662474,27.5951906741173,97.0931060650964,6.56234939355483,"F001","P1","P32"
"G1","Y1_L3","L3","Y1","2","B1",1,2,"G6","sparse_prep_MET",1000,803,6.02477867862508,20.3746834173536,25.2265996910907,92.8850286739841,6.02477867862508,"F001","P1","P32"
"G437","Y2_L1","L1","Y2","2","B1",1,4,"G983","sparse_prep_MET",1000,804,8.56773090769721,27.9035331230828,32.2756374944719,106.254396206939,8.56773090769721,"F044","P9","P26"
"G453","Y1_L5","L5","Y1","2","B2",5,3,"G961","sparse_prep_MET",1000,805,7.27842233383809,38.5332303985117,27.0383738205699,102.642881931632,7.27842233383809,"F046","P10","P44"
"G633","Y2_L2","L2","Y2","2","B2",5,3,"G471","sparse_prep_MET",1000,806,8.56666204177576,18.1114508803098,27.4902791755368,111.472406430965,8.56666204177576,"F064","P13","P79"
"G818","Y1_L4","L4","Y1","2","B1",3,5,"G2","sparse_prep_MET",1000,807,5.31646454841074,30.2597140888056,29.350713761907,102.385929148626,5.31646454841074,"F082","P17","P44"
"G19","Y1_L1","L1","Y1","2","B1",2,5,"G273","sparse_prep_MET",1000,808,7.3180411445547,31.7047454264811,32.4020444014543,94.1031665991531,7.3180411445547,"F002","P1","P36"
"G512","Y1_L3","L3","Y1","2","B1",1,6,"G249","sparse_prep_MET",1000,809,5.14827902523344,26.2175495102503,27.4272806877201,115.400886641372,5.14827902523344,"F052","P11","P43"
"G983","Y2_L1","L1","Y2","2","B1",1,2,"G386","sparse_prep_MET",1000,810,7.57786299348917,30.1990261980219,29.7600921039377,108.605193575689,7.57786299348917,"F099","P20","P25"
"G493","Y2_L5","L5","Y2","2","B1",4,2,"G372","sparse_prep_MET",1000,811,9.5,39.4795331533333,36.8747397976188,105.630195684094,9.5,"F050","P10","P69"
"G156","Y2_L5","L5","Y2","2","B2",5,1,"G156","sparse_prep_MET",1000,812,7.2255796442959,46.8763868216728,31.4143645018415,82.3770040109771,7.2255796442959,"F016","P4","P56"
"G2","Y2_L3","L3","Y2","2","B1",2,3,"G731","sparse_prep_MET",1000,813,6.05596521536167,33.7302968839011,27.8583782239193,90.9434535088966,6.05596521536167,"F001","P1","P32"
"G828","Y1_L5","L5","Y1","2","B1",2,1,"G146","sparse_prep_MET",1000,814,6.34041698174431,33.6305983228134,33.9832988380342,105.067895338574,6.34041698174431,"F083","P17","P37"
"G2","Y2_L5","L5","Y2","2","B1",2,3,"G514","sparse_prep_MET",1000,815,7.36395931242066,43.8574561206526,31.7290958545768,100.499034202083,7.36395931242066,"F001","P1","P32"
"G137","Y2_L4","L4","Y2","2","B1",3,6,"G973","sparse_prep_MET",1000,816,8.43941257261377,42.2326576209405,30.1569486845916,109.346078150466,8.43941257261377,"F014","P3","P36"
"G10","Y1_L1","L1","Y1","2","B1",1,3,"G385","sparse_prep_MET",1000,817,7.4325807399567,32.0262112936143,31.3511469254418,103.005582545267,7.4325807399567,"F001","P1","P32"
"G83","Y1_L2","L2","Y1","2","B2",5,6,"G993","sparse_prep_MET",1000,818,8.17980741924069,8.8983265644575,30.0198079118703,108.898750069828,8.17980741924069,"F009","P2","P73"
"G3","Y1_L2","L2","Y1","2","B1",1,1,"G478","sparse_prep_MET",1000,819,8.5835208777764,25.6470153959611,27.0400322919223,87.48889431479,8.5835208777764,"F001","P1","P32"
"G111","Y2_L1","L1","Y2","2","B1",3,5,"G360","sparse_prep_MET",1000,820,8.40619496997195,29.6949486689256,33.5031730232917,110.062094632612,8.40619496997195,"F012","P3","P41"
"G934","Y1_L2","L2","Y1","2","B1",3,2,"G230","sparse_prep_MET",1000,821,5.68292078749652,28.0137941600049,25,88.7922895800937,5.68292078749652,"F094","P19","P75"
"G318","Y1_L3","L3","Y1","2","B1",2,3,"G1","sparse_prep_MET",1000,822,5.603377928792,33.171393047941,25,104.809273033681,5.603377928792,"F032","P7","P42"
"G170","Y1_L4","L4","Y1","2","B1",2,1,"G821","sparse_prep_MET",1000,823,6.50615056176681,27.4186599598893,33.871576692515,100.725419924973,6.50615056176681,"F017","P4","P54"
"G10","Y1_L5","L5","Y1","2","B1",3,4,"G940","sparse_prep_MET",1000,824,7.12746315073214,50.9340674916003,29.7525401929979,117.787217523771,7.12746315073214,"F001","P1","P32"
"G565","Y1_L3","L3","Y1","2","B1",1,1,"G269","sparse_prep_MET",1000,825,8.28991092234415,21.8894308287252,25.2072182506421,113.155034379259,8.28991092234415,"F057","P12","P48"
"G986","Y1_L2","L2","Y1","2","B2",4,5,"G3","sparse_prep_MET",1000,826,8.90579576892252,15.7528295965204,32.0443323335968,104.27582984586,8.90579576892252,"F099","P20","P25"
"G51","Y2_L4","L4","Y2","2","B1",1,2,"G602","sparse_prep_MET",1000,827,6.15634668516545,30.8509624660016,27.8495928741501,97.1208934777644,6.15634668516545,"F006","P2","P61"
"G868","Y1_L3","L3","Y1","2","B1",3,3,"G924","sparse_prep_MET",1000,828,6.3945404360047,34.1470420752555,28.0475599664671,87.3873693094038,6.3945404360047,"F087","P18","P80"
"G563","Y1_L3","L3","Y1","2","B2",5,7,"G133","sparse_prep_MET",1000,829,6.98813596142123,40.4388587529978,28.7904591050462,105.277636393054,6.98813596142123,"F057","P12","P48"
"G636","Y1_L5","L5","Y1","2","B1",1,2,"G353","sparse_prep_MET",1000,830,8.33618231695905,43.375333280592,27.0708358605423,112.039489563173,8.33618231695905,"F064","P13","P79"
"G440","Y1_L1","L1","Y1","2","B1",2,6,"G228","sparse_prep_MET",1000,831,6.9794423110392,22.5490775657492,32.8229914980928,110.629408769648,6.9794423110392,"F044","P9","P26"
"G960","Y2_L4","L4","Y2","2","B2",5,3,"G632","sparse_prep_MET",1000,832,6.10444119249465,37.2804568333191,34.3982356200133,114.110929370125,6.10444119249465,"F096","P20","P44"
"G833","Y2_L4","L4","Y2","2","B2",5,6,"G203","sparse_prep_MET",1000,833,5.63366296668463,18.1696569334229,32.5660331046803,104.8255818164,5.63366296668463,"F084","P17","P52"
"G40","Y2_L3","L3","Y2","2","B1",1,3,"G902","sparse_prep_MET",1000,834,4,30.5058380100388,30.8693826119498,108.445773721979,4,"F004","P1","P71"
"G455","Y1_L3","L3","Y1","2","B2",5,4,"G257","sparse_prep_MET",1000,835,7.17386743418228,49.3509905983924,34.5708061212654,100.42505717176,7.17386743418228,"F046","P10","P44"
"G838","Y1_L3","L3","Y1","2","B1",1,7,"G888","sparse_prep_MET",1000,836,5.74055457486458,10.94263915628,27.7247587439452,105.550316591904,5.74055457486458,"F084","P17","P52"
"G276","Y1_L3","L3","Y1","2","B2",4,4,"G519","sparse_prep_MET",1000,837,7.50656886802543,18.1275326010763,28.0595561688262,112.519571131194,7.50656886802543,"F028","P6","P46"
"G744","Y2_L4","L4","Y2","2","B2",5,2,"G480","sparse_prep_MET",1000,838,7.1045835871232,30.6104788346303,26.6075083768246,98.2945602214558,7.1045835871232,"F075","P15","P79"
"G883","Y2_L3","L3","Y2","2","B1",2,2,"G702","sparse_prep_MET",1000,839,6.17398498432551,18.3275480922722,33.8258908747371,108.453108920999,6.17398498432551,"F089","P18","P37"
"G279","Y1_L1","L1","Y1","2","B2",4,7,"G449","sparse_prep_MET",1000,840,8.41802050685255,14.1863475617658,31.650268054952,104.149448288931,8.41802050685255,"F028","P6","P46"
"G963","Y1_L5","L5","Y1","2","B1",1,5,"G982","sparse_prep_MET",1000,841,7.20116477239382,33.2740535293491,35.4499580224543,113.56178367349,7.20116477239382,"F097","P20","P78"
"G66","Y2_L1","L1","Y2","2","B1",3,4,"G9","sparse_prep_MET",1000,842,5.52186807184012,23.9179490668072,26.5598195862356,98.6935039105316,5.52186807184012,"F007","P2","P44"
"G11","Y1_L1","L1","Y1","2","B2",5,3,"G642","sparse_prep_MET",1000,843,7.93982257161854,31.9191861036351,31.9441134783536,85.7790771224772,7.93982257161854,"F002","P1","P36"
"G347","Y2_L1","L1","Y2","2","B1",2,4,"G3","sparse_prep_MET",1000,844,8.73022545810692,30.5491718930283,29.0492025734365,115.564318787396,8.73022545810692,"F035","P7","P21"
"G800","Y2_L3","L3","Y2","2","B1",2,4,"G261","sparse_prep_MET",1000,845,7.97056764450842,31.5278543980965,32.2048846412816,106.101682655972,7.97056764450842,"F080","P16","P77"
"G50","Y1_L4","L4","Y1","2","B1",1,2,"G976","sparse_prep_MET",1000,846,4.65617490839776,30.2038932047867,25,110.324670486766,4.65617490839776,"F005","P1","P46"
"G9","Y1_L2","L2","Y1","2","B2",4,6,"G9","sparse_prep_MET",1000,847,6.13454824920975,29.9486371263801,28.6946094906048,102.371659211611,6.13454824920975,"F001","P1","P32"
"G997","Y1_L2","L2","Y1","2","B1",2,4,"G803","sparse_prep_MET",1000,848,8.12255544781398,24.2524350390973,25.7452873214871,99.7244817507174,8.12255544781398,"F100","P20","P33"
"G288","Y1_L2","L2","Y1","2","B1",4,1,"G955","sparse_prep_MET",1000,849,6.86743428183043,19.947890752108,30.3304942000381,88.6674686547978,6.86743428183043,"F029","P6","P76"
"G397","Y2_L3","L3","Y2","2","B1",4,1,"G1","sparse_prep_MET",1000,850,4.14781694306238,38.7972257089045,25,106.766093065798,4.14781694306238,"F040","P8","P39"
"G114","Y1_L3","L3","Y1","2","B2",5,1,"G886","sparse_prep_MET",1000,851,8.57716275254285,33.6222692848755,29.3089165285943,103.256262348098,8.57716275254285,"F012","P3","P41"
"G790","Y2_L2","L2","Y2","2","B1",3,1,"G790","sparse_prep_MET",1000,852,8.40316483720249,39.5305411800626,25.7564853853461,84.3278901028444,8.40316483720249,"F079","P16","P26"
"G11","Y1_L2","L2","Y1","2","B1",2,2,"G235","sparse_prep_MET",1000,853,9.5,33.623088359559,34.170171129421,80.8365919507595,9.5,"F002","P1","P36"
"G179","Y2_L4","L4","Y2","2","B1",2,4,"G368","sparse_prep_MET",1000,854,6.42532506220448,21.8983848725367,30.7995766128013,106.530535927363,6.42532506220448,"F018","P4","P71"
"G309","Y1_L2","L2","Y1","2","B1",2,1,"G574","sparse_prep_MET",1000,855,6.43994137252595,23.4623451949517,26.7509221288909,109.50108768714,6.43994137252595,"F031","P7","P37"
"G872","Y1_L5","L5","Y1","2","B1",1,6,"G624","sparse_prep_MET",1000,856,6.08009872295732,53.9508147090062,25.1718040013169,89.9495167577165,6.08009872295732,"F088","P18","P63"
"G846","Y1_L4","L4","Y1","2","B1",4,5,"G64","sparse_prep_MET",1000,857,5.55449454984249,33.4689729197045,31.0932364999197,109.138408733981,5.55449454984249,"F085","P17","P40"
"G770","Y1_L1","L1","Y1","2","B1",3,4,"G440","sparse_prep_MET",1000,858,9.5,25.4456826928309,31.5665677397703,98.8382856811737,9.5,"F077","P16","P65"
"G248","Y1_L3","L3","Y1","2","B2",6,2,"G336","sparse_prep_MET",1000,859,6.58354376909172,24.4322541557214,27.9919318858433,100.731751425288,6.58354376909172,"F025","P5","P64"
"G2","Y1_L5","L5","Y1","2","B2",4,5,"G846","sparse_prep_MET",1000,860,8.21358007263738,41.5752860434807,28.4383571434354,100.790027450191,8.21358007263738,"F001","P1","P32"
"G178","Y1_L3","L3","Y1","2","B1",2,7,"G9","sparse_prep_MET",1000,861,6.04421396636383,29.8716418817843,30.9605057834101,95.652613099839,6.04421396636383,"F018","P4","P71"
"G398","Y1_L5","L5","Y1","2","B2",4,4,"G140","sparse_prep_MET",1000,862,5.37199434994734,46.4186397168247,27.539151757882,106.674411015299,5.37199434994734,"F040","P8","P39"
"G678","Y2_L3","L3","Y2","2","B1",1,4,"G200","sparse_prep_MET",1000,863,5.50790198860116,24.8436090385533,28.4513830599857,102.815485576843,5.50790198860116,"F068","P14","P49"
"G743","Y2_L4","L4","Y2","2","B1",1,5,"G592","sparse_prep_MET",1000,864,6.00180672836988,22.9917410455606,25.0525872584399,98.3080430090506,6.00180672836988,"F075","P15","P79"
"G694","Y1_L2","L2","Y1","2","B2",5,3,"G8","sparse_prep_MET",1000,865,6.65647104047373,23.5812896893418,28.1518661435848,80,6.65647104047373,"F070","P14","P33"
"G7","Y2_L4","L4","Y2","2","B1",2,1,"G819","sparse_prep_MET",1000,866,6.05869289813797,22.9766545438222,32.3930091473941,93.7275268964992,6.05869289813797,"F001","P1","P32"
"G11","Y1_L5","L5","Y1","2","B1",1,1,"G663","sparse_prep_MET",1000,867,8.72637271212117,44.9975438290981,34.0926427476779,114.511968313357,8.72637271212117,"F002","P1","P36"
"G336","Y2_L5","L5","Y2","2","B1",1,2,"G6","sparse_prep_MET",1000,868,8.61237594424461,38.9015351950554,29.6561193725647,116.147799912773,8.61237594424461,"F034","P7","P76"
"G415","Y1_L2","L2","Y1","2","B2",6,6,"G217","sparse_prep_MET",1000,869,8.4920299112882,21.3341370958508,32.3448179599545,96.3255421485463,8.4920299112882,"F042","P9","P26"
"G209","Y2_L1","L1","Y2","2","B1",2,1,"G312","sparse_prep_MET",1000,870,8.20037132385864,31.1643827138792,33.2120892340506,93.1748136274423,8.20037132385864,"F021","P5","P80"
"G609","Y1_L3","L3","Y1","2","B2",4,6,"G85","sparse_prep_MET",1000,871,6.8099270948977,28.9195863551892,25,90.2351895102743,6.8099270948977,"F061","P13","P74"
"G379","Y2_L2","L2","Y2","2","B1",1,5,"G17","sparse_prep_MET",1000,872,6.25997744013005,21.012732216375,33.9300343361299,101.901270494241,6.25997744013005,"F038","P8","P47"
"G269","Y1_L3","L3","Y1","2","B1",3,1,"G668","sparse_prep_MET",1000,873,6.67832568329943,20.4527651929165,27.1244385205256,103.922037958502,6.67832568329943,"F027","P6","P47"
"G599","Y1_L1","L1","Y1","2","B2",6,2,"G795","sparse_prep_MET",1000,874,8.3669164003144,21.2571130106722,34.567342753626,97.1877022915474,8.3669164003144,"F060","P12","P77"
"G659","Y2_L4","L4","Y2","2","B2",4,6,"G601","sparse_prep_MET",1000,875,7.80541829578684,29.5023056062017,25,105.583407946218,7.80541829578684,"F066","P14","P80"
"G5","Y2_L4","L4","Y2","2","B2",5,5,"G399","sparse_prep_MET",1000,876,6.81064870762252,23.4960384674924,32.962880440948,92.2909226121113,6.81064870762252,"F001","P1","P32"
"G85","Y1_L3","L3","Y1","2","B2",3,7,"G226","sparse_prep_MET",1000,877,7.82523585006851,7.95072981268869,29.1222931685748,104.950972786998,7.82523585006851,"F009","P2","P73"
"G341","Y1_L1","L1","Y1","2","B1",1,1,"G294","sparse_prep_MET",1000,878,9.16916156818736,24.4319034604693,30.6707478061773,130,9.16916156818736,"F035","P7","P21"
"G2","Y1_L2","L2","Y1","2","B2",4,4,"G578","sparse_prep_MET",1000,879,6.83700913038947,40.3254982276428,28.407297696914,80.6871943944326,6.83700913038947,"F001","P1","P32"
"G889","Y2_L1","L1","Y2","2","B1",1,1,"G209","sparse_prep_MET",1000,880,7.17225314560811,30.3542759942385,33.8471735214228,100.323336058004,7.17225314560811,"F089","P18","P37"
"G434","Y1_L1","L1","Y1","2","B2",5,7,"G770","sparse_prep_MET",1000,881,7.4185810811122,28.0415106478266,29.1318115985433,92.9559404363419,7.4185810811122,"F044","P9","P26"
"G349","Y2_L2","L2","Y2","2","B1",2,3,"G280","sparse_prep_MET",1000,882,8.08485775330518,31.6881944959329,27.8196423170768,94.8400487117869,8.08485775330518,"F035","P7","P21"
"G407","Y1_L1","L1","Y1","2","B2",3,7,"G772","sparse_prep_MET",1000,883,8.59036671749937,28.9729487927378,27.9138777725671,99.2339810441853,8.59036671749937,"F041","P9","P75"
"G915","Y1_L5","L5","Y1","2","B1",3,5,"G442","sparse_prep_MET",1000,884,9.5,32.2198234139595,32.8332626477113,110.757114066852,9.5,"F092","P19","P41"
"G2","Y1_L1","L1","Y1","2","B2",4,3,"G682","sparse_prep_MET",1000,885,6.90721895608362,33.720990402625,26.6307127528178,100.653806550907,6.90721895608362,"F001","P1","P32"
"G8","Y1_L1","L1","Y1","2","B2",4,6,"G5","sparse_prep_MET",1000,886,7.12617405738324,21.1553494090067,29.1747241841589,91.1823880226361,7.12617405738324,"F001","P1","P32"
"G806","Y1_L5","L5","Y1","2","B1",3,2,"G24","sparse_prep_MET",1000,887,7.4824335423022,53.8550722349132,32.1929120445949,120.337538402563,7.4824335423022,"F081","P17","P72"
"G556","Y1_L2","L2","Y1","2","B2",6,5,"G556","sparse_prep_MET",1000,888,7.84362433600169,19.335084712507,29.062048949445,99.7032786223766,7.84362433600169,"F056","P12","P70"
"G783","Y1_L4","L4","Y1","2","B2",5,2,"G583","sparse_prep_MET",1000,889,7.61663230280886,37.0697799107428,29.8465342241172,101.981880764123,7.61663230280886,"F079","P16","P26"
"G4","Y1_L1","L1","Y1","2","B1",3,6,"G684","sparse_prep_MET",1000,890,6.76128483634337,18.7441025465311,28.1678455651351,101.766005282799,6.76128483634337,"F001","P1","P32"
"G80","Y2_L1","L1","Y2","2","B1",3,2,"G929","sparse_prep_MET",1000,891,7.32024882123343,39.2752589222464,25,93.5061061386993,7.32024882123343,"F008","P2","P28"
"G258","Y2_L3","L3","Y2","2","B1",3,2,"G751","sparse_prep_MET",1000,892,8.91439187903824,20.8233567327482,29.3667114579285,115.927077007897,8.91439187903824,"F026","P6","P40"
"G574","Y1_L2","L2","Y1","2","B1",2,3,"G707","sparse_prep_MET",1000,893,8.28526211842224,20.0853238226626,37.9063362018727,107.243833093493,8.28526211842224,"F058","P12","P53"
"G593","Y1_L3","L3","Y1","2","B2",6,3,"G930","sparse_prep_MET",1000,894,9.20870974484404,20.3397541246586,33.4726251912414,106.009066740708,9.20870974484404,"F060","P12","P77"
"G91","Y1_L4","L4","Y1","2","B1",1,3,"G758","sparse_prep_MET",1000,895,8.16868671692752,23.8828425114147,31.9479911635156,103.377450462427,8.16868671692752,"F010","P2","P30"
"G881","Y2_L5","L5","Y2","2","B1",3,2,"G475","sparse_prep_MET",1000,896,9.13222514827476,29.2094122461615,33.3240938075183,121.375100473623,9.13222514827476,"F089","P18","P37"
"G11","Y2_L3","L3","Y2","2","B1",3,5,"G593","sparse_prep_MET",1000,897,6.57115316687037,37.1352253514503,31.283361825496,100.528528793755,6.57115316687037,"F002","P1","P36"
"G587","Y2_L5","L5","Y2","2","B1",1,3,"G619","sparse_prep_MET",1000,898,7.64219797117776,32.4815939472854,37.2051611570686,119.904659977136,7.64219797117776,"F059","P12","P74"
"G76","Y1_L5","L5","Y1","2","B1",2,2,"G1","sparse_prep_MET",1000,899,7.56650788343202,34.7910756695723,30.5140293878567,113.17057048835,7.56650788343202,"F008","P2","P28"
"G566","Y2_L2","L2","Y2","2","B1",2,2,"G411","sparse_prep_MET",1000,900,9.28908017927029,18.7301621507827,29.9211301618786,101.070493338581,9.28908017927029,"F057","P12","P48"
"G174","Y2_L4","L4","Y2","2","B1",1,6,"G2","sparse_prep_MET",1000,901,6.24655832684771,34.8684637717334,33.6848489464257,104.203857141652,6.24655832684771,"F018","P4","P71"
"G994","Y2_L5","L5","Y2","2","B1",2,1,"G195","sparse_prep_MET",1000,902,6.69830644630986,42.3925987671169,29.9147927155086,101.667309241685,6.69830644630986,"F100","P20","P33"
"G1","Y1_L2","L2","Y1","2","B1",3,1,"G611","sparse_prep_MET",1000,903,6.44891851830216,30.5647048997237,26.265756193179,99.3743630157767,6.44891851830216,"F001","P1","P32"
"G399","Y2_L4","L4","Y2","2","B1",3,3,"G314","sparse_prep_MET",1000,904,5.78241788026521,37.9042741703555,29.9286240790491,109.709910627118,5.78241788026521,"F040","P8","P39"
"G10","Y2_L1","L1","Y2","2","B1",4,4,"G5","sparse_prep_MET",1000,905,7.85162171749256,34.2534088819627,32.4890932627586,98.8113172343438,7.85162171749256,"F001","P1","P32"
"G635","Y1_L1","L1","Y1","2","B2",4,5,"G6","sparse_prep_MET",1000,906,7.80436548738067,19.7101807262392,25,101.035644094143,7.80436548738067,"F064","P13","P79"
"G120","Y1_L3","L3","Y1","2","B2",6,4,"G114","sparse_prep_MET",1000,907,7.19785654628296,36.0432290127779,30.0866872680339,114.526352446518,7.19785654628296,"F012","P3","P41"
"G644","Y2_L5","L5","Y2","2","B1",1,5,"G544","sparse_prep_MET",1000,908,7.48859282177794,30.1042068247425,29.0011846272807,115.580075434036,7.48859282177794,"F065","P13","P71"
"G205","Y1_L4","L4","Y1","2","B1",4,3,"G414","sparse_prep_MET",1000,909,6.09127754340969,22.8905624176443,25,94.9515836399854,6.09127754340969,"F021","P5","P80"
"G295","Y2_L1","L1","Y2","2","B1",3,3,"G870","sparse_prep_MET",1000,910,9.2584570994225,25.6695260074962,35.4228314672009,109.624264653516,9.2584570994225,"F030","P6","P80"
"G191","Y1_L4","L4","Y1","2","B1",3,4,"G5","sparse_prep_MET",1000,911,6.14086142806405,24.0649741756578,25,88.1817772865968,6.14086142806405,"F020","P4","P52"
"G11","Y2_L5","L5","Y2","2","B1",1,4,"G174","sparse_prep_MET",1000,912,8.66768382589085,41.8834560002651,35.1132550862511,106.778659052456,8.66768382589085,"F002","P1","P36"
"G394","Y2_L3","L3","Y2","2","B1",3,3,"G657","sparse_prep_MET",1000,913,7.19376806002526,34.809069140243,25,96.3074683084232,7.19376806002526,"F040","P8","P39"
"G338","Y2_L2","L2","Y2","2","B1",3,4,"G566","sparse_prep_MET",1000,914,7.72326599471066,32.8798604440317,27.6405826724947,88.3145347943131,7.72326599471066,"F034","P7","P76"
"G92","Y1_L1","L1","Y1","2","B2",4,1,"G3","sparse_prep_MET",1000,915,8.22398250210111,40.3584969581833,27.9225117942711,83.8732279362792,8.22398250210111,"F010","P2","P30"
"G583","Y1_L3","L3","Y1","2","B1",3,4,"G752","sparse_prep_MET",1000,916,5.78038783111725,24.6257975077538,25,98.8155032589471,5.78038783111725,"F059","P12","P74"
"G702","Y2_L3","L3","Y2","2","B2",5,1,"G314","sparse_prep_MET",1000,917,7.20256684085938,33.2926377928337,34.7219825944581,97.0580175755628,7.20256684085938,"F071","P15","P30"
"G443","Y1_L2","L2","Y1","2","B2",6,2,"G6","sparse_prep_MET",1000,918,7.96549722047603,26.3383917473491,31.9032753733592,103.621149363742,7.96549722047603,"F045","P9","P47"
"G273","Y1_L1","L1","Y1","2","B1",2,2,"G909","sparse_prep_MET",1000,919,7.85108115461809,21.7941553637407,30.6984831903804,111.836673875924,7.85108115461809,"F028","P6","P46"
"G593","Y2_L3","L3","Y2","2","B1",1,5,"G311","sparse_prep_MET",1000,920,7.70455977282755,24.4980845204933,29.842805219333,100.247346536631,7.70455977282755,"F060","P12","P77"
"G707","Y1_L2","L2","Y1","2","B2",5,1,"G820","sparse_prep_MET",1000,921,8.4521654211651,31.503278250502,27.2351104246138,101.285126950949,8.4521654211651,"F071","P15","P30"
"G772","Y1_L1","L1","Y1","2","B1",2,4,"G407","sparse_prep_MET",1000,922,6.80889819001375,17.2566733961928,34.0448328421569,97.3207947831725,6.80889819001375,"F078","P16","P33"
"G366","Y1_L1","L1","Y1","2","B2",6,1,"G279","sparse_prep_MET",1000,923,8.55342458894325,16.1826150703526,29.4133718427715,110.241358384529,8.55342458894325,"F037","P8","P53"
"G930","Y1_L3","L3","Y1","2","B2",4,3,"G893","sparse_prep_MET",1000,924,6.28563547068092,25.8791354589536,25,91.2898580068403,6.28563547068092,"F093","P19","P26"
"G2","Y1_L4","L4","Y1","2","B1",3,2,"G426","sparse_prep_MET",1000,925,6.25778105226322,30.7206301414665,26.2962514178392,96.9776620883019,6.25778105226322,"F001","P1","P32"
"G348","Y1_L3","L3","Y1","2","B1",3,5,"G318","sparse_prep_MET",1000,926,7.84980953122492,16.2903168860537,27.1884321555209,116.220006071412,7.84980953122492,"F035","P7","P21"
"G700","Y1_L2","L2","Y1","2","B1",3,5,"G186","sparse_prep_MET",1000,927,4.11077454772577,24.0068053025259,26.6434906970333,89.8042187030146,4.11077454772577,"F070","P14","P33"
"G768","Y2_L1","L1","Y2","2","B1",4,3,"G200","sparse_prep_MET",1000,928,7.09941690349373,35.2701421703882,30.2210301201205,93.7970388224992,7.09941690349373,"F077","P16","P65"
"G175","Y2_L3","L3","Y2","2","B1",2,5,"G613","sparse_prep_MET",1000,929,6.21033338369559,21.891514516724,26.0480867776068,93.4867617812894,6.21033338369559,"F018","P4","P71"
"G1","Y2_L5","L5","Y2","2","B2",4,4,"G825","sparse_prep_MET",1000,930,5.97663910272526,36.3047219826987,29.1207973207814,111.324523713291,5.97663910272526,"F001","P1","P32"
"G757","Y1_L2","L2","Y1","2","B1",1,5,"G365","sparse_prep_MET",1000,931,6.08951904459372,36.94072423341,25,87.6467160268385,6.08951904459372,"F076","P16","P34"
"G270","Y1_L5","L5","Y1","2","B2",5,4,"G6","sparse_prep_MET",1000,932,8.06099977071068,31.0142129319438,30.6387872361522,117.015068904261,8.06099977071068,"F027","P6","P47"
"G755","Y2_L2","L2","Y2","2","B1",1,1,"G134","sparse_prep_MET",1000,933,8.08816385433301,29.8027921424616,26.9603781702502,82.7114181173929,8.08816385433301,"F076","P16","P34"
"G171","Y1_L3","L3","Y1","2","B1",3,6,"G979","sparse_prep_MET",1000,934,7.47072865079085,18.0544800329308,29.4764623334477,96.5324746559062,7.47072865079085,"F018","P4","P71"
"G15","Y2_L1","L1","Y2","2","B1",1,3,"G518","sparse_prep_MET",1000,935,8.06075357177274,38.7843892452246,32.267147421685,92.1171939043818,8.06075357177274,"F002","P1","P36"
"G194","Y2_L5","L5","Y2","2","B1",1,6,"G169","sparse_prep_MET",1000,936,5.66921764473899,34.0600527963814,25.0739865547161,110.940865226481,5.66921764473899,"F020","P4","P52"
"G145","Y2_L4","L4","Y2","2","B1",1,3,"G775","sparse_prep_MET",1000,937,9.42630354425797,33.6710154877788,31.8527982224992,112.346316501153,9.42630354425797,"F015","P3","P42"
"G559","Y1_L1","L1","Y1","2","B1",3,1,"G29","sparse_prep_MET",1000,938,8.72749739879359,22.6345825951939,32.8164099652448,97.2061623344566,8.72749739879359,"F056","P12","P70"
"G655","Y1_L2","L2","Y1","2","B1",3,6,"G10","sparse_prep_MET",1000,939,7.46435938796345,21.8577952176987,29.6696026988509,94.0421147650531,7.46435938796345,"F066","P14","P80"
"G489","Y2_L5","L5","Y2","2","B1",2,6,"G648","sparse_prep_MET",1000,940,8.44489579944135,25.6705566244453,31.3935339150295,113.569500146719,8.44489579944135,"F049","P10","P41"
"G9","Y2_L1","L1","Y2","2","B1",2,3,"G220","sparse_prep_MET",1000,941,7.81072329594963,37.7232121735036,32.684242645753,101.090676388462,7.81072329594963,"F001","P1","P32"
"G239","Y2_L3","L3","Y2","2","B1",1,1,"G408","sparse_prep_MET",1000,942,4.97807312458921,22.0871312860686,25,90.9889976319788,4.97807312458921,"F024","P5","P67"
"G122","Y1_L4","L4","Y1","2","B1",2,4,"G149","sparse_prep_MET",1000,943,7.07738234970236,32.6997969331185,32.616805492605,108.8768011485,7.07738234970236,"F013","P3","P54"
"G3","Y1_L5","L5","Y1","2","B1",3,1,"G786","sparse_prep_MET",1000,944,6.31418357582177,34.5010011131872,29.2009425953321,105.280684730744,6.31418357582177,"F001","P1","P32"
"G6","Y1_L3","L3","Y1","2","B2",6,5,"G5","sparse_prep_MET",1000,945,6.38390640505025,41.0609885642308,25,101.360148439427,6.38390640505025,"F001","P1","P32"
"G363","Y1_L2","L2","Y1","2","B1",1,4,"G506","sparse_prep_MET",1000,946,6.49512835011727,26.393828501735,29.5427976186001,102.687402083547,6.49512835011727,"F037","P8","P53"
"G662","Y1_L3","L3","Y1","2","B2",5,3,"G7","sparse_prep_MET",1000,947,8.6241897658631,36.1774679067118,25.5895714864042,92.5412354010744,8.6241897658631,"F067","P14","P21"
"G916","Y1_L2","L2","Y1","2","B1",3,4,"G38","sparse_prep_MET",1000,948,8.08795119191973,18.7116995558976,34.7474984832902,107.115777964986,8.08795119191973,"F092","P19","P41"
"G331","Y2_L1","L1","Y2","2","B1",1,5,"G392","sparse_prep_MET",1000,949,9.21227558742977,29.1080153554277,28.2231789776727,104.100768770113,9.21227558742977,"F034","P7","P76"
"G132","Y1_L1","L1","Y1","2","B1",2,7,"G903","sparse_prep_MET",1000,950,9.5,28.495716557765,38.2372597981108,96.1158843957934,9.5,"F014","P3","P36"
"G596","Y1_L5","L5","Y1","2","B1",2,3,"G829","sparse_prep_MET",1000,951,7.06882628121248,33.1885024586522,34.8638406437641,114.029579949126,7.06882628121248,"F060","P12","P77"
"G275","Y2_L4","L4","Y2","2","B1",1,1,"G3","sparse_prep_MET",1000,952,5.48805831201293,29.4468710745023,30.1887373220122,94.6136793423455,5.48805831201293,"F028","P6","P46"
"G667","Y1_L4","L4","Y1","2","B1",2,5,"G8","sparse_prep_MET",1000,953,5.88028225759413,18.0777451851512,29.212073337551,104.206001844021,5.88028225759413,"F067","P14","P21"
"G949","Y1_L4","L4","Y1","2","B1",2,2,"G191","sparse_prep_MET",1000,954,6.78030439877124,22.3541787133179,27.021662168949,101.592038474046,6.78030439877124,"F095","P19","P28"
"G683","Y2_L2","L2","Y2","2","B1",1,3,"G63","sparse_prep_MET",1000,955,5.86917862062985,26.5561068601101,33.8857525502245,97.073326320829,5.86917862062985,"F069","P14","P67"
"G495","Y2_L3","L3","Y2","2","B1",4,2,"G65","sparse_prep_MET",1000,956,8.31838773227647,24.3463492324116,31.1878103424955,105.930463459361,8.31838773227647,"F050","P10","P69"
"G607","Y2_L3","L3","Y2","2","B1",4,3,"G483","sparse_prep_MET",1000,957,7.91676386191146,33.840358536776,28.3296745630442,103.694448736465,7.91676386191146,"F061","P13","P74"
"G232","Y2_L2","L2","Y2","2","B1",4,2,"G577","sparse_prep_MET",1000,958,6.38914002441872,26.9635956324702,27.3136817105144,83.972113219589,6.38914002441872,"F024","P5","P67"
"G642","Y1_L1","L1","Y1","2","B2",6,3,"G669","sparse_prep_MET",1000,959,8.76292861013684,21.3071420493488,27.5547243420639,107.654449209756,8.76292861013684,"F065","P13","P71"
"G67","Y1_L3","L3","Y1","2","B1",1,4,"G178","sparse_prep_MET",1000,960,6.6320773688351,17.8117904332591,26.8471379072306,91.7164653494776,6.6320773688351,"F007","P2","P44"
"G996","Y2_L4","L4","Y2","2","B2",5,4,"G879","sparse_prep_MET",1000,961,5.71351187623231,30.597257050932,29.8786489938844,104.503610643406,5.71351187623231,"F100","P20","P33"
"G4","Y2_L5","L5","Y2","2","B1",3,4,"G853","sparse_prep_MET",1000,962,6.51360742053618,43.6478798689811,31.2726449245733,116.661945165036,6.51360742053618,"F001","P1","P32"
"G774","Y1_L2","L2","Y1","2","B1",4,2,"G997","sparse_prep_MET",1000,963,6.35923110848988,33.6846318489284,29.7189582322439,84.9713086096801,6.35923110848988,"F078","P16","P33"
"G3","Y1_L4","L4","Y1","2","B1",4,4,"G9","sparse_prep_MET",1000,964,6.27555195415148,34.6602556410845,28.6513782974001,93.8764865000438,6.27555195415148,"F001","P1","P32"
"G38","Y1_L2","L2","Y1","2","B1",3,3,"G82","sparse_prep_MET",1000,965,6.70820923708851,27.7399903413914,30.192466170866,111.940091336966,6.70820923708851,"F004","P1","P71"
"G391","Y1_L3","L3","Y1","2","B1",2,1,"G2","sparse_prep_MET",1000,966,5.26671099187967,32.9275892146372,28.9186921759099,91.2331437559228,5.26671099187967,"F040","P8","P39"
"G352","Y1_L2","L2","Y1","2","B1",2,6,"G839","sparse_prep_MET",1000,967,6.01796722433778,28.2150454353559,25.7901821231261,89.9341538972349,6.01796722433778,"F036","P8","P59"
"G948","Y1_L1","L1","Y1","2","B2",5,6,"G536","sparse_prep_MET",1000,968,7.0133001421932,26.0545900367218,30.9706450067573,94.2996123942535,7.0133001421932,"F095","P19","P28"
"G257","Y1_L3","L3","Y1","2","B1",3,2,"G662","sparse_prep_MET",1000,969,7.7187790489887,20.4901389577566,32.8749297564424,96.939252361123,7.7187790489887,"F026","P6","P40"
"G6","Y1_L1","L1","Y1","2","B2",4,2,"G496","sparse_prep_MET",1000,970,7.31155629888644,36.6745077227123,30.0188484481565,100.341649731775,7.31155629888644,"F001","P1","P32"
"G626","Y1_L1","L1","Y1","2","B1",2,1,"G788","sparse_prep_MET",1000,971,8.60863435461937,11.7444825122678,31.5381142032307,96.4665829680004,8.60863435461937,"F063","P13","P25"
"G11","Y2_L4","L4","Y2","2","B1",3,2,"G987","sparse_prep_MET",1000,972,7.28792444074506,34.8101370508899,30.4752530413267,102.385244761763,7.28792444074506,"F002","P1","P36"
"G624","Y1_L5","L5","Y1","2","B2",5,1,"G850","sparse_prep_MET",1000,973,7.64250191374895,33.1564703340977,28.8001344652792,108.214863484844,7.64250191374895,"F063","P13","P25"
"G2","Y2_L2","L2","Y2","2","B1",4,1,"G704","sparse_prep_MET",1000,974,7.0587535981741,36.5441115127609,27.7470298527862,95.869296932588,7.0587535981741,"F001","P1","P32"
"G7","Y1_L2","L2","Y1","2","B2",5,4,"G932","sparse_prep_MET",1000,975,7.20557536806517,31.3922832894964,26.9199468024156,96.7761557285444,7.20557536806517,"F001","P1","P32"
"G637","Y1_L3","L3","Y1","2","B2",5,5,"G276","sparse_prep_MET",1000,976,6.42883405836872,27.3747900175975,28.2735349509719,99.8291370778623,6.42883405836872,"F064","P13","P79"
"G48","Y2_L2","L2","Y2","2","B1",2,1,"G232","sparse_prep_MET",1000,977,6.64140694058035,30.4266831036162,26.635832816688,102.318888202897,6.64140694058035,"F005","P1","P46"
"G992","Y2_L3","L3","Y2","2","B2",5,5,"G932","sparse_prep_MET",1000,978,5.15770369384106,28.256408227914,30.7874772261151,106.6255650737,5.15770369384106,"F100","P20","P33"
"G486","Y1_L3","L3","Y1","2","B1",2,2,"G845","sparse_prep_MET",1000,979,7.08765902493756,25.8806794777135,33.2851307997188,125.473794412615,7.08765902493756,"F049","P10","P41"
"G822","Y1_L1","L1","Y1","2","B2",5,1,"G836","sparse_prep_MET",1000,980,8.59967301536681,22.4157565848889,34.725061865202,98.3626655794658,8.59967301536681,"F083","P17","P37"
"G4","Y2_L2","L2","Y2","2","B1",4,4,"G379","sparse_prep_MET",1000,981,5.90968459031909,30.0516576246153,29.315153480758,95.0549991345109,5.90968459031909,"F001","P1","P32"
"G750","Y1_L3","L3","Y1","2","B1",2,6,"G850","sparse_prep_MET",1000,982,7.24689613059665,29.1923208500853,25,99.4007604258583,7.24689613059665,"F075","P15","P79"
"G909","Y1_L1","L1","Y1","2","B1",1,6,"G599","sparse_prep_MET",1000,983,7.41082895878193,16.1370774061399,33.4790489588124,92.9195763592288,7.41082895878193,"F091","P19","P26"
"G184","Y2_L3","L3","Y2","2","B1",3,1,"G394","sparse_prep_MET",1000,984,5.10917341745571,37.5477027719543,26.3366908894863,99.4515155261777,5.10917341745571,"F019","P4","P62"
"G480","Y2_L4","L4","Y2","2","B1",3,1,"G431","sparse_prep_MET",1000,985,9.5,30.078091165739,38.9035041462073,125.357282639956,9.5,"F048","P10","P41"
"G393","Y2_L2","L2","Y2","2","B1",3,5,"G650","sparse_prep_MET",1000,986,5.1871054819323,23.0852730402613,27.3973578780565,104.507600036792,5.1871054819323,"F040","P8","P39"
"G765","Y1_L3","L3","Y1","2","B1",2,4,"G455","sparse_prep_MET",1000,987,9.09341949375558,23.0295872648388,34.7632850211706,100.609968329501,9.09341949375558,"F077","P16","P65"
"G795","Y1_L1","L1","Y1","2","B1",3,5,"G863","sparse_prep_MET",1000,988,8.20583761990616,21.8246155025255,31.499533584283,117.999470728558,8.20583761990616,"F080","P16","P77"
"G775","Y2_L4","L4","Y2","2","B1",2,3,"G651","sparse_prep_MET",1000,989,6.5465344187241,25.6733700075108,29.7823619571381,105.300572070788,6.5465344187241,"F078","P16","P33"
"G850","Y1_L5","L5","Y1","2","B2",5,2,"G943","sparse_prep_MET",1000,990,6.14775471899729,37.9047959315198,30.6944625745718,111.993125022813,6.14775471899729,"F085","P17","P40"
"G249","Y1_L3","L3","Y1","2","B2",4,5,"G540","sparse_prep_MET",1000,991,7.25285231378443,28.520117611874,26.6387735989159,102.816827188554,7.25285231378443,"F025","P5","P64"
"G7","Y1_L1","L1","Y1","2","B1",1,2,"G559","sparse_prep_MET",1000,992,6.76676524227247,15.7499386936332,32.4253078381946,99.4769714461631,6.76676524227247,"F001","P1","P32"
"G336","Y1_L3","L3","Y1","2","B2",5,2,"G126","sparse_prep_MET",1000,993,8.05985698899276,30.499578221942,26.5244048923715,95.0434650181702,8.05985698899276,"F034","P7","P76"
"G119","Y1_L2","L2","Y1","2","B1",1,6,"G160","sparse_prep_MET",1000,994,9.5,27.2736414351648,30.484489501333,99.14554779669,9.5,"F012","P3","P41"
"G932","Y2_L3","L3","Y2","2","B2",5,2,"G11","sparse_prep_MET",1000,995,5.05067094994063,16.4684133729062,29.6933687096468,103.90506429572,5.05067094994063,"F094","P19","P75"
"G546","Y2_L5","L5","Y2","2","B2",4,3,"G215","sparse_prep_MET",1000,996,8.08057320426944,40.2896948171886,33.5060921887295,121.036428604256,8.08057320426944,"F055","P11","P29"
"G5","Y2_L5","L5","Y2","2","B1",2,2,"G462","sparse_prep_MET",1000,997,6.12044415898259,35.2419279368753,30.7396608913941,108.655589644267,6.12044415898259,"F001","P1","P32"
"G917","Y1_L2","L2","Y1","2","B1",1,2,"G352","sparse_prep_MET",1000,998,8.982308938202,13.9670256749117,28.1210399861501,107.905089333993,8.982308938202,"F092","P19","P41"
"G878","Y2_L4","L4","Y2","2","B2",4,5,"G179","sparse_prep_MET",1000,999,7.59200258987643,38.4298030168756,28.257327967867,85.0243359614671,7.59200258987643,"F088","P18","P63"
"G314","Y2_L4","L4","Y2","2","B2",4,3,"G275","sparse_prep_MET",1000,1000,9.24614159442105,44.4675751763696,31.3256845093806,103.503190273572,9.24614159442105,"F032","P7","P42"
